activist_insight,2026-05-10 01:35:21.070,[dbo].[tblspRaw_old],dbo,tblspRaw_old,1,ClusteredColumnStoreIndex-20230323-150023,CLUSTERED COLUMNSTORE,0,0,0,0,0,NULL,0,PRIMARY,NULL,"spRaw_id, identifier, metric, date, float_value, date_value, pid, symbol, processed, insert_date",0,0,NULL,"date, date_value, float_value, identifier, insert_date, metric, pid, processed, spraw_id, symbol","|date, date_value, float_value, identifier, insert_date, metric, pid, processed, spraw_id, symbol|",1055432758,1,15375.23,0,2,0,115,2,0.02,-113,NULL,2026-06-05 14:07:39.913,NULL,2026-09-01 20:30:12.917,NULL,DROP INDEX [ClusteredColumnStoreIndex-20230323-150023] ON [dbo].[tblspRaw_old];
activist_insight,2026-05-10 01:35:21.070,[dbo].[tblReporting_votes],dbo,tblReporting_votes,1,idx_tblReportingVotes,CLUSTERED,0,0,0,0,0,NULL,0,PRIMARY,"reporting_company_id, reporting_votes_id",NULL,2,8,"reporting_company_id, reporting_votes_id",NULL,"reporting_company_id, reporting_votes_id||",565684151,1,133283.87,12784534,19,568,53129738,12785121,0.24,-40344617,2026-09-02 09:02:52.353,2026-09-01 20:46:39.993,2026-09-02 08:30:33.307,2026-09-02 09:02:53.680,"CREATE CLUSTERED INDEX [idx_tblReportingVotes] ON [dbo].[tblReporting_votes] ([reporting_company_id] ASC, [reporting_votes_id] ASC) WITH (DROP_EXISTING = OFF, ONLINE = ON) ON [PRIMARY];",DROP INDEX [idx_tblReportingVotes] ON [dbo].[tblReporting_votes];
activist_insight,2026-05-10 01:35:21.070,[dbo].[tblReporting_votes],dbo,tblReporting_votes,2,PK_tblReporting_votes,NONCLUSTERED,1,1,0,0,0,NULL,0,PRIMARY,reporting_votes_id,NULL,1,4,reporting_votes_id,NULL,reporting_votes_id||,565684151,1,12787.91,17250,0,0,53129738,17250,0.00,-53112488,2026-09-02 08:59:11.270,NULL,NULL,2026-09-02 09:02:53.680,"CREATE UNIQUE NONCLUSTERED INDEX [PK_tblReporting_votes] ON [dbo].[tblReporting_votes] ([reporting_votes_id] ASC) WITH (DROP_EXISTING = OFF, ONLINE = ON) ON [PRIMARY];","-- Constraint-backed, review before dropping: ALTER TABLE [dbo].[tblReporting_votes] DROP CONSTRAINT [PK_tblReporting_votes];"
activist_insight,2026-05-10 01:35:21.070,[dbo].[tblReporting_votes],dbo,tblReporting_votes,3,idx_tblReportingVotes_reportingvotesid,NONCLUSTERED,0,0,0,0,0,NULL,0,PRIMARY,reporting_votes_id,reporting_company_id,1,4,reporting_votes_id,reporting_company_id,reporting_votes_id|reporting_company_id|,565684151,1,9269.34,745,16,0,53129738,761,0.00,-53128977,2026-09-02 08:30:33.307,2026-09-01 08:35:23.087,NULL,2026-09-02 09:02:53.680,"CREATE NONCLUSTERED INDEX [idx_tblReportingVotes_reportingvotesid] ON [dbo].[tblReporting_votes] ([reporting_votes_id] ASC) INCLUDE (reporting_company_id) WITH (DROP_EXISTING = OFF, ONLINE = ON) ON [PRIMARY];",DROP INDEX [idx_tblReportingVotes_reportingvotesid] ON [dbo].[tblReporting_votes];
activist_insight,2026-05-10 01:35:21.070,[dbo].[tblFeed_data_backup],dbo,tblFeed_data_backup,1,ClusteredIndex-20200130-103543,CLUSTERED,0,0,0,0,0,NULL,0,PRIMARY,feed_id,NULL,1,8,feed_id,NULL,feed_id||,460018874,1,21952.50,0,2,0,0,2,NULL,2,NULL,2026-05-14 10:17:37.353,NULL,NULL,"CREATE CLUSTERED INDEX [ClusteredIndex-20200130-103543] ON [dbo].[tblFeed_data_backup] ([feed_id] DESC) WITH (DROP_EXISTING = OFF, ONLINE = ON) ON [PRIMARY];",DROP INDEX [ClusteredIndex-20200130-103543] ON [dbo].[tblFeed_data_backup];
activist_insight,2026-05-10 01:35:21.070,[dbo].[tblFeed_data_backup],dbo,tblFeed_data_backup,2,feed_idx_table_id_times_feed,NONCLUSTERED,0,0,0,0,0,NULL,0,PRIMARY,"feed_id, times, table_id",NULL,3,20,"feed_id, times, table_id",NULL,"feed_id, times, table_id||",460018874,1,15688.21,0,0,0,0,0,NULL,0,NULL,NULL,NULL,NULL,"CREATE NONCLUSTERED INDEX [feed_idx_table_id_times_feed] ON [dbo].[tblFeed_data_backup] ([feed_id] DESC, [times] DESC, [table_id] ASC) WITH (DROP_EXISTING = OFF, ONLINE = ON) ON [PRIMARY];",DROP INDEX [feed_idx_table_id_times_feed] ON [dbo].[tblFeed_data_backup];
activist_insight,2026-05-10 01:35:21.070,[dbo].[tblFeed_data_backup],dbo,tblFeed_data_backup,4,NonClusteredIndex-20210621-092130,NONCLUSTERED,0,0,0,0,0,NULL,0,PRIMARY,"table_id, times",feed_id,2,12,"table_id, times",feed_id,"table_id, times|feed_id|",460018874,1,15756.14,0,0,0,0,0,NULL,0,NULL,NULL,NULL,NULL,"CREATE NONCLUSTERED INDEX [NonClusteredIndex-20210621-092130] ON [dbo].[tblFeed_data_backup] ([table_id] ASC, [times] DESC) INCLUDE (feed_id) WITH (DROP_EXISTING = OFF, ONLINE = ON) ON [PRIMARY];",DROP INDEX [NonClusteredIndex-20210621-092130] ON [dbo].[tblFeed_data_backup];
activist_insight,2026-05-10 01:35:21.070,[dbo].[tblFeed_data_backup],dbo,tblFeed_data_backup,7,feed_idx_table_id_times,NONCLUSTERED,0,0,0,0,0,NULL,0,PRIMARY,"table_id, times","unique_id, feed_id",2,12,"table_id, times","feed_id, unique_id","table_id, times|feed_id, unique_id|",460018874,1,18309.76,0,0,0,0,0,NULL,0,NULL,NULL,NULL,NULL,"CREATE NONCLUSTERED INDEX [feed_idx_table_id_times] ON [dbo].[tblFeed_data_backup] ([table_id] ASC, [times] ASC) INCLUDE (unique_id, feed_id) WITH (DROP_EXISTING = OFF, ONLINE = ON) ON [PRIMARY];",DROP INDEX [feed_idx_table_id_times] ON [dbo].[tblFeed_data_backup];
activist_insight,2026-05-10 01:35:21.070,[dbo].[tblFeed_data_old],dbo,tblFeed_data_old,1,ClusteredColumnStoreIndex-20190930-085404,CLUSTERED COLUMNSTORE,0,0,0,0,0,NULL,0,PRIMARY,NULL,"feed_id, table_id, unique_id, times, Command",0,0,NULL,"command, feed_id, table_id, times, unique_id","|command, feed_id, table_id, times, unique_id|",378530296,1,4864.45,0,0,0,0,0,NULL,0,NULL,NULL,NULL,NULL,NULL,DROP INDEX [ClusteredColumnStoreIndex-20190930-085404] ON [dbo].[tblFeed_data_old];
activist_insight,2026-05-10 01:35:21.070,[dbo].[tblvoting_import_audit],dbo,tblvoting_import_audit,1,PK_tblvoting_import_audit,CLUSTERED,1,1,0,0,0,NULL,0,PRIMARY,import_audit_id,NULL,1,8,import_audit_id,NULL,import_audit_id||,319163018,1,23974.67,0,2,0,21968280,2,0.00,-21968278,NULL,2026-08-19 13:16:05.770,NULL,2026-09-02 08:57:27.853,"CREATE UNIQUE CLUSTERED INDEX [PK_tblvoting_import_audit] ON [dbo].[tblvoting_import_audit] ([import_audit_id] ASC) WITH (DROP_EXISTING = OFF, ONLINE = ON) ON [PRIMARY];","-- Constraint-backed, review before dropping: ALTER TABLE [dbo].[tblvoting_import_audit] DROP CONSTRAINT [PK_tblvoting_import_audit];"
activist_insight,2026-05-10 01:35:21.070,[dbo].[tblvoting_import_audit],dbo,tblvoting_import_audit,2,IX_tblvoting_import_audit_action_id,NONCLUSTERED,0,0,0,0,0,NULL,0,PRIMARY,"action_id, insert_date",NULL,2,12,"action_id, insert_date",NULL,"action_id, insert_date||",319163018,1,12520.92,0,0,0,21968280,0,0.00,-21968280,NULL,NULL,NULL,2026-09-02 08:57:27.853,"CREATE NONCLUSTERED INDEX [IX_tblvoting_import_audit_action_id] ON [dbo].[tblvoting_import_audit] ([action_id] ASC, [insert_date] ASC) WITH (DROP_EXISTING = OFF, ONLINE = ON) ON [PRIMARY];",DROP INDEX [IX_tblvoting_import_audit_action_id] ON [dbo].[tblvoting_import_audit];
activist_insight,2026-05-10 01:35:21.070,[dbo].[tblvoting_import_audit],dbo,tblvoting_import_audit,3,IX_tblvoting_import_audit_insert_by,NONCLUSTERED,0,0,0,0,0,NULL,0,PRIMARY,"insert_by, insert_date",NULL,2,263,"insert_by, insert_date",NULL,"insert_by, insert_date||",319163018,1,19575.28,0,0,0,21968280,0,0.00,-21968280,NULL,NULL,NULL,2026-09-02 08:57:27.853,"CREATE NONCLUSTERED INDEX [IX_tblvoting_import_audit_insert_by] ON [dbo].[tblvoting_import_audit] ([insert_by] ASC, [insert_date] ASC) WITH (DROP_EXISTING = OFF, ONLINE = ON) ON [PRIMARY];",DROP INDEX [IX_tblvoting_import_audit_insert_by] ON [dbo].[tblvoting_import_audit];
activist_insight,2026-05-10 01:35:21.070,[dbo].[rawImportClarityAI_CompanyMetrics],dbo,rawImportClarityAI_CompanyMetrics,0,NULL,HEAP,0,0,0,0,0,NULL,0,PRIMARY,NULL,NULL,0,0,NULL,NULL,||,186028353,1,22781.02,0,8,0,1861,8,0.00,-1853,NULL,2026-07-24 11:13:13.830,NULL,2026-07-24 11:10:57.163,NULL,NULL
activist_insight,2026-05-10 01:35:21.070,[dbo].[tblStock_values],dbo,tblStock_values,1,cdxStockValues_symboldate,CLUSTERED,1,0,0,0,0,NULL,0,PRIMARY,"symbol, date, stock_value_id",NULL,3,22,"symbol, date, stock_value_id",NULL,"symbol, date, stock_value_id||",154593056,1,15400.97,170258258,27,117,231,170258402,737049.36,170258171,2026-09-02 09:02:53.817,2026-09-01 20:24:44.233,2026-09-02 05:32:52.630,2026-09-02 05:17:30.930,"CREATE UNIQUE CLUSTERED INDEX [cdxStockValues_symboldate] ON [dbo].[tblStock_values] ([symbol] ASC, [date] ASC, [stock_value_id] ASC) WITH (DROP_EXISTING = OFF, ONLINE = ON) ON [PRIMARY];",DROP INDEX [cdxStockValues_symboldate] ON [dbo].[tblStock_values];
activist_insight,2026-05-10 01:35:21.070,[dbo].[tblStock_values],dbo,tblStock_values,3,idxStockValues_date_volume,NONCLUSTERED,0,0,0,0,0,NULL,0,PRIMARY,"date, volume","symbol, close_value",2,11,"date, volume","close_value, symbol","date, volume|close_value, symbol|",154593056,1,6578.43,54129,7280,0,231,61409,265.84,61178,2026-09-02 09:00:29.513,2026-09-02 08:53:50.520,NULL,2026-09-02 05:17:30.930,"CREATE NONCLUSTERED INDEX [idxStockValues_date_volume] ON [dbo].[tblStock_values] ([date] ASC, [volume] ASC) INCLUDE (symbol, close_value) WITH (DROP_EXISTING = OFF, ONLINE = ON) ON [PRIMARY];",DROP INDEX [idxStockValues_date_volume] ON [dbo].[tblStock_values];
activist_insight,2026-05-10 01:35:21.070,[dbo].[tblStock_values],dbo,tblStock_values,4,idxStockValues_csinumber,NONCLUSTERED,0,0,0,0,0,NULL,0,PRIMARY,csi_number,symbol,1,4,csi_number,symbol,csi_number|symbol|,154593056,1,4727.18,297,0,0,231,297,1.29,66,2026-09-02 06:47:57.343,NULL,NULL,2026-09-02 05:17:30.930,"CREATE NONCLUSTERED INDEX [idxStockValues_csinumber] ON [dbo].[tblStock_values] ([csi_number] ASC) INCLUDE (symbol) WITH (DROP_EXISTING = OFF, ONLINE = ON) ON [PRIMARY];",DROP INDEX [idxStockValues_csinumber] ON [dbo].[tblStock_values];
activist_insight,2026-05-10 01:35:21.070,[dbo].[tblStock_values],dbo,tblStock_values,13,PK_tblStock_values,NONCLUSTERED,1,1,0,0,0,NULL,0,PRIMARY,stock_value_id,NULL,1,4,stock_value_id,NULL,stock_value_id||,154593056,1,3853.17,0,349,0,231,349,1.51,118,NULL,2026-09-02 05:34:17.803,NULL,2026-09-02 05:17:30.930,"CREATE UNIQUE NONCLUSTERED INDEX [PK_tblStock_values] ON [dbo].[tblStock_values] ([stock_value_id] ASC) WITH (DROP_EXISTING = OFF, ONLINE = ON) ON [PRIMARY];","-- Constraint-backed, review before dropping: ALTER TABLE [dbo].[tblStock_values] DROP CONSTRAINT [PK_tblStock_values];"
activist_insight,2026-05-10 01:35:21.070,[dbo].[tblStock_values],dbo,tblStock_values,18,idxStockValues_csinumberDate,NONCLUSTERED,0,0,0,0,0,NULL,0,PRIMARY,"csi_number, date",symbol,2,7,"csi_number, date",symbol,"csi_number, date|symbol|",154593056,1,6407.89,0,0,0,231,0,0.00,-231,NULL,NULL,NULL,2026-09-02 05:17:30.930,"CREATE NONCLUSTERED INDEX [idxStockValues_csinumberDate] ON [dbo].[tblStock_values] ([csi_number] ASC, [date] ASC) INCLUDE (symbol) WITH (DROP_EXISTING = OFF, ONLINE = ON) ON [PRIMARY];",DROP INDEX [idxStockValues_csinumberDate] ON [dbo].[tblStock_values];
activist_insight,2026-05-10 01:35:21.070,[dbo].[tblFeed_data],dbo,tblFeed_data,1,CDX_tblFeed_data_table_times_feed,CLUSTERED,0,0,0,0,0,NULL,90,PRIMARY,"table_id, times, feed_id",NULL,3,20,"table_id, times, feed_id",NULL,"table_id, times, feed_id||",141901177,1,3783.12,141215,0,0,44575576,141215,0.00,-44434361,2026-09-02 09:00:38.157,NULL,NULL,2026-09-02 09:02:53.827,"CREATE CLUSTERED INDEX [CDX_tblFeed_data_table_times_feed] ON [dbo].[tblFeed_data] ([table_id] ASC, [times] DESC, [feed_id] DESC) WITH (DROP_EXISTING = OFF, ONLINE = ON, FILLFACTOR = 90) ON [PRIMARY];",DROP INDEX [CDX_tblFeed_data_table_times_feed] ON [dbo].[tblFeed_data];
activist_insight,2026-05-10 01:35:21.070,[dbo].[tblFeed_data],dbo,tblFeed_data,2,PK_tblFeed_data_feed_id,NONCLUSTERED,1,1,0,0,0,NULL,95,PRIMARY,feed_id,NULL,1,8,feed_id,NULL,feed_id||,141901177,1,3333.63,0,4500,0,44575576,4500,0.00,-44571076,NULL,2026-09-02 09:00:39.003,NULL,2026-09-02 09:02:53.827,"CREATE UNIQUE NONCLUSTERED INDEX [PK_tblFeed_data_feed_id] ON [dbo].[tblFeed_data] ([feed_id] ASC) WITH (DROP_EXISTING = OFF, ONLINE = ON, FILLFACTOR = 95) ON [PRIMARY];","-- Constraint-backed, review before dropping: ALTER TABLE [dbo].[tblFeed_data] DROP CONSTRAINT [PK_tblFeed_data_feed_id];"
activist_insight,2026-05-10 01:35:21.070,[dbo].[tblFeed_data],dbo,tblFeed_data,3,IX_tblFeed_data_Covering_Feed_Export,NONCLUSTERED,0,0,0,0,0,NULL,90,PRIMARY,"table_id, Command, feed_id","unique_id, times",3,13,"table_id, command, feed_id","times, unique_id","table_id, command, feed_id|times, unique_id|",141901177,1,3825.15,743076,0,0,44575576,743076,0.02,-43832500,2026-09-02 09:00:20.313,NULL,NULL,2026-09-02 09:02:53.827,"CREATE NONCLUSTERED INDEX [IX_tblFeed_data_Covering_Feed_Export] ON [dbo].[tblFeed_data] ([table_id] ASC, [Command] ASC, [feed_id] ASC) INCLUDE (unique_id, times) WITH (DROP_EXISTING = OFF, ONLINE = ON, FILLFACTOR = 90) ON [PRIMARY];",DROP INDEX [IX_tblFeed_data_Covering_Feed_Export] ON [dbo].[tblFeed_data];
activist_insight,2026-05-10 01:35:21.070,[dbo].[tblFeed_data],dbo,tblFeed_data,4,IX_tblFeed_data_Covering_Delta_Sync,NONCLUSTERED,0,0,0,0,0,NULL,90,PRIMARY,"table_id, times","feed_id, unique_id, Command",2,12,"table_id, times","command, feed_id, unique_id","table_id, times|command, feed_id, unique_id|",141901177,1,4045.63,30015,0,0,44575576,30015,0.00,-44545561,2026-09-02 09:00:45.530,NULL,NULL,2026-09-02 09:02:53.827,"CREATE NONCLUSTERED INDEX [IX_tblFeed_data_Covering_Delta_Sync] ON [dbo].[tblFeed_data] ([table_id] ASC, [times] DESC) INCLUDE (feed_id, unique_id, Command) WITH (DROP_EXISTING = OFF, ONLINE = ON, FILLFACTOR = 90) ON [PRIMARY];",DROP INDEX [IX_tblFeed_data_Covering_Delta_Sync] ON [dbo].[tblFeed_data];
activist_insight,2026-05-10 01:35:21.070,[dbo].[tblFeed_data],dbo,tblFeed_data,8,idx_tblfeed_data_table_unique_command_feed_times,NONCLUSTERED,0,0,0,0,0,NULL,90,PRIMARY,"table_id, unique_id, Command, feed_id, times",NULL,5,25,"table_id, unique_id, command, feed_id, times",NULL,"table_id, unique_id, command, feed_id, times||",141901177,1,3370.36,16244,0,0,21815203,16244,0.00,-21798959,2026-09-02 09:00:15.447,NULL,NULL,2026-09-02 09:02:53.827,"CREATE NONCLUSTERED INDEX [idx_tblfeed_data_table_unique_command_feed_times] ON [dbo].[tblFeed_data] ([table_id] ASC, [unique_id] ASC, [Command] ASC, [feed_id] ASC, [times] DESC) WITH (DROP_EXISTING = OFF, ONLINE = ON, FILLFACTOR = 90) ON [PRIMARY];",DROP INDEX [idx_tblfeed_data_table_unique_command_feed_times] ON [dbo].[tblFeed_data];
activist_insight,2026-05-10 01:35:21.070,[dbo].[tbl13f_Holdings_scraped],dbo,tbl13f_Holdings_scraped,0,NULL,HEAP,0,0,0,0,0,NULL,0,PRIMARY,NULL,NULL,0,0,NULL,NULL,||,122334200,1,22874.36,0,2,7,5040770,9,0.00,-5040761,NULL,2026-06-05 14:04:08.380,2026-05-29 10:40:27.167,2026-09-01 19:49:38.267,NULL,NULL
activist_insight,2026-05-10 01:35:21.070,[dbo].[tbl13f_Holdings_scraped],dbo,tbl13f_Holdings_scraped,9,Idx_13f_holdings_filerid,NONCLUSTERED,0,0,0,0,0,NULL,0,PRIMARY,Filer_id,NULL,1,4,filer_id,NULL,filer_id||,122334200,1,3068.90,327,5,0,5040770,332,0.00,-5040438,2026-09-02 00:30:25.070,2026-05-20 18:19:59.617,NULL,2026-09-01 19:49:38.267,"CREATE NONCLUSTERED INDEX [Idx_13f_holdings_filerid] ON [dbo].[tbl13f_Holdings_scraped] ([Filer_id] ASC) WITH (DROP_EXISTING = OFF, ONLINE = ON) ON [PRIMARY];",DROP INDEX [Idx_13f_holdings_filerid] ON [dbo].[tbl13f_Holdings_scraped];
activist_insight,2026-05-10 01:35:21.070,[dbo].[tbl13f_Holdings_scraped],dbo,tbl13f_Holdings_scraped,17,NonClusteredIndex-20160921-151033,NONCLUSTERED,0,0,0,0,0,NULL,0,PRIMARY,CUSIP,NULL,1,20,cusip,NULL,cusip||,122334200,1,5149.88,0,0,0,5040770,0,0.00,-5040770,NULL,NULL,NULL,2026-09-01 19:49:38.267,"CREATE NONCLUSTERED INDEX [NonClusteredIndex-20160921-151033] ON [dbo].[tbl13f_Holdings_scraped] ([CUSIP] ASC) WITH (DROP_EXISTING = OFF, ONLINE = ON) ON [PRIMARY];",DROP INDEX [NonClusteredIndex-20160921-151033] ON [dbo].[tbl13f_Holdings_scraped];
activist_insight,2026-05-10 01:35:21.070,[dbo].[tbl13f_Holdings_scraped],dbo,tbl13f_Holdings_scraped,19,NonClusteredIndex-20171003-100706,NONCLUSTERED,0,0,0,0,0,NULL,0,PRIMARY,"Filer_id, prn, put_call","CUSIP, value, shares, voting_sole, voting_shared, voting_none",3,69,"filer_id, prn, put_call","cusip, shares, value, voting_none, voting_shared, voting_sole","filer_id, prn, put_call|cusip, shares, value, voting_none, voting_shared, voting_sole|",122334200,1,15692.17,6370590,0,0,5040770,6370590,1.26,1329820,2026-09-02 00:31:29.187,NULL,NULL,2026-09-01 19:49:38.267,"CREATE NONCLUSTERED INDEX [NonClusteredIndex-20171003-100706] ON [dbo].[tbl13f_Holdings_scraped] ([Filer_id] ASC, [prn] ASC, [put_call] ASC) INCLUDE (CUSIP, value, shares, voting_sole, voting_shared, voting_none) WITH (DROP_EXISTING = OFF, ONLINE = ON) ON [PRIMARY];",DROP INDEX [NonClusteredIndex-20171003-100706] ON [dbo].[tbl13f_Holdings_scraped];
activist_insight,2026-05-10 01:35:21.070,[dbo].[tbl13f_Holdings_scraped],dbo,tbl13f_Holdings_scraped,20,NonClusteredIndex-20210519-105509,NONCLUSTERED,0,0,0,0,0,NULL,0,PRIMARY,put_call,"Holdings_13f_id, Filer_id, Class",1,40,put_call,"class, filer_id, holdings_13f_id","put_call|class, filer_id, holdings_13f_id|",122334200,1,10466.34,0,68,0,5040770,68,0.00,-5040702,NULL,2026-05-29 09:44:00.003,NULL,2026-09-01 19:49:38.267,"CREATE NONCLUSTERED INDEX [NonClusteredIndex-20210519-105509] ON [dbo].[tbl13f_Holdings_scraped] ([put_call] ASC) INCLUDE (Holdings_13f_id, Filer_id, Class) WITH (DROP_EXISTING = OFF, ONLINE = ON) ON [PRIMARY];",DROP INDEX [NonClusteredIndex-20210519-105509] ON [dbo].[tbl13f_Holdings_scraped];
activist_insight,2026-05-10 01:35:21.070,[dbo].[tbl13f_Holdings_scraped],dbo,tbl13f_Holdings_scraped,21,tbl13f_Holdings_scraped_filerid,NONCLUSTERED,0,0,0,0,0,NULL,0,PRIMARY,Filer_id,"Holdings_13f_id, put_call, Issuer, Class, CUSIP, value, shares",1,4,filer_id,"class, cusip, holdings_13f_id, issuer, put_call, shares, value","filer_id|class, cusip, holdings_13f_id, issuer, put_call, shares, value|",122334200,1,16393.51,255,55,0,5040770,310,0.00,-5040460,2026-08-31 03:02:27.500,2026-08-20 09:26:24.130,NULL,2026-09-01 19:49:38.267,"CREATE NONCLUSTERED INDEX [tbl13f_Holdings_scraped_filerid] ON [dbo].[tbl13f_Holdings_scraped] ([Filer_id] ASC) INCLUDE (Holdings_13f_id, put_call, Issuer, Class, CUSIP, value, shares) WITH (DROP_EXISTING = OFF, ONLINE = ON) ON [PRIMARY];",DROP INDEX [tbl13f_Holdings_scraped_filerid] ON [dbo].[tbl13f_Holdings_scraped];
activist_insight,2026-05-10 01:35:21.070,[dbo].[tblSf_alerting_log_v3],dbo,tblSf_alerting_log_v3,1,PK_sf_alerting_log_v3,CLUSTERED,1,1,0,0,0,NULL,0,PRIMARY,sf_log_id,NULL,1,4,sf_log_id,NULL,sf_log_id||,107082386,1,11056.52,0,0,0,5778236,0,0.00,-5778236,NULL,NULL,NULL,2026-09-02 09:02:53.227,"CREATE UNIQUE CLUSTERED INDEX [PK_sf_alerting_log_v3] ON [dbo].[tblSf_alerting_log_v3] ([sf_log_id] ASC) WITH (DROP_EXISTING = OFF, ONLINE = ON) ON [PRIMARY];","-- Constraint-backed, review before dropping: ALTER TABLE [dbo].[tblSf_alerting_log_v3] DROP CONSTRAINT [PK_sf_alerting_log_v3];"
activist_insight,2026-05-10 01:35:21.070,[dbo].[tblCommittee_Allowance_Payments],dbo,tblCommittee_Allowance_Payments,1,PK__tblCommi__91401241056E4EA3,CLUSTERED,1,1,0,0,0,NULL,0,PRIMARY,committee_allowance_id,NULL,1,4,committee_allowance_id,NULL,committee_allowance_id||,94634106,1,14057.40,0,483,0,232,483,2.08,251,NULL,2026-09-02 08:59:06.750,NULL,2026-09-02 02:42:51.297,"CREATE UNIQUE CLUSTERED INDEX [PK__tblCommi__91401241056E4EA3] ON [dbo].[tblCommittee_Allowance_Payments] ([committee_allowance_id] ASC) WITH (DROP_EXISTING = OFF, ONLINE = ON) ON [PRIMARY];","-- Constraint-backed, review before dropping: ALTER TABLE [dbo].[tblCommittee_Allowance_Payments] DROP CONSTRAINT [PK__tblCommi__91401241056E4EA3];"
activist_insight,2026-05-10 01:35:21.070,[dbo].[tblPowerSearch_Holding],dbo,tblPowerSearch_Holding,1,CSX_powersearch_holding,CLUSTERED COLUMNSTORE,0,0,0,0,0,NULL,0,PRIMARY,NULL,"holding_id, pid, investor_id, holdingdate, pcentheld, sharesheld, source, insert_date",0,0,NULL,"holding_id, holdingdate, insert_date, investor_id, pcentheld, pid, sharesheld, source","|holding_id, holdingdate, insert_date, investor_id, pcentheld, pid, sharesheld, source|",55622689,1,705.88,0,101,0,99,101,1.02,2,NULL,2026-09-02 01:00:44.827,NULL,2026-09-02 01:00:44.827,NULL,DROP INDEX [CSX_powersearch_holding] ON [dbo].[tblPowerSearch_Holding];
activist_insight,2026-05-10 01:35:21.070,[dbo].[tblPowerSearch_Holding],dbo,tblPowerSearch_Holding,2,pk_powersearch_holding,NONCLUSTERED,1,1,0,0,0,NULL,0,PRIMARY,"pid, investor_id, holdingdate, source, holding_id",NULL,5,40,"pid, investor_id, holdingdate, source, holding_id",NULL,"pid, investor_id, holdingdate, source, holding_id||",55622689,1,2695.87,0,0,0,99,0,0.00,-99,NULL,NULL,NULL,2026-09-02 01:00:44.827,"CREATE UNIQUE NONCLUSTERED INDEX [pk_powersearch_holding] ON [dbo].[tblPowerSearch_Holding] ([pid] ASC, [investor_id] ASC, [holdingdate] ASC, [source] ASC, [holding_id] ASC) WITH (DROP_EXISTING = OFF, ONLINE = ON) ON [PRIMARY];","-- Constraint-backed, review before dropping: ALTER TABLE [dbo].[tblPowerSearch_Holding] DROP CONSTRAINT [pk_powersearch_holding];"
activist_insight,2026-05-10 01:35:21.070,[dbo].[tblspRaw],dbo,tblspRaw,1,PK_tblspRaw,CLUSTERED,1,1,0,0,0,NULL,0,PRIMARY,spRaw_id,NULL,1,8,spraw_id,NULL,spraw_id||,52220758,1,5601.66,428,773,815,170679581,2016,0.00,-170677565,2026-09-02 05:22:37.120,2026-09-02 05:17:45.170,2026-09-02 05:17:42.497,2026-09-02 09:02:21.070,"CREATE UNIQUE CLUSTERED INDEX [PK_tblspRaw] ON [dbo].[tblspRaw] ([spRaw_id] ASC) WITH (DROP_EXISTING = OFF, ONLINE = ON) ON [PRIMARY];","-- Constraint-backed, review before dropping: ALTER TABLE [dbo].[tblspRaw] DROP CONSTRAINT [PK_tblspRaw];"
activist_insight,2026-05-10 01:35:21.070,[dbo].[tblspRaw],dbo,tblspRaw,7,idx_tblspraw_cover_insert,NONCLUSTERED,0,0,0,0,0,NULL,0,PRIMARY,"identifier, metric, date",NULL,3,75,"identifier, metric, date",NULL,"identifier, metric, date||",52220758,1,3153.34,585730728,268,0,170679958,585730996,3.43,415051038,2026-06-19 14:57:18.723,2026-06-19 06:39:01.730,NULL,2026-09-02 09:02:21.070,"CREATE NONCLUSTERED INDEX [idx_tblspraw_cover_insert] ON [dbo].[tblspRaw] ([identifier] ASC, [metric] ASC, [date] ASC) WITH (DROP_EXISTING = OFF, ONLINE = ON) ON [PRIMARY];",DROP INDEX [idx_tblspraw_cover_insert] ON [dbo].[tblspRaw];
activist_insight,2026-05-10 01:35:21.070,[dbo].[tblspRaw],dbo,tblspRaw,12,idx_tblspraw_metric_date_identifier,NONCLUSTERED,0,0,0,0,0,NULL,90,PRIMARY,"metric, date, identifier",NULL,3,75,"metric, date, identifier",NULL,"metric, date, identifier||",52220758,1,1553.13,1283321763,1,0,118061850,1283321764,10.87,1165259914,2026-09-02 09:02:21.073,2026-06-30 14:36:32.973,NULL,2026-09-02 09:02:21.070,"CREATE NONCLUSTERED INDEX [idx_tblspraw_metric_date_identifier] ON [dbo].[tblspRaw] ([metric] ASC, [date] ASC, [identifier] ASC) WITH (DROP_EXISTING = OFF, ONLINE = ON, FILLFACTOR = 90) ON [PRIMARY];",DROP INDEX [idx_tblspraw_metric_date_identifier] ON [dbo].[tblspRaw];
activist_insight,2026-05-10 01:35:21.070,[dbo].[tblspRaw],dbo,tblspRaw,13,idx_tblspraw_processed_metric,NONCLUSTERED,0,0,0,0,0,NULL,90,PRIMARY,"processed, metric","date, symbol",2,37,"processed, metric","date, symbol","processed, metric|date, symbol|",52220758,1,1383.77,463,0,0,118061882,463,0.00,-118061419,2026-09-02 05:17:42.497,NULL,NULL,2026-09-02 09:02:21.070,"CREATE NONCLUSTERED INDEX [idx_tblspraw_processed_metric] ON [dbo].[tblspRaw] ([processed] ASC, [metric] ASC) INCLUDE (date, symbol) WITH (DROP_EXISTING = OFF, ONLINE = ON, FILLFACTOR = 90) ON [PRIMARY];",DROP INDEX [idx_tblspraw_processed_metric] ON [dbo].[tblspRaw];
activist_insight,2026-05-10 01:35:21.070,[dbo].[tblV3a_alert_inbox_event_links],dbo,tblV3a_alert_inbox_event_links,1,PK_tblV3a_alert_inbox_event_links,CLUSTERED,1,1,0,0,0,NULL,0,PRIMARY,alert_inbox_event_link_id,NULL,1,4,alert_inbox_event_link_id,NULL,alert_inbox_event_link_id||,47653411,1,1619.29,0,0,0,2087808,0,0.00,-2087808,NULL,NULL,NULL,2026-09-02 08:57:23.277,"CREATE UNIQUE CLUSTERED INDEX [PK_tblV3a_alert_inbox_event_links] ON [dbo].[tblV3a_alert_inbox_event_links] ([alert_inbox_event_link_id] ASC) WITH (DROP_EXISTING = OFF, ONLINE = ON) ON [PRIMARY];","-- Constraint-backed, review before dropping: ALTER TABLE [dbo].[tblV3a_alert_inbox_event_links] DROP CONSTRAINT [PK_tblV3a_alert_inbox_event_links];"
activist_insight,2026-05-10 01:35:21.070,[dbo].[tblV3a_alert_inbox_event_links],dbo,tblV3a_alert_inbox_event_links,4,NonClusteredIndex-20211125-111613,NONCLUSTERED,0,0,0,0,0,NULL,0,PRIMARY,alert_inbox_id,alert_inbox_event_id,1,4,alert_inbox_id,alert_inbox_event_id,alert_inbox_id|alert_inbox_event_id|,47653411,1,1496.11,55959257,1209,0,2087808,55960466,26.80,53872658,2026-09-02 09:02:53.300,2026-09-02 08:50:05.443,NULL,2026-09-02 08:57:23.277,"CREATE NONCLUSTERED INDEX [NonClusteredIndex-20211125-111613] ON [dbo].[tblV3a_alert_inbox_event_links] ([alert_inbox_id] DESC) INCLUDE (alert_inbox_event_id) WITH (DROP_EXISTING = OFF, ONLINE = ON) ON [PRIMARY];",DROP INDEX [NonClusteredIndex-20211125-111613] ON [dbo].[tblV3a_alert_inbox_event_links];
activist_insight,2026-05-10 01:35:21.070,[dbo].[tblSf_alerting_log],dbo,tblSf_alerting_log,1,PK_sf_alerting_log,CLUSTERED,1,1,0,0,0,NULL,0,PRIMARY,sf_log_id,NULL,1,4,sf_log_id,NULL,sf_log_id||,42104502,1,5919.72,208894,0,0,208894,208894,1.00,0,2026-09-02 02:00:35.567,NULL,NULL,2026-09-02 02:00:35.567,"CREATE UNIQUE CLUSTERED INDEX [PK_sf_alerting_log] ON [dbo].[tblSf_alerting_log] ([sf_log_id] ASC) WITH (DROP_EXISTING = OFF, ONLINE = ON) ON [PRIMARY];","-- Constraint-backed, review before dropping: ALTER TABLE [dbo].[tblSf_alerting_log] DROP CONSTRAINT [PK_sf_alerting_log];"
activist_insight,2026-05-10 01:35:21.070,[dbo].[tblReporting_company],dbo,tblReporting_company,1,PK_tblReporting_company,CLUSTERED,1,1,0,0,0,NULL,0,PRIMARY,reporting_company_id,NULL,1,4,reporting_company_id,NULL,reporting_company_id||,40809571,1,12542.77,6593123,3,41726853,12203749,48319979,3.96,36116230,2026-09-02 09:02:52.353,2026-08-10 11:44:33.157,2026-09-02 09:02:53.840,2026-09-02 09:02:52.513,"CREATE UNIQUE CLUSTERED INDEX [PK_tblReporting_company] ON [dbo].[tblReporting_company] ([reporting_company_id] ASC) WITH (DROP_EXISTING = OFF, ONLINE = ON) ON [PRIMARY];","-- Constraint-backed, review before dropping: ALTER TABLE [dbo].[tblReporting_company] DROP CONSTRAINT [PK_tblReporting_company];"
activist_insight,2026-05-10 01:35:21.070,[dbo].[tblReporting_company],dbo,tblReporting_company,2,Idx_apg_letter,NONCLUSTERED,0,0,0,0,0,NULL,0,PRIMARY,apg_letter,NULL,1,1,apg_letter,NULL,apg_letter||,40809571,1,1027.66,0,432,0,12020134,432,0.00,-12019702,NULL,2026-09-02 08:30:33.307,NULL,2026-09-02 09:02:52.513,"CREATE NONCLUSTERED INDEX [Idx_apg_letter] ON [dbo].[tblReporting_company] ([apg_letter] ASC) WITH (DROP_EXISTING = OFF, ONLINE = ON) ON [PRIMARY];",DROP INDEX [Idx_apg_letter] ON [dbo].[tblReporting_company];
activist_insight,2026-05-10 01:35:21.070,[dbo].[tblReporting_company],dbo,tblReporting_company,5,idx_ReportingCo_compName,NONCLUSTERED,0,0,0,0,0,NULL,100,PRIMARY,company_name,NULL,1,100,company_name,NULL,company_name||,40809571,1,1926.39,402,4,0,12020134,406,0.00,-12019728,2026-09-02 08:30:36.763,2026-08-11 13:10:38.760,NULL,2026-09-02 09:02:52.513,"CREATE NONCLUSTERED INDEX [idx_ReportingCo_compName] ON [dbo].[tblReporting_company] ([company_name] ASC) WITH (DROP_EXISTING = OFF, ONLINE = ON) ON [PRIMARY];",DROP INDEX [idx_ReportingCo_compName] ON [dbo].[tblReporting_company];
activist_insight,2026-05-10 01:35:21.070,[dbo].[tblReporting_company],dbo,tblReporting_company,7,idx_ReportingCo_ApgScrape,NONCLUSTERED,0,0,0,0,0,NULL,100,PRIMARY,"company_name, country, ticker, security_id, meeting_date, meeting_type, apg_run_no, source",NULL,8,367,"company_name, country, ticker, security_id, meeting_date, meeting_type, apg_run_no, source",NULL,"company_name, country, ticker, security_id, meeting_date, meeting_type, apg_run_no, source||",40809571,1,3711.74,41744230,0,0,12020134,41744230,3.47,29724096,2026-09-02 09:02:53.840,NULL,NULL,2026-09-02 09:02:52.513,"CREATE NONCLUSTERED INDEX [idx_ReportingCo_ApgScrape] ON [dbo].[tblReporting_company] ([company_name] ASC, [country] ASC, [ticker] ASC, [security_id] ASC, [meeting_date] ASC, [meeting_type] ASC, [apg_run_no] ASC, [source] ASC) WITH (DROP_EXISTING = OFF, ONLINE = ON) ON [PRIMARY];",DROP INDEX [idx_ReportingCo_ApgScrape] ON [dbo].[tblReporting_company];
activist_insight,2026-05-10 01:35:21.070,[dbo].[tblReporting_company],dbo,tblReporting_company,8,idx_ReportingCo_source,NONCLUSTERED,0,0,0,0,0,NULL,0,PRIMARY,source,meeting_date,1,10,source,meeting_date,source|meeting_date|,40809571,1,1450.52,496813,3,0,12020134,496816,0.04,-11523318,2026-08-31 19:57:11.500,2026-08-10 11:28:39.333,NULL,2026-09-02 09:02:52.513,"CREATE NONCLUSTERED INDEX [idx_ReportingCo_source] ON [dbo].[tblReporting_company] ([source] ASC) INCLUDE (meeting_date) WITH (DROP_EXISTING = OFF, ONLINE = ON) ON [PRIMARY];",DROP INDEX [idx_ReportingCo_source] ON [dbo].[tblReporting_company];
activist_insight,2026-05-10 01:35:21.070,[dbo].[tblReporting_company],dbo,tblReporting_company,31,NonClusteredIndex-20211005-123935,NONCLUSTERED,0,0,0,0,0,NULL,0,PRIMARY,"apg_letter, apg_page, apg_item, apg_run_no, source, sub_item",NULL,6,27,"apg_letter, apg_page, apg_item, apg_run_no, source, sub_item",NULL,"apg_letter, apg_page, apg_item, apg_run_no, source, sub_item||",40809571,1,2077.65,0,0,0,12020134,0,0.00,-12020134,NULL,NULL,NULL,2026-09-02 09:02:52.513,"CREATE NONCLUSTERED INDEX [NonClusteredIndex-20211005-123935] ON [dbo].[tblReporting_company] ([apg_letter] ASC, [apg_page] ASC, [apg_item] ASC, [apg_run_no] ASC, [source] ASC, [sub_item] ASC) WITH (DROP_EXISTING = OFF, ONLINE = ON) ON [PRIMARY];",DROP INDEX [NonClusteredIndex-20211005-123935] ON [dbo].[tblReporting_company];
activist_insight,2026-05-10 01:35:21.070,[dbo].[tblReporting_company],dbo,tblReporting_company,32,idx_Reporting_company_forDelete,NONCLUSTERED,0,0,0,0,0,NULL,0,PRIMARY,"apg_page, apg_item, source, apg_run_no",NULL,4,22,"apg_page, apg_item, source, apg_run_no",NULL,"apg_page, apg_item, source, apg_run_no||",40809571,1,1875.27,0,0,0,12020134,0,0.00,-12020134,NULL,NULL,NULL,2026-09-02 09:02:52.513,"CREATE NONCLUSTERED INDEX [idx_Reporting_company_forDelete] ON [dbo].[tblReporting_company] ([apg_page] ASC, [apg_item] ASC, [source] ASC, [apg_run_no] ASC) WITH (DROP_EXISTING = OFF, ONLINE = ON) ON [PRIMARY];",DROP INDEX [idx_Reporting_company_forDelete] ON [dbo].[tblReporting_company];
activist_insight,2026-05-10 01:35:21.070,[dbo].[tblReporting_company],dbo,tblReporting_company,44,idx_tblReporting_company_scraperrunid,NONCLUSTERED,0,0,0,0,0,NULL,0,PRIMARY,scraperRun_id,"reporting_record_id, fund_name, company_name, country, ticker, security_id, meeting_date, meeting_type, record_date, meeting_status, industry_sector, apg_letter, dim_family, tr_fund, apg_page, apg_item, apg_run_no, funds, contested, region, agenda_type, agenda_number, isin, source, no_votes_cast, sub_item, charge_name, charge_role, Shares_Voted_List, insert_date, insert_by, updated_date, updated_by, registrant_name, CIK, FIGI, fund_series_id, external_source_link",1,8,scraperrun_id,"agenda_number, agenda_type, apg_item, apg_letter, apg_page, apg_run_no, charge_name, charge_role, cik, company_name, contested, country, dim_family, external_source_link, figi, fund_name, fund_series_id, funds, industry_sector, insert_by, insert_date, isin, meeting_date, meeting_status, meeting_type, no_votes_cast, record_date, region, registrant_name, reporting_record_id, security_id, shares_voted_list, source, sub_item, ticker, tr_fund, updated_by, updated_date","scraperrun_id|agenda_number, agenda_type, apg_item, apg_letter, apg_page, apg_run_no, charge_name, charge_role, cik, company_name, contested, country, dim_family, external_source_link, figi, fund_name, fund_series_id, funds, industry_sector, insert_by, insert_date, isin, meeting_date, meeting_status, meeting_type, no_votes_cast, record_date, region, registrant_name, reporting_record_id, security_id, shares_voted_list, source, sub_item, ticker, tr_fund, updated_by, updated_date|",40809571,1,10636.27,651,31,0,12203749,682,0.00,-12203067,2026-09-02 01:00:21.077,2026-09-01 08:47:58.583,NULL,2026-09-02 09:02:52.513,"CREATE NONCLUSTERED INDEX [idx_tblReporting_company_scraperrunid] ON [dbo].[tblReporting_company] ([scraperRun_id] ASC) INCLUDE (reporting_record_id, fund_name, company_name, country, ticker, security_id, meeting_date, meeting_type, record_date, meeting_status, industry_sector, apg_letter, dim_family, tr_fund, apg_page, apg_item, apg_run_no, funds, contested, region, agenda_type, agenda_number, isin, source, no_votes_cast, sub_item, charge_name, charge_role, Shares_Voted_List, insert_date, insert_by, updated_date, updated_by, registrant_name, CIK, FIGI, fund_series_id, external_source_link) WITH (DROP_EXISTING = OFF, ONLINE = ON) ON [PRIMARY];",DROP INDEX [idx_tblReporting_company_scraperrunid] ON [dbo].[tblReporting_company];
activist_insight,2026-05-10 01:35:21.070,[dbo].[stgClarityAI_CompanyMetrics],dbo,stgClarityAI_CompanyMetrics,1,PK_stgClarityAI_CompanyMetrics,CLUSTERED,1,1,0,0,0,NULL,0,PRIMARY,stgClarityAI_CompanyMetrics_id,NULL,1,4,stgclarityai_companymetrics_id,NULL,stgclarityai_companymetrics_id||,31816162,1,4293.66,0,5,0,4,5,1.25,1,NULL,2026-07-24 11:34:25.960,NULL,2026-07-24 11:43:14.350,"CREATE UNIQUE CLUSTERED INDEX [PK_stgClarityAI_CompanyMetrics] ON [dbo].[stgClarityAI_CompanyMetrics] ([stgClarityAI_CompanyMetrics_id] ASC) WITH (DROP_EXISTING = OFF, ONLINE = ON) ON [PRIMARY];","-- Constraint-backed, review before dropping: ALTER TABLE [dbo].[stgClarityAI_CompanyMetrics] DROP CONSTRAINT [PK_stgClarityAI_CompanyMetrics];"
activist_insight,2026-05-10 01:35:21.070,[dbo].[stgClarityAI_CompanyMetrics],dbo,stgClarityAI_CompanyMetrics,2,idx_stgClarityAI_CompanyMetrics_PermidYear,NONCLUSTERED,0,0,0,0,0,NULL,0,PRIMARY,"import_id, status, PERM_ID, YEAR",NULL,4,518,"import_id, status, perm_id, year",NULL,"import_id, status, perm_id, year||",31816162,1,1622.34,1,0,0,3,1,0.33,-2,2026-07-24 11:43:14.350,NULL,NULL,2026-07-24 11:43:14.350,"CREATE NONCLUSTERED INDEX [idx_stgClarityAI_CompanyMetrics_PermidYear] ON [dbo].[stgClarityAI_CompanyMetrics] ([import_id] ASC, [status] ASC, [PERM_ID] ASC, [YEAR] ASC) WITH (DROP_EXISTING = OFF, ONLINE = ON) ON [PRIMARY];",DROP INDEX [idx_stgClarityAI_CompanyMetrics_PermidYear] ON [dbo].[stgClarityAI_CompanyMetrics];
activist_insight,2026-05-10 01:35:21.070,[dbo].[tblAdmin_PageLog],dbo,tblAdmin_PageLog,0,NULL,HEAP,0,0,0,0,0,NULL,0,PRIMARY,NULL,NULL,0,0,NULL,NULL,||,31656532,1,2998.70,0,2,0,997374,2,0.00,-997372,NULL,2026-07-09 12:47:34.393,NULL,2026-09-02 09:02:53.427,NULL,NULL
activist_insight,2026-05-10 01:35:21.070,[dbo].[tblV3a_alert_inbox],dbo,tblV3a_alert_inbox,1,PK_tblV3a_alert_inbox,CLUSTERED,1,1,0,0,0,NULL,0,PRIMARY,alert_inbox_id,NULL,1,4,alert_inbox_id,NULL,alert_inbox_id||,29993955,1,1298.51,46041703,0,0,2088183,46041703,22.05,43953520,2026-09-02 09:02:51.023,NULL,NULL,2026-09-02 08:57:23.277,"CREATE UNIQUE CLUSTERED INDEX [PK_tblV3a_alert_inbox] ON [dbo].[tblV3a_alert_inbox] ([alert_inbox_id] ASC) WITH (DROP_EXISTING = OFF, ONLINE = ON) ON [PRIMARY];","-- Constraint-backed, review before dropping: ALTER TABLE [dbo].[tblV3a_alert_inbox] DROP CONSTRAINT [PK_tblV3a_alert_inbox];"
activist_insight,2026-05-10 01:35:21.070,[dbo].[tblV3a_alert_inbox],dbo,tblV3a_alert_inbox,3,idx_covering_alertsexistingpage,NONCLUSTERED,0,0,0,0,0,NULL,0,PRIMARY,"sent_date, alert_id",alert_read,2,12,"sent_date, alert_id",alert_read,"sent_date, alert_id|alert_read|",29993955,1,1125.38,0,53326,0,2088183,53326,0.03,-2034857,NULL,2026-06-29 11:12:23.793,NULL,2026-09-02 08:57:23.277,"CREATE NONCLUSTERED INDEX [idx_covering_alertsexistingpage] ON [dbo].[tblV3a_alert_inbox] ([sent_date] DESC, [alert_id] ASC) INCLUDE (alert_read) WITH (DROP_EXISTING = OFF, ONLINE = ON) ON [PRIMARY];",DROP INDEX [idx_covering_alertsexistingpage] ON [dbo].[tblV3a_alert_inbox];
activist_insight,2026-05-10 01:35:21.070,[dbo].[tblV3a_alert_inbox],dbo,tblV3a_alert_inbox,6,idx_tblV3a_alert_inbox_alertid,NONCLUSTERED,0,0,0,0,0,NULL,0,PRIMARY,alert_id,"sent_date, alert_read",1,4,alert_id,"alert_read, sent_date","alert_id|alert_read, sent_date|",29993955,1,1078.00,6909918,975,0,2088183,6910893,3.31,4822710,2026-09-02 09:02:53.300,2026-09-02 08:50:05.443,NULL,2026-09-02 08:57:23.277,"CREATE NONCLUSTERED INDEX [idx_tblV3a_alert_inbox_alertid] ON [dbo].[tblV3a_alert_inbox] ([alert_id] ASC) INCLUDE (sent_date, alert_read) WITH (DROP_EXISTING = OFF, ONLINE = ON) ON [PRIMARY];",DROP INDEX [idx_tblV3a_alert_inbox_alertid] ON [dbo].[tblV3a_alert_inbox];
activist_insight,2026-05-10 01:35:21.070,[dbo].[tblV2a_alert_companies_precalc],dbo,tblV2a_alert_companies_precalc,1,PK_tblV2a_alert_companies_precalc,CLUSTERED,1,1,0,0,0,NULL,0,PRIMARY,alert_company_precalc_id,NULL,1,4,alert_company_precalc_id,NULL,alert_company_precalc_id||,27741417,1,941.82,0,0,0,0,0,NULL,0,NULL,NULL,NULL,NULL,"CREATE UNIQUE CLUSTERED INDEX [PK_tblV2a_alert_companies_precalc] ON [dbo].[tblV2a_alert_companies_precalc] ([alert_company_precalc_id] ASC) WITH (DROP_EXISTING = OFF, ONLINE = ON) ON [PRIMARY];","-- Constraint-backed, review before dropping: ALTER TABLE [dbo].[tblV2a_alert_companies_precalc] DROP CONSTRAINT [PK_tblV2a_alert_companies_precalc];"
activist_insight,2026-05-10 01:35:21.070,[dbo].[tblV2a_alert_companies_precalc],dbo,tblV2a_alert_companies_precalc,3,NonClusteredIndex-20190213-164606,NONCLUSTERED,0,0,0,0,0,NULL,0,PRIMARY,alert_id,NULL,1,4,alert_id,NULL,alert_id||,27741417,1,753.47,0,0,0,0,0,NULL,0,NULL,NULL,NULL,NULL,"CREATE NONCLUSTERED INDEX [NonClusteredIndex-20190213-164606] ON [dbo].[tblV2a_alert_companies_precalc] ([alert_id] ASC) WITH (DROP_EXISTING = OFF, ONLINE = ON) ON [PRIMARY];",DROP INDEX [NonClusteredIndex-20190213-164606] ON [dbo].[tblV2a_alert_companies_precalc];
activist_insight,2026-05-10 01:35:21.070,[dbo].[tblV2a_alert_companies_precalc],dbo,tblV2a_alert_companies_precalc,5,idx_cover_alert_id_pid,NONCLUSTERED,0,0,0,0,0,NULL,0,PRIMARY,alert_id,pid,1,4,alert_id,pid,alert_id|pid|,27741417,1,860.70,0,2,0,0,2,NULL,2,NULL,2026-06-05 14:03:37.163,NULL,NULL,"CREATE NONCLUSTERED INDEX [idx_cover_alert_id_pid] ON [dbo].[tblV2a_alert_companies_precalc] ([alert_id] ASC) INCLUDE (pid) WITH (DROP_EXISTING = OFF, ONLINE = ON) ON [PRIMARY];",DROP INDEX [idx_cover_alert_id_pid] ON [dbo].[tblV2a_alert_companies_precalc];
activist_insight,2026-05-10 01:35:21.070,[dbo].[tblScraped_filings],dbo,tblScraped_filings,1,PK_tblScrapedFilings,CLUSTERED,1,1,0,0,0,NULL,0,PRIMARY,scraped_filing_id,NULL,1,4,scraped_filing_id,NULL,scraped_filing_id||,26822913,1,9430.46,2781025,126655,432313,665763,3339993,5.02,2674230,2026-09-02 09:02:53.070,2026-09-02 09:02:38.127,2026-09-02 09:02:27.837,2026-09-02 09:02:34.693,"CREATE UNIQUE CLUSTERED INDEX [PK_tblScrapedFilings] ON [dbo].[tblScraped_filings] ([scraped_filing_id] ASC) WITH (DROP_EXISTING = OFF, ONLINE = ON) ON [PRIMARY];","-- Constraint-backed, review before dropping: ALTER TABLE [dbo].[tblScraped_filings] DROP CONSTRAINT [PK_tblScrapedFilings];"
activist_insight,2026-05-10 01:35:21.070,[dbo].[tblScraped_filings],dbo,tblScraped_filings,2,IX_tblScraped_filings_sec_id_accession_id_INCLUDES,NONCLUSTERED,0,0,0,0,0,NULL,0,PRIMARY,"sec_id, accession_id","datetime, filing_type, url",2,54,"sec_id, accession_id","datetime, filing_type, url","sec_id, accession_id|datetime, filing_type, url|",26822913,1,4668.89,108611,0,0,418568,108611,0.26,-309957,2026-09-02 02:00:35.270,NULL,NULL,2026-09-02 02:00:32.780,"CREATE NONCLUSTERED INDEX [IX_tblScraped_filings_sec_id_accession_id_INCLUDES] ON [dbo].[tblScraped_filings] ([sec_id] ASC, [accession_id] ASC) INCLUDE (datetime, filing_type, url) WITH (DROP_EXISTING = OFF, ONLINE = ON) ON [PRIMARY];",DROP INDEX [IX_tblScraped_filings_sec_id_accession_id_INCLUDES] ON [dbo].[tblScraped_filings];
activist_insight,2026-05-10 01:35:21.070,[dbo].[tblScraped_filings],dbo,tblScraped_filings,3,idxScrapedFilings_sendStatus,NONCLUSTERED,0,0,0,0,0,NULL,0,PRIMARY,alert_send_status,NULL,1,1,alert_send_status,NULL,alert_send_status||,26822913,1,389.12,152408,0,0,440569,152408,0.35,-288161,2026-09-02 09:02:27.837,NULL,NULL,2026-09-02 02:00:32.780,"CREATE NONCLUSTERED INDEX [idxScrapedFilings_sendStatus] ON [dbo].[tblScraped_filings] ([alert_send_status] ASC) WITH (DROP_EXISTING = OFF, ONLINE = ON) ON [PRIMARY];",DROP INDEX [idxScrapedFilings_sendStatus] ON [dbo].[tblScraped_filings];
activist_insight,2026-05-10 01:35:21.070,[dbo].[tblScraped_filings],dbo,tblScraped_filings,4,IX_tblScraped_filings_doc_type_matched_activist_id_datetime_INCLUDES,NONCLUSTERED,0,0,0,0,0,NULL,0,PRIMARY,"doc_type, matched_activist_id, datetime","sec_id, url, summary, do_345_scrape, do_sc13g_scrape",3,62,"doc_type, matched_activist_id, datetime","do_345_scrape, do_sc13g_scrape, sec_id, summary, url","doc_type, matched_activist_id, datetime|do_345_scrape, do_sc13g_scrape, sec_id, summary, url|",26822913,1,5966.56,117,0,0,544870,117,0.00,-544753,2026-08-20 07:49:37.737,NULL,NULL,2026-09-02 09:02:34.693,"CREATE NONCLUSTERED INDEX [IX_tblScraped_filings_doc_type_matched_activist_id_datetime_INCLUDES] ON [dbo].[tblScraped_filings] ([doc_type] ASC, [matched_activist_id] ASC, [datetime] ASC) INCLUDE (sec_id, url, summary, do_345_scrape, do_sc13g_scrape) WITH (DROP_EXISTING = OFF, ONLINE = ON) ON [PRIMARY];",DROP INDEX [IX_tblScraped_filings_doc_type_matched_activist_id_datetime_INCLUDES] ON [dbo].[tblScraped_filings];
activist_insight,2026-05-10 01:35:21.070,[dbo].[tblScraped_filings],dbo,tblScraped_filings,5,IX_tblScraped_filings_do_xml_scrape_includes,NONCLUSTERED,0,0,0,0,0,NULL,0,PRIMARY,do_xml_scrape,"datetime, doc_type, company, url, tag_scrape_set_id",1,1,do_xml_scrape,"company, datetime, doc_type, tag_scrape_set_id, url","do_xml_scrape|company, datetime, doc_type, tag_scrape_set_id, url|",26822913,1,4240.60,175876,0,0,430007,175876,0.41,-254131,2026-09-02 09:02:39.060,NULL,NULL,2026-09-02 02:00:32.780,"CREATE NONCLUSTERED INDEX [IX_tblScraped_filings_do_xml_scrape_includes] ON [dbo].[tblScraped_filings] ([do_xml_scrape] ASC) INCLUDE (datetime, doc_type, company, url, tag_scrape_set_id) WITH (DROP_EXISTING = OFF, ONLINE = ON) ON [PRIMARY];",DROP INDEX [IX_tblScraped_filings_do_xml_scrape_includes] ON [dbo].[tblScraped_filings];
activist_insight,2026-05-10 01:35:21.070,[dbo].[tblScraped_filings],dbo,tblScraped_filings,6,IX_tblScraped_filings_accession_id_filing_type_INCLUDES,NONCLUSTERED,0,0,0,0,0,NULL,0,PRIMARY,"accession_id, filing_type","datetime, doc_type, company, sec_id, filing_group_id, url, alert_send_status",2,100,"accession_id, filing_type","alert_send_status, company, datetime, doc_type, filing_group_id, sec_id, url","accession_id, filing_type|alert_send_status, company, datetime, doc_type, filing_group_id, sec_id, url|",26822913,1,5446.73,34561880,0,0,440574,34561880,78.45,34121306,2026-09-02 09:02:51.023,NULL,NULL,2026-09-02 02:00:32.780,"CREATE NONCLUSTERED INDEX [IX_tblScraped_filings_accession_id_filing_type_INCLUDES] ON [dbo].[tblScraped_filings] ([accession_id] ASC, [filing_type] ASC) INCLUDE (datetime, doc_type, company, sec_id, filing_group_id, url, alert_send_status) WITH (DROP_EXISTING = OFF, ONLINE = ON) ON [PRIMARY];",DROP INDEX [IX_tblScraped_filings_accession_id_filing_type_INCLUDES] ON [dbo].[tblScraped_filings];
activist_insight,2026-05-10 01:35:21.070,[dbo].[tblScraped_filings],dbo,tblScraped_filings,7,IX_tblScraped_filings_url_includes,NONCLUSTERED,0,0,0,0,0,NULL,0,PRIMARY,url,accession_id,1,200,url,accession_id,url|accession_id|,26822913,1,4039.82,503344,0,0,418568,503344,1.20,84776,2026-09-02 03:01:22.430,NULL,NULL,2026-09-02 02:00:32.780,"CREATE NONCLUSTERED INDEX [IX_tblScraped_filings_url_includes] ON [dbo].[tblScraped_filings] ([url] ASC) INCLUDE (accession_id) WITH (DROP_EXISTING = OFF, ONLINE = ON) ON [PRIMARY];",DROP INDEX [IX_tblScraped_filings_url_includes] ON [dbo].[tblScraped_filings];
activist_insight,2026-05-10 01:35:21.070,[dbo].[tblScraped_filings],dbo,tblScraped_filings,8,IX_tblScraped_filings_doc_type_datetime_includes,NONCLUSTERED,0,0,0,0,0,NULL,0,PRIMARY,"doc_type, datetime","sec_id, filing_type, accession_id, company, url",2,58,"doc_type, datetime","accession_id, company, filing_type, sec_id, url","doc_type, datetime|accession_id, company, filing_type, sec_id, url|",26822913,1,5218.16,874272,0,0,418568,874272,2.09,455704,2026-09-02 09:02:44.757,NULL,NULL,2026-09-02 02:00:32.780,"CREATE NONCLUSTERED INDEX [IX_tblScraped_filings_doc_type_datetime_includes] ON [dbo].[tblScraped_filings] ([doc_type] ASC, [datetime] ASC) INCLUDE (sec_id, filing_type, accession_id, company, url) WITH (DROP_EXISTING = OFF, ONLINE = ON) ON [PRIMARY];",DROP INDEX [IX_tblScraped_filings_doc_type_datetime_includes] ON [dbo].[tblScraped_filings];
activist_insight,2026-05-10 01:35:21.070,[dbo].[tblScraped_filings],dbo,tblScraped_filings,27,IX_tblScraped_filings_doc_type_inserted_INCLUDES,NONCLUSTERED,0,0,0,0,0,NULL,90,PRIMARY,"doc_type, inserted","scraped_filing_id, datetime, sec_id, filing_type, accession_id, company, url, summary",2,58,"doc_type, inserted","accession_id, company, datetime, filing_type, scraped_filing_id, sec_id, summary, url","doc_type, inserted|accession_id, company, datetime, filing_type, scraped_filing_id, sec_id, summary, url|",26822913,1,3051.38,921431,4164,0,418568,925595,2.21,507027,2026-09-02 09:02:44.883,2026-09-02 08:28:25.143,NULL,2026-09-02 02:00:32.780,"CREATE NONCLUSTERED INDEX [IX_tblScraped_filings_doc_type_inserted_INCLUDES] ON [dbo].[tblScraped_filings] ([doc_type] ASC, [inserted] ASC) INCLUDE (scraped_filing_id, datetime, sec_id, filing_type, accession_id, company, url, summary) WITH (DROP_EXISTING = OFF, ONLINE = ON, FILLFACTOR = 90) ON [PRIMARY];",DROP INDEX [IX_tblScraped_filings_doc_type_inserted_INCLUDES] ON [dbo].[tblScraped_filings];
activist_insight,2026-05-10 01:35:21.070,[dbo].[tblScraped_filings],dbo,tblScraped_filings,28,idx_do_secondary_scrape,NONCLUSTERED,0,0,0,0,0,NULL,0,PRIMARY,do_secondary_scrape,NULL,1,1,do_secondary_scrape,NULL,do_secondary_scrape||,26822913,1,393.02,197720,0,0,455451,197720,0.43,-257731,2026-09-02 09:02:20.657,NULL,NULL,2026-09-02 02:00:32.780,"CREATE NONCLUSTERED INDEX [idx_do_secondary_scrape] ON [dbo].[tblScraped_filings] ([do_secondary_scrape] ASC) WITH (DROP_EXISTING = OFF, ONLINE = ON) ON [PRIMARY];",DROP INDEX [idx_do_secondary_scrape] ON [dbo].[tblScraped_filings];
activist_insight,2026-05-10 01:35:21.070,[dbo].[tblScraped_filings],dbo,tblScraped_filings,31,NonClusteredIndex-XMLScraperAppCovering,NONCLUSTERED,0,0,0,0,0,NULL,0,PRIMARY,"datetime, do_xml_scrape","scraped_filing_id, doc_type, company, url, tag_scrape_set_id",2,9,"datetime, do_xml_scrape","company, doc_type, scraped_filing_id, tag_scrape_set_id, url","datetime, do_xml_scrape|company, doc_type, scraped_filing_id, tag_scrape_set_id, url|",26822913,1,3990.30,194,6,0,430007,200,0.00,-429807,2026-09-02 03:00:37.737,2026-08-04 07:59:33.640,NULL,2026-09-02 02:00:32.780,"CREATE NONCLUSTERED INDEX [NonClusteredIndex-XMLScraperAppCovering] ON [dbo].[tblScraped_filings] ([datetime] DESC, [do_xml_scrape] ASC) INCLUDE (scraped_filing_id, doc_type, company, url, tag_scrape_set_id) WITH (DROP_EXISTING = OFF, ONLINE = ON) ON [PRIMARY];",DROP INDEX [NonClusteredIndex-XMLScraperAppCovering] ON [dbo].[tblScraped_filings];
activist_insight,2026-05-10 01:35:21.070,[dbo].[tblScraped_filings],dbo,tblScraped_filings,33,IX_scraped_filing_id_datetime_doc_type_matched_activist_id_INCLUDES,NONCLUSTERED,0,0,0,0,0,NULL,0,PRIMARY,"datetime, doc_type, matched_activist_id","scraped_filing_id, url, company, sec_id",3,62,"datetime, doc_type, matched_activist_id","company, scraped_filing_id, sec_id, url","datetime, doc_type, matched_activist_id|company, scraped_filing_id, sec_id, url|",26822913,1,4636.84,82913,1932,0,418563,84845,0.20,-333718,2026-09-02 08:46:00.703,2026-09-02 08:53:31.237,NULL,2026-09-02 02:00:32.780,"CREATE NONCLUSTERED INDEX [IX_scraped_filing_id_datetime_doc_type_matched_activist_id_INCLUDES] ON [dbo].[tblScraped_filings] ([datetime] ASC, [doc_type] ASC, [matched_activist_id] ASC) INCLUDE (scraped_filing_id, url, company, sec_id) WITH (DROP_EXISTING = OFF, ONLINE = ON) ON [PRIMARY];",DROP INDEX [IX_scraped_filing_id_datetime_doc_type_matched_activist_id_INCLUDES] ON [dbo].[tblScraped_filings];
activist_insight,2026-05-10 01:35:21.070,[dbo].[tblScraped_filings],dbo,tblScraped_filings,39,IDX_tblScraped_filings_do_npx_scrape,NONCLUSTERED,0,0,0,0,0,NULL,95,PRIMARY,do_npx_scrape,NULL,1,1,do_npx_scrape,NULL,do_npx_scrape||,26822913,1,252.87,37927,0,0,430465,37927,0.09,-392538,2026-09-02 09:00:32.663,NULL,NULL,2026-09-02 02:00:32.780,"CREATE NONCLUSTERED INDEX [IDX_tblScraped_filings_do_npx_scrape] ON [dbo].[tblScraped_filings] ([do_npx_scrape] ASC) WITH (DROP_EXISTING = OFF, ONLINE = ON, FILLFACTOR = 95) ON [PRIMARY];",DROP INDEX [IDX_tblScraped_filings_do_npx_scrape] ON [dbo].[tblScraped_filings];
activist_insight,2026-05-10 01:35:21.070,[dbo].[tblScraped_filings],dbo,tblScraped_filings,40,IX_tblScraped_filings_period_datetime_doc_type_INCLUDES,NONCLUSTERED,0,0,0,0,0,NULL,90,PRIMARY,"period_of_report_sec, datetime, doc_type","url, scraped_filing_id, sec_id, accession_id",3,61,"period_of_report_sec, datetime, doc_type","accession_id, scraped_filing_id, sec_id, url","period_of_report_sec, datetime, doc_type|accession_id, scraped_filing_id, sec_id, url|",26822913,1,1666.57,1486,12812,0,441117,14298,0.03,-426819,2026-09-02 08:55:13.283,2026-09-02 08:55:36.547,NULL,2026-09-02 02:00:32.780,"CREATE NONCLUSTERED INDEX [IX_tblScraped_filings_period_datetime_doc_type_INCLUDES] ON [dbo].[tblScraped_filings] ([period_of_report_sec] ASC, [datetime] ASC, [doc_type] ASC) INCLUDE (url, scraped_filing_id, sec_id, accession_id) WITH (DROP_EXISTING = OFF, ONLINE = ON, FILLFACTOR = 90) ON [PRIMARY];",DROP INDEX [IX_tblScraped_filings_period_datetime_doc_type_INCLUDES] ON [dbo].[tblScraped_filings];
activist_insight,2026-05-10 01:35:21.070,[dbo].[tblScraped_filings],dbo,tblScraped_filings,41,CSX_tblScraped_filings_ScrapeFlags,NONCLUSTERED COLUMNSTORE,0,0,0,0,0,NULL,0,PRIMARY,NULL,"scraped_filing_id, do_secondary_scrape, do_xml_scrape, do_npx_scrape, do_345_scrape, do_sc13g_scrape, do_sig_scrape, do_def14a_scrape, do_nport_scrape, empty_set_notify_status, datetime, doc_type, sec_id",0,0,NULL,"datetime, do_345_scrape, do_def14a_scrape, do_nport_scrape, do_npx_scrape, do_sc13g_scrape, do_secondary_scrape, do_sig_scrape, do_xml_scrape, doc_type, empty_set_notify_status, scraped_filing_id, sec_id","|datetime, do_345_scrape, do_def14a_scrape, do_nport_scrape, do_npx_scrape, do_sc13g_scrape, do_secondary_scrape, do_sig_scrape, do_xml_scrape, doc_type, empty_set_notify_status, scraped_filing_id, sec_id|",26822913,1,301.63,0,3977172,0,614608,3977172,6.47,3362564,NULL,2026-09-02 09:02:46.530,NULL,2026-09-02 09:02:34.693,NULL,DROP INDEX [CSX_tblScraped_filings_ScrapeFlags] ON [dbo].[tblScraped_filings];
activist_insight,2026-05-10 01:35:21.070,[dbo].[tblScraped_filings],dbo,tblScraped_filings,42,IX_tblScraped_filings_sec_id_doc_type_INCLUDES,NONCLUSTERED,0,0,0,0,0,NULL,90,PRIMARY,"sec_id, doc_type","url, accession_id, datetime, filing_type",2,54,"sec_id, doc_type","accession_id, datetime, filing_type, url","sec_id, doc_type|accession_id, datetime, filing_type, url|",26822913,1,1693.67,2827350,6850,0,418568,2834200,6.77,2415632,2026-09-02 09:01:57.513,2026-09-02 08:45:41.013,NULL,2026-09-02 02:00:32.780,"CREATE NONCLUSTERED INDEX [IX_tblScraped_filings_sec_id_doc_type_INCLUDES] ON [dbo].[tblScraped_filings] ([sec_id] ASC, [doc_type] ASC) INCLUDE (url, accession_id, datetime, filing_type) WITH (DROP_EXISTING = OFF, ONLINE = ON, FILLFACTOR = 90) ON [PRIMARY];",DROP INDEX [IX_tblScraped_filings_sec_id_doc_type_INCLUDES] ON [dbo].[tblScraped_filings];
activist_insight,2026-05-10 01:35:21.070,[dbo].[tblScraped_filings],dbo,tblScraped_filings,45,idx_tblscraped_filings_type345_toscrape,NONCLUSTERED,0,0,0,0,0,NULL,90,PRIMARY,"doc_type, do_345_scrape, datetime",scraped_filing_id,3,59,"doc_type, do_345_scrape, datetime",scraped_filing_id,"doc_type, do_345_scrape, datetime|scraped_filing_id|",26822913,1,342.13,115299,0,0,278657,115299,0.41,-163358,2026-09-02 09:02:34.693,NULL,NULL,2026-09-02 09:02:34.693,"CREATE NONCLUSTERED INDEX [idx_tblscraped_filings_type345_toscrape] ON [dbo].[tblScraped_filings] ([doc_type] ASC, [do_345_scrape] ASC, [datetime] ASC) INCLUDE (scraped_filing_id) WITH (DROP_EXISTING = OFF, ONLINE = ON, FILLFACTOR = 90) ON [PRIMARY];",DROP INDEX [idx_tblscraped_filings_type345_toscrape] ON [dbo].[tblScraped_filings];
activist_insight,2026-05-10 01:35:21.070,[dbo].[tblScraped_filings],dbo,tblScraped_filings,46,idx_tblscraped_filings_sec_id_datetime_includes,NONCLUSTERED,0,0,0,0,0,NULL,90,PRIMARY,"sec_id, datetime","doc_type, company, url, summary",2,12,"sec_id, datetime","company, doc_type, summary, url","sec_id, datetime|company, doc_type, summary, url|",26822913,1,2890.13,175027,0,0,222569,175027,0.79,-47542,2026-09-02 09:01:57.403,NULL,NULL,2026-09-02 02:00:32.780,"CREATE NONCLUSTERED INDEX [idx_tblscraped_filings_sec_id_datetime_includes] ON [dbo].[tblScraped_filings] ([sec_id] ASC, [datetime] ASC) INCLUDE (doc_type, company, url, summary) WITH (DROP_EXISTING = OFF, ONLINE = ON, FILLFACTOR = 90) ON [PRIMARY];",DROP INDEX [idx_tblscraped_filings_sec_id_datetime_includes] ON [dbo].[tblScraped_filings];
activist_insight,2026-05-10 01:35:21.070,[dbo].[tblClarity_CompanyMetrics],dbo,tblClarity_CompanyMetrics,1,CDX_tblClarity_CompanyMetrics_PermID_MetricID,CLUSTERED,0,0,0,0,0,NULL,0,PRIMARY,"PERM_ID, RAW_METRIC_ID",NULL,2,12,"perm_id, raw_metric_id",NULL,"perm_id, raw_metric_id||",26191329,1,2474.87,0,697,117,1,814,814.00,813,NULL,2026-09-02 08:59:54.347,2026-08-30 00:21:13.777,2026-07-24 11:34:25.960,"CREATE CLUSTERED INDEX [CDX_tblClarity_CompanyMetrics_PermID_MetricID] ON [dbo].[tblClarity_CompanyMetrics] ([PERM_ID] ASC, [RAW_METRIC_ID] ASC) WITH (DROP_EXISTING = OFF, ONLINE = ON) ON [PRIMARY];",DROP INDEX [CDX_tblClarity_CompanyMetrics_PermID_MetricID] ON [dbo].[tblClarity_CompanyMetrics];
activist_insight,2026-05-10 01:35:21.070,[dbo].[tblClarity_CompanyMetrics],dbo,tblClarity_CompanyMetrics,5,NCDX_tblClarity_CompanyMetrics_MetricID,NONCLUSTERED,0,0,0,0,0,NULL,0,PRIMARY,RAW_METRIC_ID,"PERM_ID, PID, SCORE, META",1,4,raw_metric_id,"meta, perm_id, pid, score","raw_metric_id|meta, perm_id, pid, score|",26191329,1,1488.91,188190,2,0,1,188192,188192.00,188191,2026-09-02 09:02:46.330,2026-06-05 14:07:29.120,NULL,2026-07-24 11:34:25.960,"CREATE NONCLUSTERED INDEX [NCDX_tblClarity_CompanyMetrics_MetricID] ON [dbo].[tblClarity_CompanyMetrics] ([RAW_METRIC_ID] ASC) INCLUDE (PERM_ID, PID, SCORE, META) WITH (DROP_EXISTING = OFF, ONLINE = ON) ON [PRIMARY];",DROP INDEX [NCDX_tblClarity_CompanyMetrics_MetricID] ON [dbo].[tblClarity_CompanyMetrics];
activist_insight,2026-05-10 01:35:21.070,[dbo].[tblClarity_CompanyMetrics],dbo,tblClarity_CompanyMetrics,6,PK__tblClari__D5C2ABF486DC787F,NONCLUSTERED,1,1,0,0,0,NULL,0,PRIMARY,Clarity_CompanyMetric_ID,NULL,1,4,clarity_companymetric_id,NULL,clarity_companymetric_id||,26191329,1,900.76,0,231,0,1,231,231.00,230,NULL,2026-09-02 05:01:19.120,NULL,2026-07-24 11:34:25.960,"CREATE UNIQUE NONCLUSTERED INDEX [PK__tblClari__D5C2ABF486DC787F] ON [dbo].[tblClarity_CompanyMetrics] ([Clarity_CompanyMetric_ID] ASC) WITH (DROP_EXISTING = OFF, ONLINE = ON) ON [PRIMARY];","-- Constraint-backed, review before dropping: ALTER TABLE [dbo].[tblClarity_CompanyMetrics] DROP CONSTRAINT [PK__tblClari__D5C2ABF486DC787F];"
activist_insight,2026-05-10 01:35:21.070,[dbo].[rawImportHolding_20250120_17:54:08],dbo,rawImportHolding_20250120_17:54:08,1,PK__tmpImpor__46057D993397C44D,CLUSTERED,1,1,0,0,0,NULL,0,PRIMARY,import_holding_id,NULL,1,4,import_holding_id,NULL,import_holding_id||,22965713,1,10446.45,0,0,0,0,0,NULL,0,NULL,NULL,NULL,NULL,"CREATE UNIQUE CLUSTERED INDEX [PK__tmpImpor__46057D993397C44D] ON [dbo].[rawImportHolding_20250120_17:54:08] ([import_holding_id] ASC) WITH (DROP_EXISTING = OFF, ONLINE = ON) ON [PRIMARY];","-- Constraint-backed, review before dropping: ALTER TABLE [dbo].[rawImportHolding_20250120_17:54:08] DROP CONSTRAINT [PK__tmpImpor__46057D993397C44D];"
activist_insight,2026-05-10 01:35:21.070,[dbo].[tblUser_PageLog],dbo,tblUser_PageLog,0,NULL,HEAP,0,0,0,0,0,NULL,0,PRIMARY,NULL,NULL,0,0,NULL,NULL,||,22553749,1,2251.24,0,3,22,230174,25,0.00,-230149,NULL,2026-08-03 15:38:22.100,2026-08-31 00:36:29.510,2026-09-02 09:02:24.860,NULL,NULL
activist_insight,2026-05-10 01:35:21.070,[dbo].[tblUser_PageLog],dbo,tblUser_PageLog,10,NonClusteredIndex-20160921-145116,NONCLUSTERED,0,0,0,0,0,NULL,0,PRIMARY,user_id,"access_date, page_name",1,4,user_id,"access_date, page_name","user_id|access_date, page_name|",22553749,1,1542.13,217,15,0,230174,232,0.00,-229942,2026-09-01 14:07:30.367,2026-06-18 13:31:32.810,NULL,2026-09-02 09:02:24.860,"CREATE NONCLUSTERED INDEX [NonClusteredIndex-20160921-145116] ON [dbo].[tblUser_PageLog] ([user_id] ASC) INCLUDE (access_date, page_name) WITH (DROP_EXISTING = OFF, ONLINE = ON) ON [PRIMARY];",DROP INDEX [NonClusteredIndex-20160921-145116] ON [dbo].[tblUser_PageLog];
activist_insight,2026-05-10 01:35:21.070,[dbo].[tblUser_PageLog],dbo,tblUser_PageLog,13,idx_user_id_query_String,NONCLUSTERED,0,0,0,0,0,NULL,0,PRIMARY,"user_id, query_string",page_name,2,104,"user_id, query_string",page_name,"user_id, query_string|page_name|",22553749,1,1684.08,0,0,0,230174,0,0.00,-230174,NULL,NULL,NULL,2026-09-02 09:02:24.860,"CREATE NONCLUSTERED INDEX [idx_user_id_query_String] ON [dbo].[tblUser_PageLog] ([user_id] ASC, [query_string] ASC) INCLUDE (page_name) WITH (DROP_EXISTING = OFF, ONLINE = ON) ON [PRIMARY];",DROP INDEX [idx_user_id_query_String] ON [dbo].[tblUser_PageLog];
activist_insight,2026-05-10 01:35:21.070,[dbo].[tblUser_PageLog],dbo,tblUser_PageLog,15,idx_user_pagelog_page_name,NONCLUSTERED,0,0,0,0,0,NULL,0,PRIMARY,page_name,"user_id, access_date",1,200,page_name,"access_date, user_id","page_name|access_date, user_id|",22553749,1,1550.74,0,0,0,230174,0,0.00,-230174,NULL,NULL,NULL,2026-09-02 09:02:24.860,"CREATE NONCLUSTERED INDEX [idx_user_pagelog_page_name] ON [dbo].[tblUser_PageLog] ([page_name] ASC) INCLUDE (user_id, access_date) WITH (DROP_EXISTING = OFF, ONLINE = ON) ON [PRIMARY];",DROP INDEX [idx_user_pagelog_page_name] ON [dbo].[tblUser_PageLog];
activist_insight,2026-05-10 01:35:21.070,[dbo].[tblUser_PageLog],dbo,tblUser_PageLog,16,idx_tbluser_pagelog_access_date,NONCLUSTERED,0,0,0,0,0,NULL,0,PRIMARY,access_date,"user_id, page_name",1,8,access_date,"page_name, user_id","access_date|page_name, user_id|",22553749,1,1488.95,97,8,0,230174,105,0.00,-230069,2026-09-01 14:07:19.050,2026-08-13 07:22:42.040,NULL,2026-09-02 09:02:24.860,"CREATE NONCLUSTERED INDEX [idx_tbluser_pagelog_access_date] ON [dbo].[tblUser_PageLog] ([access_date] ASC) INCLUDE (user_id, page_name) WITH (DROP_EXISTING = OFF, ONLINE = ON) ON [PRIMARY];",DROP INDEX [idx_tbluser_pagelog_access_date] ON [dbo].[tblUser_PageLog];
activist_insight,2026-05-10 01:35:21.070,[dbo].[tblFundamental_metric_values_historic],dbo,tblFundamental_metric_values_historic,1,PK_tblFundamental_metric_values_historic,CLUSTERED,1,1,0,0,0,NULL,0,PRIMARY,fundamental_metric_value_historic_id,NULL,1,4,fundamental_metric_value_historic_id,NULL,fundamental_metric_value_historic_id||,22059562,1,911.46,0,0,5,18790,5,0.00,-18785,NULL,NULL,2026-08-13 10:15:01.837,2026-09-01 20:46:54.000,"CREATE UNIQUE CLUSTERED INDEX [PK_tblFundamental_metric_values_historic] ON [dbo].[tblFundamental_metric_values_historic] ([fundamental_metric_value_historic_id] ASC) WITH (DROP_EXISTING = OFF, ONLINE = ON) ON [PRIMARY];","-- Constraint-backed, review before dropping: ALTER TABLE [dbo].[tblFundamental_metric_values_historic] DROP CONSTRAINT [PK_tblFundamental_metric_values_historic];"
activist_insight,2026-05-10 01:35:21.070,[dbo].[tblFundamental_metric_values_historic],dbo,tblFundamental_metric_values_historic,2,NonClusteredIndex-20160318-100853,NONCLUSTERED,0,0,0,0,0,NULL,0,PRIMARY,metric_id,NULL,1,4,metric_id,NULL,metric_id||,22059562,1,477.26,0,0,0,18790,0,0.00,-18790,NULL,NULL,NULL,2026-09-01 20:46:54.000,"CREATE NONCLUSTERED INDEX [NonClusteredIndex-20160318-100853] ON [dbo].[tblFundamental_metric_values_historic] ([metric_id] ASC) WITH (DROP_EXISTING = OFF, ONLINE = ON) ON [PRIMARY];",DROP INDEX [NonClusteredIndex-20160318-100853] ON [dbo].[tblFundamental_metric_values_historic];
activist_insight,2026-05-10 01:35:21.070,[dbo].[tblFundamental_metric_values_historic],dbo,tblFundamental_metric_values_historic,3,NonClusteredIndex-20160318-100913,NONCLUSTERED,0,0,0,0,0,NULL,0,PRIMARY,CIK_id,NULL,1,4,cik_id,NULL,cik_id||,22059562,1,646.60,9396,0,0,18790,9396,0.50,-9394,2026-09-01 20:46:53.040,NULL,NULL,2026-09-01 20:46:54.000,"CREATE NONCLUSTERED INDEX [NonClusteredIndex-20160318-100913] ON [dbo].[tblFundamental_metric_values_historic] ([CIK_id] ASC) WITH (DROP_EXISTING = OFF, ONLINE = ON) ON [PRIMARY];",DROP INDEX [NonClusteredIndex-20160318-100913] ON [dbo].[tblFundamental_metric_values_historic];
activist_insight,2026-05-10 01:35:21.070,[dbo].[tblFundamental_metric_values_historic],dbo,tblFundamental_metric_values_historic,4,NonClusteredIndex-20160318-100932,NONCLUSTERED,0,0,0,0,0,NULL,0,PRIMARY,as_at,NULL,1,3,as_at,NULL,as_at||,22059562,1,445.41,9396,0,0,18790,9396,0.50,-9394,2026-09-01 20:46:53.040,NULL,NULL,2026-09-01 20:46:54.000,"CREATE NONCLUSTERED INDEX [NonClusteredIndex-20160318-100932] ON [dbo].[tblFundamental_metric_values_historic] ([as_at] ASC) WITH (DROP_EXISTING = OFF, ONLINE = ON) ON [PRIMARY];",DROP INDEX [NonClusteredIndex-20160318-100932] ON [dbo].[tblFundamental_metric_values_historic];
activist_insight,2026-05-10 01:35:21.070,[dbo].[tblFundamental_metric_values_historic],dbo,tblFundamental_metric_values_historic,5,NonClusteredIndex-20160318-100944,NONCLUSTERED,0,0,0,0,0,NULL,0,PRIMARY,value,NULL,1,9,value,NULL,value||,22059562,1,788.09,0,0,0,18790,0,0.00,-18790,NULL,NULL,NULL,2026-09-01 20:46:54.000,"CREATE NONCLUSTERED INDEX [NonClusteredIndex-20160318-100944] ON [dbo].[tblFundamental_metric_values_historic] ([value] ASC) WITH (DROP_EXISTING = OFF, ONLINE = ON) ON [PRIMARY];",DROP INDEX [NonClusteredIndex-20160318-100944] ON [dbo].[tblFundamental_metric_values_historic];
activist_insight,2026-05-10 01:35:21.070,[dbo].[tblFundamental_metric_values_historic],dbo,tblFundamental_metric_values_historic,7,idxmetric_cik__as,NONCLUSTERED,0,0,0,0,0,NULL,0,PRIMARY,"metric_id, CIK_id, as_at",value,3,11,"metric_id, cik_id, as_at",value,"metric_id, cik_id, as_at|value|",22059562,1,1086.63,35,0,0,18790,35,0.00,-18755,2026-08-13 11:38:08.730,NULL,NULL,2026-09-01 20:46:54.000,"CREATE NONCLUSTERED INDEX [idxmetric_cik__as] ON [dbo].[tblFundamental_metric_values_historic] ([metric_id] ASC, [CIK_id] ASC, [as_at] ASC) INCLUDE (value) WITH (DROP_EXISTING = OFF, ONLINE = ON) ON [PRIMARY];",DROP INDEX [idxmetric_cik__as] ON [dbo].[tblFundamental_metric_values_historic];
activist_insight,2026-05-10 01:35:21.070,[dbo].[raw_NPX_tblReporting_votes_Stage],dbo,raw_NPX_tblReporting_votes_Stage,0,NULL,HEAP,0,0,0,0,0,NULL,0,PRIMARY,NULL,NULL,0,0,NULL,NULL,||,21965815,1,6058.88,0,0,0,0,0,NULL,0,NULL,NULL,NULL,NULL,NULL,NULL
activist_insight,2026-05-10 01:35:21.070,[dbo].[raw_NPX_tblReporting_votes_Stage],dbo,raw_NPX_tblReporting_votes_Stage,2,PK_raw_NPX_tblReporting_votes_Stage,NONCLUSTERED,1,1,0,0,0,NULL,0,PRIMARY,reporting_votes_id,NULL,1,4,reporting_votes_id,NULL,reporting_votes_id||,21965815,1,680.83,NULL,NULL,NULL,NULL,0,NULL,0,NULL,NULL,NULL,NULL,"CREATE UNIQUE NONCLUSTERED INDEX [PK_raw_NPX_tblReporting_votes_Stage] ON [dbo].[raw_NPX_tblReporting_votes_Stage] ([reporting_votes_id] ASC) WITH (DROP_EXISTING = OFF, ONLINE = ON) ON [PRIMARY];","-- Constraint-backed, review before dropping: ALTER TABLE [dbo].[raw_NPX_tblReporting_votes_Stage] DROP CONSTRAINT [PK_raw_NPX_tblReporting_votes_Stage];"
activist_insight,2026-05-10 01:35:21.070,[dbo].[raw_NPX_tblReporting_votes_Stage],dbo,raw_NPX_tblReporting_votes_Stage,4,Idx_raw_NPX_tblReporting_votes_Stage_1,NONCLUSTERED,0,0,0,0,0,NULL,0,PRIMARY,reporting_company_id,NULL,1,4,reporting_company_id,NULL,reporting_company_id||,21965815,1,383.48,NULL,NULL,NULL,NULL,0,NULL,0,NULL,NULL,NULL,NULL,"CREATE NONCLUSTERED INDEX [Idx_raw_NPX_tblReporting_votes_Stage_1] ON [dbo].[raw_NPX_tblReporting_votes_Stage] ([reporting_company_id] ASC) WITH (DROP_EXISTING = OFF, ONLINE = ON) ON [PRIMARY];",DROP INDEX [Idx_raw_NPX_tblReporting_votes_Stage_1] ON [dbo].[raw_NPX_tblReporting_votes_Stage];
activist_insight,2026-05-10 01:35:21.070,[dbo].[tblleven_results],dbo,tblleven_results,0,NULL,HEAP,0,0,0,0,0,NULL,0,PRIMARY,NULL,NULL,0,0,NULL,NULL,||,20175555,1,1304.48,0,0,0,1011542,0,0.00,-1011542,NULL,NULL,NULL,2026-09-02 02:06:19.793,NULL,NULL
activist_insight,2026-05-10 01:35:21.070,[dbo].[tblleven_results],dbo,tblleven_results,6,idx_cov_levenmatchingupdate,NONCLUSTERED,0,0,0,0,0,NULL,0,PRIMARY,"leven_searchdata_id, match_pcent",match_unique_id,2,13,"leven_searchdata_id, match_pcent",match_unique_id,"leven_searchdata_id, match_pcent|match_unique_id|",20175555,1,929.36,445,0,0,1011542,445,0.00,-1011097,2026-09-02 02:06:25.720,NULL,NULL,2026-09-02 02:06:19.793,"CREATE NONCLUSTERED INDEX [idx_cov_levenmatchingupdate] ON [dbo].[tblleven_results] ([leven_searchdata_id] ASC, [match_pcent] ASC) INCLUDE (match_unique_id) WITH (DROP_EXISTING = OFF, ONLINE = ON) ON [PRIMARY];",DROP INDEX [idx_cov_levenmatchingupdate] ON [dbo].[tblleven_results];
activist_insight,2026-05-10 01:35:21.070,[dbo].[tblFundamental_SEC],dbo,tblFundamental_SEC,1,cdxFundamentalSEC_CikSecfieldidStartEnd,CLUSTERED,0,0,0,0,0,NULL,0,PRIMARY,"CIK_id, fundamental_sec_field_id, Start_date",NULL,3,11,"cik_id, fundamental_sec_field_id, start_date",NULL,"cik_id, fundamental_sec_field_id, start_date||",19634500,1,2183.69,196957372,33,17833079,808554,214790484,265.65,213981930,2026-09-02 09:02:53.530,2026-09-01 12:41:12.963,2026-09-02 09:02:53.530,2026-09-01 21:26:04.120,"CREATE CLUSTERED INDEX [cdxFundamentalSEC_CikSecfieldidStartEnd] ON [dbo].[tblFundamental_SEC] ([CIK_id] ASC, [fundamental_sec_field_id] ASC, [Start_date] ASC) WITH (DROP_EXISTING = OFF, ONLINE = ON) ON [PRIMARY];",DROP INDEX [cdxFundamentalSEC_CikSecfieldidStartEnd] ON [dbo].[tblFundamental_SEC];
activist_insight,2026-05-10 01:35:21.070,[dbo].[tblFundamental_SEC],dbo,tblFundamental_SEC,2,PK__tblFunda__D45B2452CB80B1D0,NONCLUSTERED,1,1,0,0,0,NULL,0,PRIMARY,Fundamental_SEC_id,NULL,1,4,fundamental_sec_id,NULL,fundamental_sec_id||,19634500,1,540.62,397948,0,0,410659,397948,0.97,-12711,2026-09-01 21:26:04.120,NULL,NULL,2026-09-01 21:26:04.117,"CREATE UNIQUE NONCLUSTERED INDEX [PK__tblFunda__D45B2452CB80B1D0] ON [dbo].[tblFundamental_SEC] ([Fundamental_SEC_id] ASC) WITH (DROP_EXISTING = OFF, ONLINE = ON) ON [PRIMARY];","-- Constraint-backed, review before dropping: ALTER TABLE [dbo].[tblFundamental_SEC] DROP CONSTRAINT [PK__tblFunda__D45B2452CB80B1D0];"
activist_insight,2026-05-10 01:35:21.070,[dbo].[tblFundamental_SEC],dbo,tblFundamental_SEC,3,idxFundamentalSEC_CikInstantDate_forapp,NONCLUSTERED,0,0,0,0,0,NULL,0,PRIMARY,"CIK_id, Instant_date, End_date, fundamental_sec_field_id",NULL,4,14,"cik_id, instant_date, end_date, fundamental_sec_field_id",NULL,"cik_id, instant_date, end_date, fundamental_sec_field_id||",19634500,1,599.29,104561861,441,0,410659,104562302,254.62,104151643,2026-09-02 09:02:53.793,2026-06-12 14:39:36.960,NULL,2026-09-01 21:26:04.117,"CREATE NONCLUSTERED INDEX [idxFundamentalSEC_CikInstantDate_forapp] ON [dbo].[tblFundamental_SEC] ([CIK_id] ASC, [Instant_date] DESC, [End_date] DESC, [fundamental_sec_field_id] DESC) WITH (DROP_EXISTING = OFF, ONLINE = ON) ON [PRIMARY];",DROP INDEX [idxFundamentalSEC_CikInstantDate_forapp] ON [dbo].[tblFundamental_SEC];
activist_insight,2026-05-10 01:35:21.070,[dbo].[tblFundamental_SEC],dbo,tblFundamental_SEC,12,IX_tblFundamental_SEC_CIK_As_At_date,NONCLUSTERED,0,0,0,0,0,NULL,0,PRIMARY,"CIK_id, As_At_date",NULL,2,7,"cik_id, as_at_date",NULL,"cik_id, as_at_date||",19634500,1,545.21,21512652,14,0,410659,21512666,52.39,21102007,2026-09-02 09:02:53.820,2026-05-16 07:00:30.907,NULL,2026-09-01 21:26:04.117,"CREATE NONCLUSTERED INDEX [IX_tblFundamental_SEC_CIK_As_At_date] ON [dbo].[tblFundamental_SEC] ([CIK_id] ASC, [As_At_date] ASC) WITH (DROP_EXISTING = OFF, ONLINE = ON) ON [PRIMARY];",DROP INDEX [IX_tblFundamental_SEC_CIK_As_At_date] ON [dbo].[tblFundamental_SEC];
activist_insight,2026-05-10 01:35:21.070,[dbo].[tblV2a_alert_inbox],dbo,tblV2a_alert_inbox,1,PK_tblV2a_alert_inbox,CLUSTERED,1,1,0,0,0,NULL,0,PRIMARY,alert_inbox_id,NULL,1,4,alert_inbox_id,NULL,alert_inbox_id||,19356530,1,2066.37,0,0,0,0,0,NULL,0,NULL,NULL,NULL,NULL,"CREATE UNIQUE CLUSTERED INDEX [PK_tblV2a_alert_inbox] ON [dbo].[tblV2a_alert_inbox] ([alert_inbox_id] ASC) WITH (DROP_EXISTING = OFF, ONLINE = ON) ON [PRIMARY];","-- Constraint-backed, review before dropping: ALTER TABLE [dbo].[tblV2a_alert_inbox] DROP CONSTRAINT [PK_tblV2a_alert_inbox];"
activist_insight,2026-05-10 01:35:21.070,[dbo].[tblV2a_alert_inbox],dbo,tblV2a_alert_inbox,9,idx_tblV2a_alert_inbox_v2_alerter_app,NONCLUSTERED,0,0,0,0,0,NULL,0,PRIMARY,"alert_id, table_id, filing_alert_type",alert_inbox_id,3,10,"alert_id, table_id, filing_alert_type",alert_inbox_id,"alert_id, table_id, filing_alert_type|alert_inbox_id|",19356530,1,475.47,0,0,0,0,0,NULL,0,NULL,NULL,NULL,NULL,"CREATE NONCLUSTERED INDEX [idx_tblV2a_alert_inbox_v2_alerter_app] ON [dbo].[tblV2a_alert_inbox] ([alert_id] ASC, [table_id] ASC, [filing_alert_type] ASC) INCLUDE (alert_inbox_id) WITH (DROP_EXISTING = OFF, ONLINE = ON) ON [PRIMARY];",DROP INDEX [idx_tblV2a_alert_inbox_v2_alerter_app] ON [dbo].[tblV2a_alert_inbox];
activist_insight,2026-05-10 01:35:21.070,[dbo].[tblV2a_alert_inbox],dbo,tblV2a_alert_inbox,10,idx_tblv2a_alert_inbox_alert_created,NONCLUSTERED,0,0,0,0,0,NULL,0,PRIMARY,alert_created,alert_id,1,8,alert_created,alert_id,alert_created|alert_id|,19356530,1,506.16,1,0,0,0,1,NULL,1,2026-05-14 10:28:47.483,NULL,NULL,NULL,"CREATE NONCLUSTERED INDEX [idx_tblv2a_alert_inbox_alert_created] ON [dbo].[tblV2a_alert_inbox] ([alert_created] ASC) INCLUDE (alert_id) WITH (DROP_EXISTING = OFF, ONLINE = ON) ON [PRIMARY];",DROP INDEX [idx_tblv2a_alert_inbox_alert_created] ON [dbo].[tblV2a_alert_inbox];
activist_insight,2026-05-10 01:35:21.070,[dbo].[tVoting_Sync],dbo,tVoting_Sync,1,PK_tVoting_Sync,CLUSTERED,1,1,0,0,0,NULL,0,PRIMARY,SyncID,NULL,1,8,syncid,NULL,syncid||,18069134,1,2593.25,0,12,155454,201356,155466,0.77,-45890,NULL,2026-06-17 10:04:08.950,2026-09-02 06:00:01.423,2026-09-02 06:00:01.423,"CREATE UNIQUE CLUSTERED INDEX [PK_tVoting_Sync] ON [dbo].[tVoting_Sync] ([SyncID] ASC) WITH (DROP_EXISTING = OFF, ONLINE = ON) ON [PRIMARY];","-- Constraint-backed, review before dropping: ALTER TABLE [dbo].[tVoting_Sync] DROP CONSTRAINT [PK_tVoting_Sync];"
activist_insight,2026-05-10 01:35:21.070,[dbo].[tVoting_Sync],dbo,tVoting_Sync,2,IX_tVoting_Sync_AllComplete,NONCLUSTERED,0,0,0,0,1,([BySourceComplete]=(1) AND [FundVoteComplete]=(1) AND [FundVoteNonNPXComplete]=(1) AND [InvestorVoteComplete]=(1) AND [InvestorVoteNPXComplete]=(1) AND [InvestorVoteNonNPXComplete]=(1) AND [InvestorVoteNPXThresholdComplete]=(1)),0,PRIMARY,InsertDate,"InvestorID, MeetingID, MeetingYear",1,8,insertdate,"investorid, meetingid, meetingyear","insertdate|investorid, meetingid, meetingyear|([bysourcecomplete]=(1) and [fundvotecomplete]=(1) and [fundvotenonnpxcomplete]=(1) and [investorvotecomplete]=(1) and [investorvotenpxcomplete]=(1) and [investorvotenonnpxcomplete]=(1) and [investorvotenpxthresholdcomplete]=(1))",18069134,1,869.94,0,0,0,201356,0,0.00,-201356,NULL,NULL,NULL,2026-09-02 06:00:01.423,"CREATE NONCLUSTERED INDEX [IX_tVoting_Sync_AllComplete] ON [dbo].[tVoting_Sync] ([InsertDate] ASC) INCLUDE (InvestorID, MeetingID, MeetingYear) WHERE ([BySourceComplete]=(1) AND [FundVoteComplete]=(1) AND [FundVoteNonNPXComplete]=(1) AND [InvestorVoteComplete]=(1) AND [InvestorVoteNPXComplete]=(1) AND [InvestorVoteNonNPXComplete]=(1) AND [InvestorVoteNPXThresholdComplete]=(1)) WITH (DROP_EXISTING = OFF, ONLINE = ON) ON [PRIMARY];",DROP INDEX [IX_tVoting_Sync_AllComplete] ON [dbo].[tVoting_Sync];
activist_insight,2026-05-10 01:35:21.070,[dbo].[tVoting_Sync],dbo,tVoting_Sync,3,UQ_tVoting_Sync_Investor_Meeting,NONCLUSTERED,1,0,1,0,0,NULL,0,PRIMARY,"InvestorID, MeetingID",NULL,2,8,"investorid, meetingid",NULL,"investorid, meetingid||",18069134,1,407.15,113792,0,0,107447,113792,1.06,6345,2026-09-02 06:00:01.423,NULL,NULL,2026-09-02 06:00:01.423,"CREATE UNIQUE NONCLUSTERED INDEX [UQ_tVoting_Sync_Investor_Meeting] ON [dbo].[tVoting_Sync] ([InvestorID] ASC, [MeetingID] ASC) WITH (DROP_EXISTING = OFF, ONLINE = ON) ON [PRIMARY];","-- Constraint-backed, review before dropping: ALTER TABLE [dbo].[tVoting_Sync] DROP CONSTRAINT [UQ_tVoting_Sync_Investor_Meeting];"
activist_insight,2026-05-10 01:35:21.070,[dbo].[tVoting_Sync],dbo,tVoting_Sync,4,IX_tVoting_Sync_Meeting,NONCLUSTERED,0,0,0,0,0,NULL,0,PRIMARY,MeetingID,"InvestorID, MeetingYear, BySourceComplete, FundVoteComplete, FundVoteNonNPXComplete, InvestorVoteComplete, InvestorVoteNPXComplete, InvestorVoteNonNPXComplete, InvestorVoteNPXThresholdComplete",1,4,meetingid,"bysourcecomplete, fundvotecomplete, fundvotenonnpxcomplete, investorid, investorvotecomplete, investorvotenonnpxcomplete, investorvotenpxcomplete, investorvotenpxthresholdcomplete, meetingyear","meetingid|bysourcecomplete, fundvotecomplete, fundvotenonnpxcomplete, investorid, investorvotecomplete, investorvotenonnpxcomplete, investorvotenpxcomplete, investorvotenpxthresholdcomplete, meetingyear|",18069134,1,828.16,45924,19,0,201356,45943,0.23,-155413,2026-09-02 02:36:06.353,2026-06-18 02:01:08.767,NULL,2026-09-02 06:00:01.423,"CREATE NONCLUSTERED INDEX [IX_tVoting_Sync_Meeting] ON [dbo].[tVoting_Sync] ([MeetingID] ASC) INCLUDE (InvestorID, MeetingYear, BySourceComplete, FundVoteComplete, FundVoteNonNPXComplete, InvestorVoteComplete, InvestorVoteNPXComplete, InvestorVoteNonNPXComplete, InvestorVoteNPXThresholdComplete) WITH (DROP_EXISTING = OFF, ONLINE = ON) ON [PRIMARY];",DROP INDEX [IX_tVoting_Sync_Meeting] ON [dbo].[tVoting_Sync];
activist_insight,2026-05-10 01:35:21.070,[dbo].[tVoting_Sync],dbo,tVoting_Sync,5,IX_tVoting_Sync_Year_Investor,NONCLUSTERED,0,0,0,0,0,NULL,0,PRIMARY,"MeetingYear, InvestorID","MeetingID, BySourceComplete, FundVoteComplete, FundVoteNonNPXComplete, InvestorVoteComplete, InvestorVoteNPXComplete, InvestorVoteNonNPXComplete, InvestorVoteNPXThresholdComplete",2,8,"meetingyear, investorid","bysourcecomplete, fundvotecomplete, fundvotenonnpxcomplete, investorvotecomplete, investorvotenonnpxcomplete, investorvotenpxcomplete, investorvotenpxthresholdcomplete, meetingid","meetingyear, investorid|bysourcecomplete, fundvotecomplete, fundvotenonnpxcomplete, investorvotecomplete, investorvotenonnpxcomplete, investorvotenpxcomplete, investorvotenpxthresholdcomplete, meetingid|",18069134,1,808.13,1,8,0,201356,9,0.00,-201347,2026-06-17 10:06:05.590,2026-08-30 02:01:45.993,NULL,2026-09-02 06:00:01.423,"CREATE NONCLUSTERED INDEX [IX_tVoting_Sync_Year_Investor] ON [dbo].[tVoting_Sync] ([MeetingYear] ASC, [InvestorID] ASC) INCLUDE (MeetingID, BySourceComplete, FundVoteComplete, FundVoteNonNPXComplete, InvestorVoteComplete, InvestorVoteNPXComplete, InvestorVoteNonNPXComplete, InvestorVoteNPXThresholdComplete) WITH (DROP_EXISTING = OFF, ONLINE = ON) ON [PRIMARY];",DROP INDEX [IX_tVoting_Sync_Year_Investor] ON [dbo].[tVoting_Sync];
activist_insight,2026-05-10 01:35:21.070,[dbo].[tblApp_log],dbo,tblApp_log,1,PK_tblApp_log,CLUSTERED,1,1,0,0,0,NULL,0,PRIMARY,app_log_id,NULL,1,4,app_log_id,NULL,app_log_id||,16342213,1,1473.90,0,2,0,624873,2,0.00,-624871,NULL,2026-08-26 15:26:48.200,NULL,2026-09-02 09:00:45.860,"CREATE UNIQUE CLUSTERED INDEX [PK_tblApp_log] ON [dbo].[tblApp_log] ([app_log_id] ASC) WITH (DROP_EXISTING = OFF, ONLINE = ON) ON [PRIMARY];","-- Constraint-backed, review before dropping: ALTER TABLE [dbo].[tblApp_log] DROP CONSTRAINT [PK_tblApp_log];"
activist_insight,2026-05-10 01:35:21.070,[dbo].[tblApp_log],dbo,tblApp_log,6,idx_tblApp_Log_1,NONCLUSTERED,0,0,0,0,0,NULL,0,PRIMARY,"app, date_time",event,2,58,"app, date_time",event,"app, date_time|event|",16342213,1,1327.91,0,0,0,624873,0,0.00,-624873,NULL,NULL,NULL,2026-09-02 09:00:45.860,"CREATE NONCLUSTERED INDEX [idx_tblApp_Log_1] ON [dbo].[tblApp_log] ([app] ASC, [date_time] DESC) INCLUDE (event) WITH (DROP_EXISTING = OFF, ONLINE = ON) ON [PRIMARY];",DROP INDEX [idx_tblApp_Log_1] ON [dbo].[tblApp_log];
activist_insight,2026-05-10 01:35:21.070,[dbo].[tblVulnerability_scores_historic],dbo,tblVulnerability_scores_historic,1,PK_tblVulnerability_scores_historic,CLUSTERED,1,1,0,0,0,NULL,0,PRIMARY,Vulnerability_scores_historic_id,NULL,1,4,vulnerability_scores_historic_id,NULL,vulnerability_scores_historic_id||,14964896,1,1029.03,0,0,5692,115,5692,49.50,5577,NULL,NULL,2026-09-02 08:46:00.720,2026-09-02 00:00:02.363,"CREATE UNIQUE CLUSTERED INDEX [PK_tblVulnerability_scores_historic] ON [dbo].[tblVulnerability_scores_historic] ([Vulnerability_scores_historic_id] ASC) WITH (DROP_EXISTING = OFF, ONLINE = ON) ON [PRIMARY];","-- Constraint-backed, review before dropping: ALTER TABLE [dbo].[tblVulnerability_scores_historic] DROP CONSTRAINT [PK_tblVulnerability_scores_historic];"
activist_insight,2026-05-10 01:35:21.070,[dbo].[tblVulnerability_scores_historic],dbo,tblVulnerability_scores_historic,4,NonClusteredIndex-20210412-095020,NONCLUSTERED,0,0,0,0,0,NULL,0,PRIMARY,"pid, score_as_at, prank",NULL,3,16,"pid, score_as_at, prank",NULL,"pid, score_as_at, prank||",14964896,1,510.73,5692,2,0,115,5694,49.51,5579,2026-09-02 08:46:00.720,2026-06-05 14:03:03.703,NULL,2026-09-02 00:00:02.363,"CREATE NONCLUSTERED INDEX [NonClusteredIndex-20210412-095020] ON [dbo].[tblVulnerability_scores_historic] ([pid] ASC, [score_as_at] DESC, [prank] ASC) WITH (DROP_EXISTING = OFF, ONLINE = ON) ON [PRIMARY];",DROP INDEX [NonClusteredIndex-20210412-095020] ON [dbo].[tblVulnerability_scores_historic];
activist_insight,2026-05-10 01:35:21.070,[dbo].[tblV2a_alert_activists_precalc],dbo,tblV2a_alert_activists_precalc,1,PK_tblV2a_alert_activists_precalc,CLUSTERED,1,1,0,0,0,NULL,0,PRIMARY,alert_activist_precalc_id,NULL,1,4,alert_activist_precalc_id,NULL,alert_activist_precalc_id||,12811282,1,434.91,0,0,0,0,0,NULL,0,NULL,NULL,NULL,NULL,"CREATE UNIQUE CLUSTERED INDEX [PK_tblV2a_alert_activists_precalc] ON [dbo].[tblV2a_alert_activists_precalc] ([alert_activist_precalc_id] ASC) WITH (DROP_EXISTING = OFF, ONLINE = ON) ON [PRIMARY];","-- Constraint-backed, review before dropping: ALTER TABLE [dbo].[tblV2a_alert_activists_precalc] DROP CONSTRAINT [PK_tblV2a_alert_activists_precalc];"
activist_insight,2026-05-10 01:35:21.070,[dbo].[tblV2a_alert_activists_precalc],dbo,tblV2a_alert_activists_precalc,3,NonClusteredIndex-20190213-164352,NONCLUSTERED,0,0,0,0,0,NULL,0,PRIMARY,alert_id,NULL,1,4,alert_id,NULL,alert_id||,12811282,1,347.96,0,0,0,0,0,NULL,0,NULL,NULL,NULL,NULL,"CREATE NONCLUSTERED INDEX [NonClusteredIndex-20190213-164352] ON [dbo].[tblV2a_alert_activists_precalc] ([alert_id] ASC) WITH (DROP_EXISTING = OFF, ONLINE = ON) ON [PRIMARY];",DROP INDEX [NonClusteredIndex-20190213-164352] ON [dbo].[tblV2a_alert_activists_precalc];
activist_insight,2026-05-10 01:35:21.070,[dbo].[tblV2a_alert_activists_precalc],dbo,tblV2a_alert_activists_precalc,5,idx_cover_activist_id,NONCLUSTERED,0,0,0,0,0,NULL,0,PRIMARY,activist_id,alert_id,1,4,activist_id,alert_id,activist_id|alert_id|,12811282,1,397.48,0,0,0,0,0,NULL,0,NULL,NULL,NULL,NULL,"CREATE NONCLUSTERED INDEX [idx_cover_activist_id] ON [dbo].[tblV2a_alert_activists_precalc] ([activist_id] ASC) INCLUDE (alert_id) WITH (DROP_EXISTING = OFF, ONLINE = ON) ON [PRIMARY];",DROP INDEX [idx_cover_activist_id] ON [dbo].[tblV2a_alert_activists_precalc];
activist_insight,2026-05-10 01:35:21.070,[dbo].[tblVotingImport_Overrides],dbo,tblVotingImport_Overrides,1,cdx_tblvotingimport_overrides_import_check_id,CLUSTERED,0,0,0,0,0,NULL,90,PRIMARY,import_check_id,NULL,1,8,import_check_id,NULL,import_check_id||,11739013,1,734.24,7,417,2,2267924,426,0.00,-2267498,2026-09-01 15:41:32.907,2026-09-02 08:35:20.450,2026-09-01 15:38:22.790,2026-09-02 08:37:45.580,"CREATE CLUSTERED INDEX [cdx_tblvotingimport_overrides_import_check_id] ON [dbo].[tblVotingImport_Overrides] ([import_check_id] ASC) WITH (DROP_EXISTING = OFF, ONLINE = ON, FILLFACTOR = 90) ON [PRIMARY];",DROP INDEX [cdx_tblvotingimport_overrides_import_check_id] ON [dbo].[tblVotingImport_Overrides];
activist_insight,2026-05-10 01:35:21.070,[dbo].[tblVotingImport_Overrides],dbo,tblVotingImport_Overrides,2,PK__tblVotingImport_Overrides__import_override_id,NONCLUSTERED,1,1,0,0,0,NULL,0,PRIMARY,import_override_id,NULL,1,4,import_override_id,NULL,import_override_id||,11739013,1,412.31,0,2,0,6499213,2,0.00,-6499211,NULL,2026-09-01 15:38:22.790,NULL,2026-09-02 08:33:03.553,"CREATE UNIQUE NONCLUSTERED INDEX [PK__tblVotingImport_Overrides__import_override_id] ON [dbo].[tblVotingImport_Overrides] ([import_override_id] ASC) WITH (DROP_EXISTING = OFF, ONLINE = ON) ON [PRIMARY];","-- Constraint-backed, review before dropping: ALTER TABLE [dbo].[tblVotingImport_Overrides] DROP CONSTRAINT [PK__tblVotingImport_Overrides__import_override_id];"
activist_insight,2026-05-10 01:35:21.070,[dbo].[tblVulnerability_scores],dbo,tblVulnerability_scores,1,PK_tblVulnerability_scores,CLUSTERED,1,1,0,0,0,NULL,0,PRIMARY,vulnerability_score_id,NULL,1,4,vulnerability_score_id,NULL,vulnerability_score_id||,10367713,1,1029.63,0,1,5029712,25809532,5029713,0.19,-20779819,NULL,2026-05-25 20:33:29.940,2026-09-02 09:02:52.920,2026-09-02 09:02:53.240,"CREATE UNIQUE CLUSTERED INDEX [PK_tblVulnerability_scores] ON [dbo].[tblVulnerability_scores] ([vulnerability_score_id] ASC) WITH (DROP_EXISTING = OFF, ONLINE = ON) ON [PRIMARY];","-- Constraint-backed, review before dropping: ALTER TABLE [dbo].[tblVulnerability_scores] DROP CONSTRAINT [PK_tblVulnerability_scores];"
activist_insight,2026-05-10 01:35:21.070,[dbo].[tblVulnerability_scores],dbo,tblVulnerability_scores,9,NonClusteredColumnStoreIndex-20180215-190448,NONCLUSTERED COLUMNSTORE,0,0,0,0,0,NULL,0,PRIMARY,NULL,"pid, score_as_at, current_score, score, prank, unchanged_as_at, prob",0,0,NULL,"current_score, pid, prank, prob, score, score_as_at, unchanged_as_at","|current_score, pid, prank, prob, score, score_as_at, unchanged_as_at|",10367713,1,287.42,0,573526,0,25809532,573526,0.02,-25236006,NULL,2026-09-02 08:36:38.357,NULL,2026-09-02 09:02:53.240,NULL,DROP INDEX [NonClusteredColumnStoreIndex-20180215-190448] ON [dbo].[tblVulnerability_scores];
activist_insight,2026-05-10 01:35:21.070,[dbo].[tblVulnerability_scores],dbo,tblVulnerability_scores,11,tblVulnerability_scores_NonClustered_PID_current_scoren,NONCLUSTERED,0,0,0,0,0,NULL,0,PRIMARY,"current_score, pid, score","score_as_at, prank",3,14,"current_score, pid, score","prank, score_as_at","current_score, pid, score|prank, score_as_at|",10367713,1,421.73,7778429,0,0,18724552,7778429,0.42,-10946123,2026-09-02 09:02:53.903,NULL,NULL,2026-09-02 09:02:53.240,"CREATE NONCLUSTERED INDEX [tblVulnerability_scores_NonClustered_PID_current_scoren] ON [dbo].[tblVulnerability_scores] ([current_score] DESC, [pid] ASC, [score] ASC) INCLUDE (score_as_at, prank) WITH (DROP_EXISTING = OFF, ONLINE = ON) ON [PRIMARY];",DROP INDEX [tblVulnerability_scores_NonClustered_PID_current_scoren] ON [dbo].[tblVulnerability_scores];
activist_insight,2026-05-10 01:35:21.070,[dbo].[tblVulnerability_scores],dbo,tblVulnerability_scores,12,idx_tblVulnerability_scores_pid_covering,NONCLUSTERED,0,0,0,0,0,NULL,0,PRIMARY,pid,"current_score, score, prank, score_as_at, unchanged_as_at, prob",1,4,pid,"current_score, prank, prob, score, score_as_at, unchanged_as_at","pid|current_score, prank, prob, score, score_as_at, unchanged_as_at|",10367713,1,528.80,12299991,0,0,19010234,12299991,0.65,-6710243,2026-09-02 09:02:52.497,NULL,NULL,2026-09-02 09:02:53.240,"CREATE NONCLUSTERED INDEX [idx_tblVulnerability_scores_pid_covering] ON [dbo].[tblVulnerability_scores] ([pid] ASC) INCLUDE (current_score, score, prank, score_as_at, unchanged_as_at, prob) WITH (DROP_EXISTING = OFF, ONLINE = ON) ON [PRIMARY];",DROP INDEX [idx_tblVulnerability_scores_pid_covering] ON [dbo].[tblVulnerability_scores];
activist_insight,2026-05-10 01:35:21.070,[dbo].[tblSystem_SQLlog],dbo,tblSystem_SQLlog,1,PK_tblSystem_sqllog,CLUSTERED,1,1,0,0,0,NULL,0,PRIMARY,log_id,NULL,1,4,log_id,NULL,log_id||,7570299,1,3288.77,0,7,5,248026,12,0.00,-248014,NULL,2026-08-26 15:27:53.870,2026-06-23 09:18:45.357,2026-09-02 09:01:52.230,"CREATE UNIQUE CLUSTERED INDEX [PK_tblSystem_sqllog] ON [dbo].[tblSystem_SQLlog] ([log_id] ASC) WITH (DROP_EXISTING = OFF, ONLINE = ON) ON [PRIMARY];","-- Constraint-backed, review before dropping: ALTER TABLE [dbo].[tblSystem_SQLlog] DROP CONSTRAINT [PK_tblSystem_sqllog];"
activist_insight,2026-05-10 01:35:21.070,[dbo].[tblSystem_SQLlog],dbo,tblSystem_SQLlog,2,idx_tblSystem_SQLlog,NONCLUSTERED,0,0,0,0,0,NULL,0,PRIMARY,"dbname, procname, parent_id, logtime",NULL,4,524,"dbname, procname, parent_id, logtime",NULL,"dbname, procname, parent_id, logtime||",7570299,1,1075.70,0,5,0,248026,5,0.00,-248021,NULL,2026-06-23 09:18:45.357,NULL,2026-09-02 09:01:52.230,"CREATE NONCLUSTERED INDEX [idx_tblSystem_SQLlog] ON [dbo].[tblSystem_SQLlog] ([dbname] ASC, [procname] ASC, [parent_id] ASC, [logtime] DESC) WITH (DROP_EXISTING = OFF, ONLINE = ON) ON [PRIMARY];",DROP INDEX [idx_tblSystem_SQLlog] ON [dbo].[tblSystem_SQLlog];
activist_insight,2026-05-10 01:35:21.070,[dbo].[tblStock_values_Xignite_bak],dbo,tblStock_values_Xignite_bak,0,NULL,HEAP,0,0,0,0,0,NULL,0,PRIMARY,NULL,NULL,0,0,NULL,NULL,||,7258529,1,719.50,0,0,0,0,0,NULL,0,NULL,NULL,NULL,NULL,NULL,NULL
activist_insight,2026-05-10 01:35:21.070,[dbo].[tblType_345_form_detail_footnotes],dbo,tblType_345_form_detail_footnotes,1,PK_tblType_3_form_detail_footnotes,CLUSTERED,1,1,0,0,0,NULL,0,PRIMARY,type_345_form_detail_footnote_id,NULL,1,4,type_345_form_detail_footnote_id,NULL,type_345_form_detail_footnote_id||,6454605,1,1725.69,0,0,0,140378,0,0.00,-140378,NULL,NULL,NULL,2026-09-02 09:02:11.013,"CREATE UNIQUE CLUSTERED INDEX [PK_tblType_3_form_detail_footnotes] ON [dbo].[tblType_345_form_detail_footnotes] ([type_345_form_detail_footnote_id] ASC) WITH (DROP_EXISTING = OFF, ONLINE = ON) ON [PRIMARY];","-- Constraint-backed, review before dropping: ALTER TABLE [dbo].[tblType_345_form_detail_footnotes] DROP CONSTRAINT [PK_tblType_3_form_detail_footnotes];"
activist_insight,2026-05-10 01:35:21.070,[dbo].[tblType_345_form_detail_footnotes],dbo,tblType_345_form_detail_footnotes,3,IX_tblType_345_form_detail_footnotes_type_345_form_detail_id,NONCLUSTERED,0,0,0,0,0,NULL,0,PRIMARY,type_345_form_detail_id,NULL,1,4,type_345_form_detail_id,NULL,type_345_form_detail_id||,6454605,1,182.64,58823,0,0,140378,58823,0.42,-81555,2026-09-02 09:02:11.557,NULL,NULL,2026-09-02 09:02:11.013,"CREATE NONCLUSTERED INDEX [IX_tblType_345_form_detail_footnotes_type_345_form_detail_id] ON [dbo].[tblType_345_form_detail_footnotes] ([type_345_form_detail_id] ASC) WITH (DROP_EXISTING = OFF, ONLINE = ON) ON [PRIMARY];",DROP INDEX [IX_tblType_345_form_detail_footnotes_type_345_form_detail_id] ON [dbo].[tblType_345_form_detail_footnotes];
activist_insight,2026-05-10 01:35:21.070,[dbo].[tblFundamental_metric_year_values],dbo,tblFundamental_metric_year_values,1,PK_tblFundamental_metric_year_value,CLUSTERED,1,1,0,0,0,NULL,0,PRIMARY,fundamental_metric_year_value_id,NULL,1,8,fundamental_metric_year_value_id,NULL,fundamental_metric_year_value_id||,5928341,1,360.09,0,155484389,0,311460101,155484389,0.50,-155975712,NULL,2026-09-02 09:02:53.877,NULL,2026-09-02 09:02:53.877,"CREATE UNIQUE CLUSTERED INDEX [PK_tblFundamental_metric_year_value] ON [dbo].[tblFundamental_metric_year_values] ([fundamental_metric_year_value_id] ASC) WITH (DROP_EXISTING = OFF, ONLINE = ON) ON [PRIMARY];","-- Constraint-backed, review before dropping: ALTER TABLE [dbo].[tblFundamental_metric_year_values] DROP CONSTRAINT [PK_tblFundamental_metric_year_value];"
activist_insight,2026-05-10 01:35:21.070,[dbo].[tblFundamental_metric_year_values],dbo,tblFundamental_metric_year_values,6,idx_fundamental_metrics_year_values_cik_id,NONCLUSTERED,0,0,0,0,0,NULL,0,PRIMARY,CIK_Id,"fundamental_metric_year_value_id, metric_id, value, year",1,4,cik_id,"fundamental_metric_year_value_id, metric_id, value, year","cik_id|fundamental_metric_year_value_id, metric_id, value, year|",5928341,1,391.39,511382,0,0,311460101,511382,0.00,-310948719,2026-09-02 09:02:53.893,NULL,NULL,2026-09-02 09:02:53.877,"CREATE NONCLUSTERED INDEX [idx_fundamental_metrics_year_values_cik_id] ON [dbo].[tblFundamental_metric_year_values] ([CIK_Id] ASC) INCLUDE (fundamental_metric_year_value_id, metric_id, value, year) WITH (DROP_EXISTING = OFF, ONLINE = ON) ON [PRIMARY];",DROP INDEX [idx_fundamental_metrics_year_values_cik_id] ON [dbo].[tblFundamental_metric_year_values];
activist_insight,2026-05-10 01:35:21.070,[dbo].[tblFundamental_metric_year_values],dbo,tblFundamental_metric_year_values,7,NonClusteredIndex-20170406-123706,NONCLUSTERED,0,0,0,0,0,NULL,0,PRIMARY,"metric_id, CIK_Id, year",value,3,12,"metric_id, cik_id, year",value,"metric_id, cik_id, year|value|",5928341,1,441.08,0,0,0,311460101,0,0.00,-311460101,NULL,NULL,NULL,2026-09-02 09:02:53.877,"CREATE NONCLUSTERED INDEX [NonClusteredIndex-20170406-123706] ON [dbo].[tblFundamental_metric_year_values] ([metric_id] ASC, [CIK_Id] ASC, [year] ASC) INCLUDE (value) WITH (DROP_EXISTING = OFF, ONLINE = ON) ON [PRIMARY];",DROP INDEX [NonClusteredIndex-20170406-123706] ON [dbo].[tblFundamental_metric_year_values];
activist_insight,2026-05-10 01:35:21.070,[dbo].[tblFundamental_metric_year_values],dbo,tblFundamental_metric_year_values,8,idxmetric_cik_year,NONCLUSTERED,0,0,0,0,0,NULL,0,PRIMARY,"metric_id, CIK_Id, year, value",fundamental_metric_year_value_id,4,21,"metric_id, cik_id, year, value",fundamental_metric_year_value_id,"metric_id, cik_id, year, value|fundamental_metric_year_value_id|",5928341,1,441.74,414468201,0,0,311460101,414468201,1.33,103008100,2026-09-02 09:02:53.877,NULL,NULL,2026-09-02 09:02:53.877,"CREATE NONCLUSTERED INDEX [idxmetric_cik_year] ON [dbo].[tblFundamental_metric_year_values] ([metric_id] ASC, [CIK_Id] ASC, [year] ASC, [value] ASC) INCLUDE (fundamental_metric_year_value_id) WITH (DROP_EXISTING = OFF, ONLINE = ON) ON [PRIMARY];",DROP INDEX [idxmetric_cik_year] ON [dbo].[tblFundamental_metric_year_values];
activist_insight,2026-05-10 01:35:21.070,[dbo].[tblISC_SEC_seperates],dbo,tblISC_SEC_seperates,1,cdx_tblISC_SEC_seperates_CIK_Instant,CLUSTERED,0,0,0,0,0,NULL,90,PRIMARY,"CIK_id, Instant_date",NULL,2,7,"cik_id, instant_date",NULL,"cik_id, instant_date||",4783793,1,239.73,231834,10,69213,230319,301057,1.31,70738,2026-09-02 08:59:13.477,2026-08-13 11:38:08.730,2026-09-02 07:35:56.617,2026-09-02 09:01:43.323,"CREATE CLUSTERED INDEX [cdx_tblISC_SEC_seperates_CIK_Instant] ON [dbo].[tblISC_SEC_seperates] ([CIK_id] ASC, [Instant_date] ASC) WITH (DROP_EXISTING = OFF, ONLINE = ON, FILLFACTOR = 90) ON [PRIMARY];",DROP INDEX [cdx_tblISC_SEC_seperates_CIK_Instant] ON [dbo].[tblISC_SEC_seperates];
activist_insight,2026-05-10 01:35:21.070,[dbo].[tblISC_SEC_seperates],dbo,tblISC_SEC_seperates,2,PK_tblISC_SEC_seperates,NONCLUSTERED,1,1,0,0,0,NULL,0,PRIMARY,ISC_SEC_seperates_id,NULL,1,4,isc_sec_seperates_id,NULL,isc_sec_seperates_id||,4783793,1,115.09,2723,149688,0,149688,152411,1.02,2723,2026-09-02 07:35:56.617,2026-09-01 21:26:00.383,NULL,2026-09-01 21:26:00.383,"CREATE UNIQUE NONCLUSTERED INDEX [PK_tblISC_SEC_seperates] ON [dbo].[tblISC_SEC_seperates] ([ISC_SEC_seperates_id] ASC) WITH (DROP_EXISTING = OFF, ONLINE = ON) ON [PRIMARY];","-- Constraint-backed, review before dropping: ALTER TABLE [dbo].[tblISC_SEC_seperates] DROP CONSTRAINT [PK_tblISC_SEC_seperates];"
activist_insight,2026-05-10 01:35:21.070,[dbo].[tblISC_SEC_seperates],dbo,tblISC_SEC_seperates,3,idx_tblISC_SEC_seperates_CIK_dual_share_Context,NONCLUSTERED,0,0,0,0,0,NULL,90,PRIMARY,"CIK_id, dual_share_class_id_linked, Context_tag",NULL,3,108,"cik_id, dual_share_class_id_linked, context_tag",NULL,"cik_id, dual_share_class_id_linked, context_tag||",4783793,1,157.83,2768,0,0,152456,2768,0.02,-149688,2026-09-02 09:01:43.323,NULL,NULL,2026-09-02 09:01:43.323,"CREATE NONCLUSTERED INDEX [idx_tblISC_SEC_seperates_CIK_dual_share_Context] ON [dbo].[tblISC_SEC_seperates] ([CIK_id] ASC, [dual_share_class_id_linked] ASC, [Context_tag] ASC) WITH (DROP_EXISTING = OFF, ONLINE = ON, FILLFACTOR = 90) ON [PRIMARY];",DROP INDEX [idx_tblISC_SEC_seperates_CIK_dual_share_Context] ON [dbo].[tblISC_SEC_seperates];
activist_insight,2026-05-10 01:35:21.070,[dbo].[tblISC_SEC_seperates],dbo,tblISC_SEC_seperates,12,idx_tblISC_SEC_seperates_Instant_DEI_StatEq_Linked,NONCLUSTERED,0,0,0,0,0,NULL,90,PRIMARY,"Instant_date, DEIorGAAP, IsStatEqCompAx, Linked_ISC_SEC_id",NULL,4,13,"instant_date, deiorgaap, isstateqcompax, linked_isc_sec_id",NULL,"instant_date, deiorgaap, isstateqcompax, linked_isc_sec_id||",4783793,1,70.19,77863,0,0,227551,77863,0.34,-149688,2026-09-01 21:26:00.410,NULL,NULL,2026-09-01 21:26:00.410,"CREATE NONCLUSTERED INDEX [idx_tblISC_SEC_seperates_Instant_DEI_StatEq_Linked] ON [dbo].[tblISC_SEC_seperates] ([Instant_date] ASC, [DEIorGAAP] ASC, [IsStatEqCompAx] ASC, [Linked_ISC_SEC_id] ASC) WITH (DROP_EXISTING = OFF, ONLINE = ON, FILLFACTOR = 90) ON [PRIMARY];",DROP INDEX [idx_tblISC_SEC_seperates_Instant_DEI_StatEq_Linked] ON [dbo].[tblISC_SEC_seperates];
activist_insight,2026-05-10 01:35:21.070,[dbo].[tblISC_SEC_seperates],dbo,tblISC_SEC_seperates,13,idx_tblISC_SEC_seperates_Linked_ISC_SEC_id,NONCLUSTERED,0,0,0,0,0,NULL,90,PRIMARY,Linked_ISC_SEC_id,NULL,1,4,linked_isc_sec_id,NULL,linked_isc_sec_id||,4783793,1,64.19,66490,0,0,227551,66490,0.29,-161061,2026-09-01 21:26:00.387,NULL,NULL,2026-09-01 21:26:00.410,"CREATE NONCLUSTERED INDEX [idx_tblISC_SEC_seperates_Linked_ISC_SEC_id] ON [dbo].[tblISC_SEC_seperates] ([Linked_ISC_SEC_id] ASC) WITH (DROP_EXISTING = OFF, ONLINE = ON, FILLFACTOR = 90) ON [PRIMARY];",DROP INDEX [idx_tblISC_SEC_seperates_Linked_ISC_SEC_id] ON [dbo].[tblISC_SEC_seperates];
activist_insight,2026-05-10 01:35:21.070,[dbo].[tblIP_database],dbo,tblIP_database,1,PK_tblIP_database,CLUSTERED,1,1,0,0,0,NULL,0,PRIMARY,IP_Id,NULL,1,4,ip_id,NULL,ip_id||,4492632,1,463.43,0,0,0,0,0,NULL,0,NULL,NULL,NULL,NULL,"CREATE UNIQUE CLUSTERED INDEX [PK_tblIP_database] ON [dbo].[tblIP_database] ([IP_Id] ASC) WITH (DROP_EXISTING = OFF, ONLINE = ON) ON [PRIMARY];","-- Constraint-backed, review before dropping: ALTER TABLE [dbo].[tblIP_database] DROP CONSTRAINT [PK_tblIP_database];"
activist_insight,2026-05-10 01:35:21.070,[dbo].[tblSiteLog],dbo,tblSiteLog,1,PK_tblSiteLog,CLUSTERED,1,1,0,0,0,NULL,0,PRIMARY,Log_Id,NULL,1,4,log_id,NULL,log_id||,4482169,1,439.55,0,9,491,156500,500,0.00,-156000,NULL,2026-08-13 07:22:42.040,2026-09-01 14:07:19.050,2026-09-02 09:02:51.813,"CREATE UNIQUE CLUSTERED INDEX [PK_tblSiteLog] ON [dbo].[tblSiteLog] ([Log_Id] ASC) WITH (DROP_EXISTING = OFF, ONLINE = ON) ON [PRIMARY];","-- Constraint-backed, review before dropping: ALTER TABLE [dbo].[tblSiteLog] DROP CONSTRAINT [PK_tblSiteLog];"
activist_insight,2026-05-10 01:35:21.070,[dbo].[tblSiteLog],dbo,tblSiteLog,2,NonClusteredIndex-20160921-150729,NONCLUSTERED,0,0,0,0,0,NULL,0,PRIMARY,EvDate,NULL,1,3,evdate,NULL,evdate||,4482169,1,96.02,0,355,0,156500,355,0.00,-156145,NULL,2026-09-01 09:14:50.843,NULL,2026-09-02 09:02:51.813,"CREATE NONCLUSTERED INDEX [NonClusteredIndex-20160921-150729] ON [dbo].[tblSiteLog] ([EvDate] ASC) WITH (DROP_EXISTING = OFF, ONLINE = ON) ON [PRIMARY];",DROP INDEX [NonClusteredIndex-20160921-150729] ON [dbo].[tblSiteLog];
activist_insight,2026-05-10 01:35:21.070,[dbo].[tblSiteLog],dbo,tblSiteLog,3,NonClusteredIndex-20171213-151131,NONCLUSTERED,0,0,0,0,0,NULL,0,PRIMARY,"EvDate, Action",User_Id,2,303,"evdate, action",user_id,"evdate, action|user_id|",4482169,1,360.92,116,356,0,156500,472,0.00,-156028,2026-09-01 14:07:19.050,2026-09-02 03:00:00.347,NULL,2026-09-02 09:02:51.813,"CREATE NONCLUSTERED INDEX [NonClusteredIndex-20171213-151131] ON [dbo].[tblSiteLog] ([EvDate] ASC, [Action] ASC) INCLUDE (User_Id) WITH (DROP_EXISTING = OFF, ONLINE = ON) ON [PRIMARY];",DROP INDEX [NonClusteredIndex-20171213-151131] ON [dbo].[tblSiteLog];
activist_insight,2026-05-10 01:35:21.070,[dbo].[tblSiteLog],dbo,tblSiteLog,4,NonClusteredIndex-20160921-150716,NONCLUSTERED,0,0,0,0,0,NULL,0,PRIMARY,User_Id,NULL,1,4,user_id,NULL,user_id||,4482169,1,106.45,83,0,0,156500,83,0.00,-156417,2026-08-31 00:00:26.097,NULL,NULL,2026-09-02 09:02:51.813,"CREATE NONCLUSTERED INDEX [NonClusteredIndex-20160921-150716] ON [dbo].[tblSiteLog] ([User_Id] ASC) WITH (DROP_EXISTING = OFF, ONLINE = ON) ON [PRIMARY];",DROP INDEX [NonClusteredIndex-20160921-150716] ON [dbo].[tblSiteLog];
activist_insight,2026-05-10 01:35:21.070,[dbo].[tblType_345_form_detail_non_derivative_transactions],dbo,tblType_345_form_detail_non_derivative_transactions,1,cdx_tblType_345_form_detail_non_derivative_transactions_form_detail_id,CLUSTERED,0,0,0,0,0,NULL,90,PRIMARY,type_345_form_detail_id,NULL,1,4,type_345_form_detail_id,NULL,type_345_form_detail_id||,4290478,1,192.02,58824,0,0,88164,58824,0.67,-29340,2026-09-02 09:02:11.353,NULL,NULL,2026-09-02 09:02:10.923,"CREATE CLUSTERED INDEX [cdx_tblType_345_form_detail_non_derivative_transactions_form_detail_id] ON [dbo].[tblType_345_form_detail_non_derivative_transactions] ([type_345_form_detail_id] ASC) WITH (DROP_EXISTING = OFF, ONLINE = ON, FILLFACTOR = 90) ON [PRIMARY];",DROP INDEX [cdx_tblType_345_form_detail_non_derivative_transactions_form_detail_id] ON [dbo].[tblType_345_form_detail_non_derivative_transactions];
activist_insight,2026-05-10 01:35:21.070,[dbo].[tblType_345_form_detail_non_derivative_transactions],dbo,tblType_345_form_detail_non_derivative_transactions,7,PK_tblType_345_non_derivative_transactions,NONCLUSTERED,1,1,0,0,0,NULL,0,PRIMARY,type_345_form_detail_non_derivative_transaction_id,NULL,1,4,type_345_form_detail_non_derivative_transaction_id,NULL,type_345_form_detail_non_derivative_transaction_id||,4290478,1,50.57,0,0,0,88164,0,0.00,-88164,NULL,NULL,NULL,2026-09-02 09:02:10.923,"CREATE UNIQUE NONCLUSTERED INDEX [PK_tblType_345_non_derivative_transactions] ON [dbo].[tblType_345_form_detail_non_derivative_transactions] ([type_345_form_detail_non_derivative_transaction_id] ASC) WITH (DROP_EXISTING = OFF, ONLINE = ON) ON [PRIMARY];","-- Constraint-backed, review before dropping: ALTER TABLE [dbo].[tblType_345_form_detail_non_derivative_transactions] DROP CONSTRAINT [PK_tblType_345_non_derivative_transactions];"
activist_insight,2026-05-10 01:35:21.070,[dbo].[tblheartbeat_server],dbo,tblheartbeat_server,0,NULL,HEAP,0,0,0,0,0,NULL,0,PRIMARY,NULL,NULL,0,0,NULL,NULL,||,3711440,1,137.15,0,0,0,113191,0,0.00,-113191,NULL,NULL,NULL,2026-09-02 09:02:36.360,NULL,NULL
activist_insight,2026-05-10 01:35:21.070,[dbo].[tblleven_searchdata],dbo,tblleven_searchdata,1,PK_tblleven_searchdata,CLUSTERED,1,1,0,0,0,NULL,0,PRIMARY,leven_searchdata_id,NULL,1,4,leven_searchdata_id,NULL,leven_searchdata_id||,3533877,1,280.62,0,0,739,289,739,2.56,450,NULL,NULL,2026-09-02 02:06:25.720,2026-09-02 02:05:53.330,"CREATE UNIQUE CLUSTERED INDEX [PK_tblleven_searchdata] ON [dbo].[tblleven_searchdata] ([leven_searchdata_id] ASC) WITH (DROP_EXISTING = OFF, ONLINE = ON) ON [PRIMARY];","-- Constraint-backed, review before dropping: ALTER TABLE [dbo].[tblleven_searchdata] DROP CONSTRAINT [PK_tblleven_searchdata];"
activist_insight,2026-05-10 01:35:21.070,[dbo].[tblleven_searchdata],dbo,tblleven_searchdata,5,idx_covering_supporting,NONCLUSTERED,0,0,0,0,0,NULL,0,PRIMARY,leven_request_id,link_supporting_id,1,4,leven_request_id,link_supporting_id,leven_request_id|link_supporting_id|,3533877,1,108.07,739,0,0,289,739,2.56,450,2026-09-02 02:06:25.720,NULL,NULL,2026-09-02 02:05:53.330,"CREATE NONCLUSTERED INDEX [idx_covering_supporting] ON [dbo].[tblleven_searchdata] ([leven_request_id] ASC) INCLUDE (link_supporting_id) WITH (DROP_EXISTING = OFF, ONLINE = ON) ON [PRIMARY];",DROP INDEX [idx_covering_supporting] ON [dbo].[tblleven_searchdata];
activist_insight,2026-05-10 01:35:21.070,[dbo].[stgVotingImport_Unmatched],dbo,stgVotingImport_Unmatched,1,CDX_stgVotingImport_Unmatched_import_status_import_check_id,CLUSTERED,0,0,0,0,0,NULL,0,PRIMARY,"import_status, import_check_id",NULL,2,5,"import_status, import_check_id",NULL,"import_status, import_check_id||",3510739,1,395.22,24,1,2,80,27,0.34,-53,2026-08-18 15:57:01.260,2026-06-30 12:01:26.963,2026-06-30 12:01:50.423,2026-08-18 15:57:01.260,"CREATE CLUSTERED INDEX [CDX_stgVotingImport_Unmatched_import_status_import_check_id] ON [dbo].[stgVotingImport_Unmatched] ([import_status] ASC, [import_check_id] ASC) WITH (DROP_EXISTING = OFF, ONLINE = ON) ON [PRIMARY];",DROP INDEX [CDX_stgVotingImport_Unmatched_import_status_import_check_id] ON [dbo].[stgVotingImport_Unmatched];
activist_insight,2026-05-10 01:35:21.070,[dbo].[stgVotingImport_Unmatched],dbo,stgVotingImport_Unmatched,2,PK__stgVotingImport_Unmatched__unmatched_id,NONCLUSTERED,1,1,0,0,0,NULL,0,PRIMARY,unmatched_id,NULL,1,4,unmatched_id,NULL,unmatched_id||,3510739,1,135.63,0,8,0,80,8,0.10,-72,NULL,2026-08-18 15:53:13.673,NULL,2026-08-18 15:57:01.260,"CREATE UNIQUE NONCLUSTERED INDEX [PK__stgVotingImport_Unmatched__unmatched_id] ON [dbo].[stgVotingImport_Unmatched] ([unmatched_id] ASC) WITH (DROP_EXISTING = OFF, ONLINE = ON) ON [PRIMARY];","-- Constraint-backed, review before dropping: ALTER TABLE [dbo].[stgVotingImport_Unmatched] DROP CONSTRAINT [PK__stgVotingImport_Unmatched__unmatched_id];"
activist_insight,2026-05-10 01:35:21.070,[dbo].[tblpowersearch_link],dbo,tblpowersearch_link,1,idxpowersearch_link_pidinvestor,CLUSTERED,0,0,0,0,0,NULL,0,PRIMARY,"pid, investor_id",NULL,2,8,"pid, investor_id",NULL,"pid, investor_id||",3462658,1,131.69,0,0,0,0,0,NULL,0,NULL,NULL,NULL,NULL,"CREATE CLUSTERED INDEX [idxpowersearch_link_pidinvestor] ON [dbo].[tblpowersearch_link] ([pid] ASC, [investor_id] ASC) WITH (DROP_EXISTING = OFF, ONLINE = ON) ON [PRIMARY];",DROP INDEX [idxpowersearch_link_pidinvestor] ON [dbo].[tblpowersearch_link];
activist_insight,2026-05-10 01:35:21.070,[dbo].[tblpowersearch_link],dbo,tblpowersearch_link,2,PKpowersearch_link,NONCLUSTERED,1,1,0,0,0,NULL,0,PRIMARY,link_id,NULL,1,8,link_id,NULL,link_id||,3462658,1,121.61,0,0,0,0,0,NULL,0,NULL,NULL,NULL,NULL,"CREATE UNIQUE NONCLUSTERED INDEX [PKpowersearch_link] ON [dbo].[tblpowersearch_link] ([link_id] ASC) WITH (DROP_EXISTING = OFF, ONLINE = ON) ON [PRIMARY];","-- Constraint-backed, review before dropping: ALTER TABLE [dbo].[tblpowersearch_link] DROP CONSTRAINT [PKpowersearch_link];"
activist_insight,2026-05-10 01:35:21.070,[dbo].[tblpowersearch_link],dbo,tblpowersearch_link,3,idxpowersearch_link_investorpid,NONCLUSTERED,0,0,0,0,0,NULL,0,PRIMARY,"investor_id, pid",NULL,2,8,"investor_id, pid",NULL,"investor_id, pid||",3462658,1,94.21,0,2,0,0,2,NULL,2,NULL,2026-06-05 14:04:05.470,NULL,NULL,"CREATE NONCLUSTERED INDEX [idxpowersearch_link_investorpid] ON [dbo].[tblpowersearch_link] ([investor_id] ASC, [pid] ASC) WITH (DROP_EXISTING = OFF, ONLINE = ON) ON [PRIMARY];",DROP INDEX [idxpowersearch_link_investorpid] ON [dbo].[tblpowersearch_link];
activist_insight,2026-05-10 01:35:21.070,[dbo].[tblnotified_shorts],dbo,tblnotified_shorts,1,ClusteredIndex-20190520-125005,CLUSTERED,0,0,0,0,0,NULL,0,PRIMARY,"Position_date, notified_short_id",NULL,2,12,"position_date, notified_short_id",NULL,"position_date, notified_short_id||",3340831,1,873.80,13144145,6446,1735407,11472788,14885998,1.30,3413210,2026-09-02 09:02:53.350,2026-09-02 08:57:49.697,2026-09-02 09:02:50.967,2026-09-02 08:47:20.653,"CREATE CLUSTERED INDEX [ClusteredIndex-20190520-125005] ON [dbo].[tblnotified_shorts] ([Position_date] DESC, [notified_short_id] ASC) WITH (DROP_EXISTING = OFF, ONLINE = ON) ON [PRIMARY];",DROP INDEX [ClusteredIndex-20190520-125005] ON [dbo].[tblnotified_shorts];
activist_insight,2026-05-10 01:35:21.070,[dbo].[tblnotified_shorts],dbo,tblnotified_shorts,15,NonClusteredIndex-20190523-111305,NONCLUSTERED,0,0,0,0,0,NULL,0,PRIMARY,"Position_date, Issuer, ISIN, Investor",Net_position,4,1023,"position_date, issuer, isin, investor",net_position,"position_date, issuer, isin, investor|net_position|",3340831,1,286.59,542559,601,0,8740,543160,62.15,534420,2026-08-29 13:40:45.060,2026-06-18 15:10:23.783,NULL,2026-09-02 06:37:28.260,"CREATE NONCLUSTERED INDEX [NonClusteredIndex-20190523-111305] ON [dbo].[tblnotified_shorts] ([Position_date] DESC, [Issuer] ASC, [ISIN] ASC, [Investor] ASC) INCLUDE (Net_position) WITH (DROP_EXISTING = OFF, ONLINE = ON) ON [PRIMARY];",DROP INDEX [NonClusteredIndex-20190523-111305] ON [dbo].[tblnotified_shorts];
activist_insight,2026-05-10 01:35:21.070,[dbo].[tblnotified_shorts],dbo,tblnotified_shorts,19,Idx_tblnotified_shorts_ISIN,NONCLUSTERED,0,0,0,0,0,NULL,0,PRIMARY,"ISIN, Investor_id, Position_date",Investor,3,27,"isin, investor_id, position_date",investor,"isin, investor_id, position_date|investor|",3340831,1,195.98,42214,11354,0,10500,53568,5.10,43068,2026-09-02 09:02:50.967,2026-09-02 08:52:00.033,NULL,2026-09-02 08:47:20.653,"CREATE NONCLUSTERED INDEX [Idx_tblnotified_shorts_ISIN] ON [dbo].[tblnotified_shorts] ([ISIN] ASC, [Investor_id] ASC, [Position_date] ASC) INCLUDE (Investor) WITH (DROP_EXISTING = OFF, ONLINE = ON) ON [PRIMARY];",DROP INDEX [Idx_tblnotified_shorts_ISIN] ON [dbo].[tblnotified_shorts];
activist_insight,2026-05-10 01:35:21.070,[dbo].[tblnotified_shorts],dbo,tblnotified_shorts,21,PK_tblnotifiedShorts,NONCLUSTERED,1,1,0,0,0,NULL,0,PRIMARY,notified_short_id,NULL,1,4,notified_short_id,NULL,notified_short_id||,3340831,1,62.05,0,1,0,8740,1,0.00,-8739,NULL,2026-06-18 15:11:11.603,NULL,2026-09-02 06:37:28.260,"CREATE UNIQUE NONCLUSTERED INDEX [PK_tblnotifiedShorts] ON [dbo].[tblnotified_shorts] ([notified_short_id] ASC) WITH (DROP_EXISTING = OFF, ONLINE = ON) ON [PRIMARY];","-- Constraint-backed, review before dropping: ALTER TABLE [dbo].[tblnotified_shorts] DROP CONSTRAINT [PK_tblnotifiedShorts];"
activist_insight,2026-05-10 01:35:21.070,[dbo].[tblnotified_shorts],dbo,tblnotified_shorts,22,idx_tblnotified_shorts_ISIN_Investor,NONCLUSTERED,0,0,0,0,0,NULL,90,PRIMARY,"ISIN, Investor","Net_position, is_current",2,515,"isin, investor","is_current, net_position","isin, investor|is_current, net_position|",3340831,1,64.66,6189777,62284,0,6020181,6252061,1.04,231880,2026-09-02 08:57:55.793,2026-09-02 09:01:29.387,NULL,2026-09-02 08:47:13.670,"CREATE NONCLUSTERED INDEX [idx_tblnotified_shorts_ISIN_Investor] ON [dbo].[tblnotified_shorts] ([ISIN] ASC, [Investor] ASC) INCLUDE (Net_position, is_current) WITH (DROP_EXISTING = OFF, ONLINE = ON, FILLFACTOR = 90) ON [PRIMARY];",DROP INDEX [idx_tblnotified_shorts_ISIN_Investor] ON [dbo].[tblnotified_shorts];
activist_insight,2026-05-10 01:35:21.070,[dbo].[tblnotified_shorts],dbo,tblnotified_shorts,23,idx_tblnotified_shorts_Investor_is_current,NONCLUSTERED,0,0,0,0,0,NULL,90,PRIMARY,"Investor, is_current, Position_date","Issuer, ISIN, Net_position",3,509,"investor, is_current, position_date","isin, issuer, net_position","investor, is_current, position_date|isin, issuer, net_position|",3340831,1,150.55,1119147,0,0,6020181,1119147,0.19,-4901034,2026-09-02 06:37:27.913,NULL,NULL,2026-09-02 08:47:13.670,"CREATE NONCLUSTERED INDEX [idx_tblnotified_shorts_Investor_is_current] ON [dbo].[tblnotified_shorts] ([Investor] ASC, [is_current] ASC, [Position_date] ASC) INCLUDE (Issuer, ISIN, Net_position) WITH (DROP_EXISTING = OFF, ONLINE = ON, FILLFACTOR = 90) ON [PRIMARY];",DROP INDEX [idx_tblnotified_shorts_Investor_is_current] ON [dbo].[tblnotified_shorts];
activist_insight,2026-05-10 01:35:21.070,[dbo].[tblType_345_form_detail_reporting_owners],dbo,tblType_345_form_detail_reporting_owners,1,CDX_tblType_345_form_detail_reporting_owners_type_345_form_detail_id reporting_is_director director_id_includes,CLUSTERED,0,0,0,0,0,NULL,95,PRIMARY,"type_345_form_detail_id, reporting_is_director, director_id",NULL,3,9,"type_345_form_detail_id, reporting_is_director, director_id",NULL,"type_345_form_detail_id, reporting_is_director, director_id||",3111611,1,420.30,311437,0,0,189626,311437,1.64,121811,2026-09-02 09:02:34.690,NULL,NULL,2026-09-02 09:02:34.690,"CREATE CLUSTERED INDEX [CDX_tblType_345_form_detail_reporting_owners_type_345_form_detail_id reporting_is_director director_id_includes] ON [dbo].[tblType_345_form_detail_reporting_owners] ([type_345_form_detail_id] ASC, [reporting_is_director] ASC, [director_id] ASC) WITH (DROP_EXISTING = OFF, ONLINE = ON, FILLFACTOR = 95) ON [PRIMARY];",DROP INDEX [CDX_tblType_345_form_detail_reporting_owners_type_345_form_detail_id reporting_is_director director_id_includes] ON [dbo].[tblType_345_form_detail_reporting_owners];
activist_insight,2026-05-10 01:35:21.070,[dbo].[tblType_345_form_detail_reporting_owners],dbo,tblType_345_form_detail_reporting_owners,11,PK_tblType_3_form_detail_reporting_owners,NONCLUSTERED,1,1,0,0,0,NULL,0,PRIMARY,type_345_form_detail_reporting_owner_id,NULL,1,4,type_345_form_detail_reporting_owner_id,NULL,type_345_form_detail_reporting_owner_id||,3111611,1,63.24,0,0,0,189626,0,0.00,-189626,NULL,NULL,NULL,2026-09-02 09:02:34.690,"CREATE UNIQUE NONCLUSTERED INDEX [PK_tblType_3_form_detail_reporting_owners] ON [dbo].[tblType_345_form_detail_reporting_owners] ([type_345_form_detail_reporting_owner_id] ASC) WITH (DROP_EXISTING = OFF, ONLINE = ON) ON [PRIMARY];","-- Constraint-backed, review before dropping: ALTER TABLE [dbo].[tblType_345_form_detail_reporting_owners] DROP CONSTRAINT [PK_tblType_3_form_detail_reporting_owners];"
activist_insight,2026-05-10 01:35:21.070,[dbo].[tblType_345_form_detail_owner_signatures],dbo,tblType_345_form_detail_owner_signatures,1,cdx_tbltype_345_form_detail_owner_signatures_type_345_form_detail_id,CLUSTERED,0,0,0,0,0,NULL,90,PRIMARY,type_345_form_detail_id,NULL,1,4,type_345_form_detail_id,NULL,type_345_form_detail_id||,3056378,1,163.67,21048,0,0,22560,21048,0.93,-1512,2026-09-02 09:02:11.557,NULL,NULL,2026-09-02 09:02:11.033,"CREATE CLUSTERED INDEX [cdx_tbltype_345_form_detail_owner_signatures_type_345_form_detail_id] ON [dbo].[tblType_345_form_detail_owner_signatures] ([type_345_form_detail_id] ASC) WITH (DROP_EXISTING = OFF, ONLINE = ON, FILLFACTOR = 90) ON [PRIMARY];",DROP INDEX [cdx_tbltype_345_form_detail_owner_signatures_type_345_form_detail_id] ON [dbo].[tblType_345_form_detail_owner_signatures];
activist_insight,2026-05-10 01:35:21.070,[dbo].[tblType_345_form_detail_owner_signatures],dbo,tblType_345_form_detail_owner_signatures,3,PK_tblType_345_form_detail_owner_signatures,NONCLUSTERED,1,1,0,0,0,NULL,100,PRIMARY,type_345_form_detail_owner_signature_id,NULL,1,4,type_345_form_detail_owner_signature_id,NULL,type_345_form_detail_owner_signature_id||,3056378,1,33.97,0,0,0,22560,0,0.00,-22560,NULL,NULL,NULL,2026-09-02 09:02:11.033,"CREATE UNIQUE NONCLUSTERED INDEX [PK_tblType_345_form_detail_owner_signatures] ON [dbo].[tblType_345_form_detail_owner_signatures] ([type_345_form_detail_owner_signature_id] ASC) WITH (DROP_EXISTING = OFF, ONLINE = ON) ON [PRIMARY];","-- Constraint-backed, review before dropping: ALTER TABLE [dbo].[tblType_345_form_detail_owner_signatures] DROP CONSTRAINT [PK_tblType_345_form_detail_owner_signatures];"
activist_insight,2026-05-10 01:35:21.070,[dbo].[tmpFundamental_SEC],dbo,tmpFundamental_SEC,0,NULL,HEAP,0,0,0,0,0,NULL,0,PRIMARY,NULL,NULL,0,0,NULL,NULL,||,2937699,1,216.26,0,0,0,0,0,NULL,0,NULL,NULL,NULL,NULL,NULL,NULL
activist_insight,2026-05-10 01:35:21.070,[dbo].[tblType_345_form_detail],dbo,tblType_345_form_detail,1,PK_tblType_3_form_detail,CLUSTERED,1,1,0,0,0,NULL,0,PRIMARY,type_345_form_detail_id,NULL,1,4,type_345_form_detail_id,NULL,type_345_form_detail_id||,2880548,1,468.37,185118,78340,40543,185119,304001,1.64,118882,2026-09-02 09:02:34.690,2026-07-03 13:59:34.233,2026-07-03 13:59:34.460,2026-09-02 09:02:34.687,"CREATE UNIQUE CLUSTERED INDEX [PK_tblType_3_form_detail] ON [dbo].[tblType_345_form_detail] ([type_345_form_detail_id] ASC) WITH (DROP_EXISTING = OFF, ONLINE = ON) ON [PRIMARY];","-- Constraint-backed, review before dropping: ALTER TABLE [dbo].[tblType_345_form_detail] DROP CONSTRAINT [PK_tblType_3_form_detail];"
activist_insight,2026-05-10 01:35:21.070,[dbo].[tblType_345_form_detail],dbo,tblType_345_form_detail,2,idx_tbltype_345_form_detail_accession_id,NONCLUSTERED,0,0,0,0,0,NULL,90,PRIMARY,accession_id,"scraped_filing_id_issuer, scraped_filing_id_reporting, scraped_filing_id_unknown",1,50,accession_id,"scraped_filing_id_issuer, scraped_filing_id_reporting, scraped_filing_id_unknown","accession_id|scraped_filing_id_issuer, scraped_filing_id_reporting, scraped_filing_id_unknown|",2880548,1,74.86,47986,47992,0,47986,95978,2.00,47992,2026-09-02 09:02:34.687,2026-09-02 09:02:53.073,NULL,2026-09-02 09:02:34.687,"CREATE NONCLUSTERED INDEX [idx_tbltype_345_form_detail_accession_id] ON [dbo].[tblType_345_form_detail] ([accession_id] ASC) INCLUDE (scraped_filing_id_issuer, scraped_filing_id_reporting, scraped_filing_id_unknown) WITH (DROP_EXISTING = OFF, ONLINE = ON, FILLFACTOR = 90) ON [PRIMARY];",DROP INDEX [idx_tbltype_345_form_detail_accession_id] ON [dbo].[tblType_345_form_detail];
activist_insight,2026-05-10 01:35:21.070,[dbo].[tblType_345_form_detail],dbo,tblType_345_form_detail,16,idx_tbltype_345_form_detail_scraped_filing_id_issuer,NONCLUSTERED,0,0,0,0,0,NULL,90,PRIMARY,"scraped_filing_id_issuer, accession_id",NULL,2,54,"scraped_filing_id_issuer, accession_id",NULL,"scraped_filing_id_issuer, accession_id||",2880548,1,89.94,17949,0,0,39035,17949,0.46,-21086,2026-09-02 08:59:31.053,NULL,NULL,2026-09-02 09:02:08.837,"CREATE NONCLUSTERED INDEX [idx_tbltype_345_form_detail_scraped_filing_id_issuer] ON [dbo].[tblType_345_form_detail] ([scraped_filing_id_issuer] ASC, [accession_id] ASC) WITH (DROP_EXISTING = OFF, ONLINE = ON, FILLFACTOR = 90) ON [PRIMARY];",DROP INDEX [idx_tbltype_345_form_detail_scraped_filing_id_issuer] ON [dbo].[tblType_345_form_detail];
activist_insight,2026-05-10 01:35:21.070,[dbo].[tblType_345_form_detail],dbo,tblType_345_form_detail,17,idx_tbltype_345_form_detail_scraped_filing_id_reporting,NONCLUSTERED,0,0,0,0,0,NULL,90,PRIMARY,"scraped_filing_id_reporting, accession_id",NULL,2,54,"scraped_filing_id_reporting, accession_id",NULL,"scraped_filing_id_reporting, accession_id||",2880548,1,89.73,8951,0,0,30037,8951,0.30,-21086,2026-09-02 09:02:34.687,NULL,NULL,2026-09-02 09:02:34.687,"CREATE NONCLUSTERED INDEX [idx_tbltype_345_form_detail_scraped_filing_id_reporting] ON [dbo].[tblType_345_form_detail] ([scraped_filing_id_reporting] ASC, [accession_id] ASC) WITH (DROP_EXISTING = OFF, ONLINE = ON, FILLFACTOR = 90) ON [PRIMARY];",DROP INDEX [idx_tbltype_345_form_detail_scraped_filing_id_reporting] ON [dbo].[tblType_345_form_detail];
activist_insight,2026-05-10 01:35:21.070,[dbo].[raw_NPX_tblReporting_company_Stage],dbo,raw_NPX_tblReporting_company_Stage,1,PK_raw_NPX_tblReporting_company_Stage,CLUSTERED,1,1,0,0,0,NULL,0,PRIMARY,reporting_company_id,NULL,1,4,reporting_company_id,NULL,reporting_company_id||,2803803,1,768.02,0,0,0,0,0,NULL,0,NULL,NULL,NULL,NULL,"CREATE UNIQUE CLUSTERED INDEX [PK_raw_NPX_tblReporting_company_Stage] ON [dbo].[raw_NPX_tblReporting_company_Stage] ([reporting_company_id] ASC) WITH (DROP_EXISTING = OFF, ONLINE = ON) ON [PRIMARY];","-- Constraint-backed, review before dropping: ALTER TABLE [dbo].[raw_NPX_tblReporting_company_Stage] DROP CONSTRAINT [PK_raw_NPX_tblReporting_company_Stage];"
activist_insight,2026-05-10 01:35:21.070,[dbo].[raw_NPX_tblReporting_company_Stage],dbo,raw_NPX_tblReporting_company_Stage,8,Idx_raw_NPX_tblReporting_company_Stage_1,NONCLUSTERED,0,0,0,0,0,NULL,0,PRIMARY,prod_reporting_company_id,NULL,1,4,prod_reporting_company_id,NULL,prod_reporting_company_id||,2803803,1,78.83,0,0,0,0,0,NULL,0,NULL,NULL,NULL,NULL,"CREATE NONCLUSTERED INDEX [Idx_raw_NPX_tblReporting_company_Stage_1] ON [dbo].[raw_NPX_tblReporting_company_Stage] ([prod_reporting_company_id] ASC) WITH (DROP_EXISTING = OFF, ONLINE = ON) ON [PRIMARY];",DROP INDEX [Idx_raw_NPX_tblReporting_company_Stage_1] ON [dbo].[raw_NPX_tblReporting_company_Stage];
activist_insight,2026-05-10 01:35:21.070,[dbo].[stgCompensationEMEA_OutstandingAwards],dbo,stgCompensationEMEA_OutstandingAwards,1,PK__stgCompe__38433B711F2CC635,CLUSTERED,1,1,0,0,0,NULL,0,PRIMARY,stgCompensation_Outstanding_id,NULL,1,4,stgcompensation_outstanding_id,NULL,stgcompensation_outstanding_id||,2530654,1,830.68,0,2090,0,1856,2090,1.13,234,NULL,2026-09-02 02:44:24.270,NULL,2026-09-02 02:44:24.270,"CREATE UNIQUE CLUSTERED INDEX [PK__stgCompe__38433B711F2CC635] ON [dbo].[stgCompensationEMEA_OutstandingAwards] ([stgCompensation_Outstanding_id] ASC) WITH (DROP_EXISTING = OFF, ONLINE = ON) ON [PRIMARY];","-- Constraint-backed, review before dropping: ALTER TABLE [dbo].[stgCompensationEMEA_OutstandingAwards] DROP CONSTRAINT [PK__stgCompe__38433B711F2CC635];"
activist_insight,2026-05-10 01:35:21.070,[dbo].[tblV3a_alert_inbox_event_elements],dbo,tblV3a_alert_inbox_event_elements,1,PK_tblV3a_alert_inbox_event_elements,CLUSTERED,1,1,0,0,0,NULL,0,PRIMARY,alert_inbox_event_element_id,NULL,1,4,alert_inbox_event_element_id,NULL,alert_inbox_event_element_id||,2332734,1,113.49,0,1,40517840,74906,40517841,540.92,40442935,NULL,2026-05-18 14:24:28.663,2026-09-02 09:02:51.023,2026-09-02 08:57:15.630,"CREATE UNIQUE CLUSTERED INDEX [PK_tblV3a_alert_inbox_event_elements] ON [dbo].[tblV3a_alert_inbox_event_elements] ([alert_inbox_event_element_id] ASC) WITH (DROP_EXISTING = OFF, ONLINE = ON) ON [PRIMARY];","-- Constraint-backed, review before dropping: ALTER TABLE [dbo].[tblV3a_alert_inbox_event_elements] DROP CONSTRAINT [PK_tblV3a_alert_inbox_event_elements];"
activist_insight,2026-05-10 01:35:21.070,[dbo].[tblV3a_alert_inbox_event_elements],dbo,tblV3a_alert_inbox_event_elements,7,IX_tblV3a_alert_inbox_event_elements_element_type_alert_sequence_number_element_table_id_INCLUDES,NONCLUSTERED,0,0,0,0,0,NULL,0,PRIMARY,"element_type, alert_sequence_number, element_table_id",alert_inbox_event_id,3,9,"element_type, alert_sequence_number, element_table_id",alert_inbox_event_id,"element_type, alert_sequence_number, element_table_id|alert_inbox_event_id|",2332734,1,90.14,25545519,0,0,74906,25545519,341.03,25470613,2026-09-02 09:02:53.370,NULL,NULL,2026-09-02 08:57:15.630,"CREATE NONCLUSTERED INDEX [IX_tblV3a_alert_inbox_event_elements_element_type_alert_sequence_number_element_table_id_INCLUDES] ON [dbo].[tblV3a_alert_inbox_event_elements] ([element_type] ASC, [alert_sequence_number] ASC, [element_table_id] ASC) INCLUDE (alert_inbox_event_id) WITH (DROP_EXISTING = OFF, ONLINE = ON) ON [PRIMARY];",DROP INDEX [IX_tblV3a_alert_inbox_event_elements_element_type_alert_sequence_number_element_table_id_INCLUDES] ON [dbo].[tblV3a_alert_inbox_event_elements];
activist_insight,2026-05-10 01:35:21.070,[dbo].[tblV3a_alert_inbox_event_elements],dbo,tblV3a_alert_inbox_event_elements,8,NonClusteredIndex-20211125-111713,NONCLUSTERED,0,0,0,0,0,NULL,0,PRIMARY,alert_inbox_event_id,element_type,1,4,alert_inbox_event_id,element_type,alert_inbox_event_id|element_type|,2332734,1,74.13,48657491,977911,0,74906,49635402,662.64,49560496,2026-09-02 09:02:53.300,2026-09-02 08:50:05.443,NULL,2026-09-02 08:57:15.630,"CREATE NONCLUSTERED INDEX [NonClusteredIndex-20211125-111713] ON [dbo].[tblV3a_alert_inbox_event_elements] ([alert_inbox_event_id] ASC) INCLUDE (element_type) WITH (DROP_EXISTING = OFF, ONLINE = ON) ON [PRIMARY];",DROP INDEX [NonClusteredIndex-20211125-111713] ON [dbo].[tblV3a_alert_inbox_event_elements];
activist_insight,2026-05-10 01:35:21.070,[dbo].[tblV3a_alert_inbox_event_elements],dbo,tblV3a_alert_inbox_event_elements,10,IX_tblV3a_alert_inbox_event_elements_element_type_element_table_text_INCLUDES,NONCLUSTERED,0,0,0,0,0,NULL,0,PRIMARY,"element_type, element_table_text",element_table_id,2,54,"element_type, element_table_text",element_table_id,"element_type, element_table_text|element_table_id|",2332734,1,107.09,8462711,0,0,74906,8462711,112.98,8387805,2026-09-02 09:02:44.913,NULL,NULL,2026-09-02 08:57:15.630,"CREATE NONCLUSTERED INDEX [IX_tblV3a_alert_inbox_event_elements_element_type_element_table_text_INCLUDES] ON [dbo].[tblV3a_alert_inbox_event_elements] ([element_type] ASC, [element_table_text] DESC) INCLUDE (element_table_id) WITH (DROP_EXISTING = OFF, ONLINE = ON) ON [PRIMARY];",DROP INDEX [IX_tblV3a_alert_inbox_event_elements_element_type_element_table_text_INCLUDES] ON [dbo].[tblV3a_alert_inbox_event_elements];
activist_insight,2026-05-10 01:35:21.070,[dbo].[tblScraped_items],dbo,tblScraped_items,1,PK_tblScraped_items,CLUSTERED,1,1,0,0,0,NULL,0,PRIMARY,scraped_item_id,NULL,1,4,scraped_item_id,NULL,scraped_item_id||,2154738,1,65.29,0,47930,821783,47594,869713,18.27,822119,NULL,2026-09-02 08:24:00.830,2026-09-02 09:01:12.693,2026-09-01 21:33:14.457,"CREATE UNIQUE CLUSTERED INDEX [PK_tblScraped_items] ON [dbo].[tblScraped_items] ([scraped_item_id] ASC) WITH (DROP_EXISTING = OFF, ONLINE = ON) ON [PRIMARY];","-- Constraint-backed, review before dropping: ALTER TABLE [dbo].[tblScraped_items] DROP CONSTRAINT [PK_tblScraped_items];"
activist_insight,2026-05-10 01:35:21.070,[dbo].[tblScraped_items],dbo,tblScraped_items,5,NonClusteredIndex-20160315-113402,NONCLUSTERED,0,0,0,0,0,NULL,0,PRIMARY,item,scraped_filing_id,1,20,item,scraped_filing_id,item|scraped_filing_id|,2154738,1,59.41,406835,1208,0,47594,408043,8.57,360449,2026-09-02 09:02:44.883,2026-09-02 08:42:22.497,NULL,2026-09-01 21:33:14.457,"CREATE NONCLUSTERED INDEX [NonClusteredIndex-20160315-113402] ON [dbo].[tblScraped_items] ([item] ASC) INCLUDE (scraped_filing_id) WITH (DROP_EXISTING = OFF, ONLINE = ON) ON [PRIMARY];",DROP INDEX [NonClusteredIndex-20160315-113402] ON [dbo].[tblScraped_items];
activist_insight,2026-05-10 01:35:21.070,[dbo].[tblScraped_items],dbo,tblScraped_items,6,NonClusteredIndex-20160315-113448,NONCLUSTERED,0,0,0,0,0,NULL,0,PRIMARY,additional_detail,NULL,1,10,additional_detail,NULL,additional_detail||,2154738,1,33.80,0,0,0,47594,0,0.00,-47594,NULL,NULL,NULL,2026-09-01 21:33:14.457,"CREATE NONCLUSTERED INDEX [NonClusteredIndex-20160315-113448] ON [dbo].[tblScraped_items] ([additional_detail] ASC) WITH (DROP_EXISTING = OFF, ONLINE = ON) ON [PRIMARY];",DROP INDEX [NonClusteredIndex-20160315-113448] ON [dbo].[tblScraped_items];
activist_insight,2026-05-10 01:35:21.070,[dbo].[tblScraped_items],dbo,tblScraped_items,7,NonClusteredIndex-20160315-114536,NONCLUSTERED,0,0,0,0,0,NULL,0,PRIMARY,scraped_filing_id,NULL,1,4,scraped_filing_id,NULL,scraped_filing_id||,2154738,1,45.00,821783,0,0,47594,821783,17.27,774189,2026-09-02 09:01:12.693,NULL,NULL,2026-09-01 21:33:14.457,"CREATE NONCLUSTERED INDEX [NonClusteredIndex-20160315-114536] ON [dbo].[tblScraped_items] ([scraped_filing_id] ASC) WITH (DROP_EXISTING = OFF, ONLINE = ON) ON [PRIMARY];",DROP INDEX [NonClusteredIndex-20160315-114536] ON [dbo].[tblScraped_items];
activist_insight,2026-05-10 01:35:21.070,[dbo].[tblV2a_reconsider_triggers],dbo,tblV2a_reconsider_triggers,1,PK_tblV2a_reconsider_triggers,CLUSTERED,1,1,0,0,0,NULL,0,PRIMARY,reconsider_trigger_id,NULL,1,4,reconsider_trigger_id,NULL,reconsider_trigger_id||,2135809,1,90.27,0,0,0,157914,0,0.00,-157914,NULL,NULL,NULL,2026-09-02 09:01:50.117,"CREATE UNIQUE CLUSTERED INDEX [PK_tblV2a_reconsider_triggers] ON [dbo].[tblV2a_reconsider_triggers] ([reconsider_trigger_id] ASC) WITH (DROP_EXISTING = OFF, ONLINE = ON) ON [PRIMARY];","-- Constraint-backed, review before dropping: ALTER TABLE [dbo].[tblV2a_reconsider_triggers] DROP CONSTRAINT [PK_tblV2a_reconsider_triggers];"
activist_insight,2026-05-10 01:35:21.070,[dbo].[tblSedar_scrape],dbo,tblSedar_scrape,1,PK_tblSedar_scrape,CLUSTERED,1,1,0,0,0,NULL,0,PRIMARY,sedar_scrape_id,NULL,1,4,sedar_scrape_id,NULL,sedar_scrape_id||,1804882,1,429.15,3065,5,4935,0,8005,NULL,8005,2026-09-02 04:24:55.453,2026-08-28 16:00:19.883,2026-09-02 04:24:55.460,NULL,"CREATE UNIQUE CLUSTERED INDEX [PK_tblSedar_scrape] ON [dbo].[tblSedar_scrape] ([sedar_scrape_id] ASC) WITH (DROP_EXISTING = OFF, ONLINE = ON) ON [PRIMARY];","-- Constraint-backed, review before dropping: ALTER TABLE [dbo].[tblSedar_scrape] DROP CONSTRAINT [PK_tblSedar_scrape];"
activist_insight,2026-05-10 01:35:21.070,[dbo].[tblSedar_scrape],dbo,tblSedar_scrape,10,NonClusteredIndex-20150515-152705,NONCLUSTERED,0,0,0,0,0,NULL,0,PRIMARY,filing_date_time,NULL,1,8,filing_date_time,NULL,filing_date_time||,1804882,1,42.95,121,4814,0,0,4935,NULL,4935,2026-09-02 04:16:41.000,2026-09-02 04:24:55.460,NULL,NULL,"CREATE NONCLUSTERED INDEX [NonClusteredIndex-20150515-152705] ON [dbo].[tblSedar_scrape] ([filing_date_time] ASC) WITH (DROP_EXISTING = OFF, ONLINE = ON) ON [PRIMARY];",DROP INDEX [NonClusteredIndex-20150515-152705] ON [dbo].[tblSedar_scrape];
activist_insight,2026-05-10 01:35:21.070,[dbo].[tblV2a_triggers],dbo,tblV2a_triggers,1,PK_tblV2a_triggers,CLUSTERED,1,1,0,0,0,NULL,0,PRIMARY,trigger_id,NULL,1,4,trigger_id,NULL,trigger_id||,1761686,1,170.38,1870,1416101,0,3194450,1417971,0.44,-1776479,2026-09-02 08:57:30.580,2026-09-02 09:02:45.993,NULL,2026-09-02 09:02:46.530,"CREATE UNIQUE CLUSTERED INDEX [PK_tblV2a_triggers] ON [dbo].[tblV2a_triggers] ([trigger_id] ASC) WITH (DROP_EXISTING = OFF, ONLINE = ON) ON [PRIMARY];","-- Constraint-backed, review before dropping: ALTER TABLE [dbo].[tblV2a_triggers] DROP CONSTRAINT [PK_tblV2a_triggers];"
activist_insight,2026-05-10 01:35:21.070,[dbo].[tblV2a_triggers],dbo,tblV2a_triggers,7,idx_tblV2a_triggers_table_name,NONCLUSTERED,0,0,0,0,0,NULL,90,PRIMARY,"table_name, action, occured","table_id, checked",3,59,"table_name, action, occured","checked, table_id","table_name, action, occured|checked, table_id|",1761686,1,32.70,809746,655465,0,2394490,1465211,0.61,-929279,2026-09-02 09:02:46.530,2026-09-02 09:02:46.707,NULL,2026-09-02 09:02:46.530,"CREATE NONCLUSTERED INDEX [idx_tblV2a_triggers_table_name] ON [dbo].[tblV2a_triggers] ([table_name] ASC, [action] ASC, [occured] ASC) INCLUDE (table_id, checked) WITH (DROP_EXISTING = OFF, ONLINE = ON, FILLFACTOR = 90) ON [PRIMARY];",DROP INDEX [idx_tblV2a_triggers_table_name] ON [dbo].[tblV2a_triggers];
activist_insight,2026-05-10 01:35:21.070,[dbo].[tblType_345_form_detail_derivative_transactions],dbo,tblType_345_form_detail_derivative_transactions,1,cdx_tblType_345_form_detail_derivative_transactions_form_detail_id,CLUSTERED,0,0,0,0,0,NULL,90,PRIMARY,type_345_form_detail_id,NULL,1,4,type_345_form_detail_id,NULL,type_345_form_detail_id||,1713751,1,108.82,58823,0,0,30598,58823,1.92,28225,2026-09-02 09:02:11.557,NULL,NULL,2026-09-02 09:02:10.980,"CREATE CLUSTERED INDEX [cdx_tblType_345_form_detail_derivative_transactions_form_detail_id] ON [dbo].[tblType_345_form_detail_derivative_transactions] ([type_345_form_detail_id] ASC) WITH (DROP_EXISTING = OFF, ONLINE = ON, FILLFACTOR = 90) ON [PRIMARY];",DROP INDEX [cdx_tblType_345_form_detail_derivative_transactions_form_detail_id] ON [dbo].[tblType_345_form_detail_derivative_transactions];
activist_insight,2026-05-10 01:35:21.070,[dbo].[tblType_345_form_detail_derivative_transactions],dbo,tblType_345_form_detail_derivative_transactions,3,PK_tblType_345_form_detail_derivative_transactions,NONCLUSTERED,1,1,0,0,0,NULL,0,PRIMARY,type_345_form_detail_derivative_transaction_id,NULL,1,4,type_345_form_detail_derivative_transaction_id,NULL,type_345_form_detail_derivative_transaction_id||,1713751,1,20.63,0,0,0,30598,0,0.00,-30598,NULL,NULL,NULL,2026-09-02 09:02:10.980,"CREATE UNIQUE NONCLUSTERED INDEX [PK_tblType_345_form_detail_derivative_transactions] ON [dbo].[tblType_345_form_detail_derivative_transactions] ([type_345_form_detail_derivative_transaction_id] ASC) WITH (DROP_EXISTING = OFF, ONLINE = ON) ON [PRIMARY];","-- Constraint-backed, review before dropping: ALTER TABLE [dbo].[tblType_345_form_detail_derivative_transactions] DROP CONSTRAINT [PK_tblType_345_form_detail_derivative_transactions];"
activist_insight,2026-05-10 01:35:21.070,[dbo].[tblSessions],dbo,tblSessions,1,PK_tblSessions,CLUSTERED,1,1,0,0,0,NULL,0,PRIMARY,session_id,NULL,1,4,session_id,NULL,session_id||,1667706,1,75.16,230185,41103,0,271287,271288,1.00,1,2026-09-02 09:02:24.867,2026-09-02 09:02:51.813,NULL,2026-09-02 09:02:51.813,"CREATE UNIQUE CLUSTERED INDEX [PK_tblSessions] ON [dbo].[tblSessions] ([session_id] ASC) WITH (DROP_EXISTING = OFF, ONLINE = ON) ON [PRIMARY];","-- Constraint-backed, review before dropping: ALTER TABLE [dbo].[tblSessions] DROP CONSTRAINT [PK_tblSessions];"
activist_insight,2026-05-10 01:35:21.070,[dbo].[tblSessions],dbo,tblSessions,6,idx_user_id_session_last,NONCLUSTERED,0,0,0,0,0,NULL,0,PRIMARY,user_id,session_last,1,4,user_id,session_last,user_id|session_last|,1667706,1,56.80,0,0,0,271275,0,0.00,-271275,NULL,NULL,NULL,2026-09-02 09:02:51.813,"CREATE NONCLUSTERED INDEX [idx_user_id_session_last] ON [dbo].[tblSessions] ([user_id] ASC) INCLUDE (session_last) WITH (DROP_EXISTING = OFF, ONLINE = ON) ON [PRIMARY];",DROP INDEX [idx_user_id_session_last] ON [dbo].[tblSessions];
activist_insight,2026-05-10 01:35:21.070,[dbo].[tbldirector_skills_members],dbo,tbldirector_skills_members,1,PK__tbldirec__3213E83F0EF56717,CLUSTERED,1,1,0,0,0,NULL,0,PRIMARY,id,NULL,1,4,id,NULL,id||,1586166,1,73.72,0,3937,0,3848,3937,1.02,89,NULL,2026-08-25 08:55:23.533,NULL,2026-08-24 16:06:09.940,"CREATE UNIQUE CLUSTERED INDEX [PK__tbldirec__3213E83F0EF56717] ON [dbo].[tbldirector_skills_members] ([id] ASC) WITH (DROP_EXISTING = OFF, ONLINE = ON) ON [PRIMARY];","-- Constraint-backed, review before dropping: ALTER TABLE [dbo].[tbldirector_skills_members] DROP CONSTRAINT [PK__tbldirec__3213E83F0EF56717];"
activist_insight,2026-05-10 01:35:21.070,[dbo].[stgDHI_CGS_Import],dbo,stgDHI_CGS_Import,1,PK_stgDHI_CGS_Import,CLUSTERED,1,1,0,0,0,NULL,0,PRIMARY,ImportId,NULL,1,4,importid,NULL,importid||,1493549,1,1869.98,104,139,208,844569,451,0.00,-844118,2026-09-01 02:23:51.037,2026-09-02 00:16:48.080,2026-09-01 02:23:46.333,2026-09-02 01:54:54.903,"CREATE UNIQUE CLUSTERED INDEX [PK_stgDHI_CGS_Import] ON [dbo].[stgDHI_CGS_Import] ([ImportId] ASC) WITH (DROP_EXISTING = OFF, ONLINE = ON) ON [PRIMARY];","-- Constraint-backed, review before dropping: ALTER TABLE [dbo].[stgDHI_CGS_Import] DROP CONSTRAINT [PK_stgDHI_CGS_Import];"
activist_insight,2026-05-10 01:35:21.070,[dbo].[stgDHI_CGS_Import],dbo,stgDHI_CGS_Import,2,IX_stgDHI_CGS_Import_BatchId,NONCLUSTERED,0,0,0,0,0,NULL,90,PRIMARY,ImportBatchId,NULL,1,16,importbatchid,NULL,importbatchid||,1493549,1,60.48,104,0,0,844153,104,0.00,-844049,2026-09-01 02:23:46.113,NULL,NULL,2026-09-02 01:54:54.903,"CREATE NONCLUSTERED INDEX [IX_stgDHI_CGS_Import_BatchId] ON [dbo].[stgDHI_CGS_Import] ([ImportBatchId] ASC) WITH (DROP_EXISTING = OFF, ONLINE = ON, FILLFACTOR = 90) ON [PRIMARY];",DROP INDEX [IX_stgDHI_CGS_Import_BatchId] ON [dbo].[stgDHI_CGS_Import];
activist_insight,2026-05-10 01:35:21.070,[dbo].[stgDHI_CGS_Import],dbo,stgDHI_CGS_Import,6,IX_stgDHI_CGS_Import_PID,NONCLUSTERED,0,0,0,0,0,NULL,90,PRIMARY,PID,NULL,1,4,pid,NULL,pid||,1493549,1,49.28,0,2,0,844153,2,0.00,-844151,NULL,2026-06-05 14:03:21.910,NULL,2026-09-02 01:54:54.903,"CREATE NONCLUSTERED INDEX [IX_stgDHI_CGS_Import_PID] ON [dbo].[stgDHI_CGS_Import] ([PID] ASC) WITH (DROP_EXISTING = OFF, ONLINE = ON, FILLFACTOR = 90) ON [PRIMARY];",DROP INDEX [IX_stgDHI_CGS_Import_PID] ON [dbo].[stgDHI_CGS_Import];
activist_insight,2026-05-10 01:35:21.070,[dbo].[stgDHI_CGS_Import],dbo,stgDHI_CGS_Import,7,IX_stgDHI_CGS_Import_RequestDate,NONCLUSTERED,0,0,0,0,0,NULL,90,PRIMARY,RequestDate,NULL,1,8,requestdate,NULL,requestdate||,1493549,1,55.75,0,0,0,844153,0,0.00,-844153,NULL,NULL,NULL,2026-09-02 01:54:54.903,"CREATE NONCLUSTERED INDEX [IX_stgDHI_CGS_Import_RequestDate] ON [dbo].[stgDHI_CGS_Import] ([RequestDate] DESC) WITH (DROP_EXISTING = OFF, ONLINE = ON, FILLFACTOR = 90) ON [PRIMARY];",DROP INDEX [IX_stgDHI_CGS_Import_RequestDate] ON [dbo].[stgDHI_CGS_Import];
activist_insight,2026-05-10 01:35:21.070,[dbo].[tblexchange_rate_daily],dbo,tblexchange_rate_daily,1,ClusteredIndex-20180514-112158,CLUSTERED,0,0,0,0,0,NULL,0,PRIMARY,"date_of_rate, currency",NULL,2,13,"date_of_rate, currency",NULL,"date_of_rate, currency||",1492211,1,54.60,2409,5504,0,102,7913,77.58,7811,2026-09-02 07:09:05.690,2026-09-02 05:33:57.470,NULL,2026-09-01 20:31:54.950,"CREATE CLUSTERED INDEX [ClusteredIndex-20180514-112158] ON [dbo].[tblexchange_rate_daily] ([date_of_rate] ASC, [currency] ASC) WITH (DROP_EXISTING = OFF, ONLINE = ON) ON [PRIMARY];",DROP INDEX [ClusteredIndex-20180514-112158] ON [dbo].[tblexchange_rate_daily];
activist_insight,2026-05-10 01:35:21.070,[dbo].[tblexchange_rate_daily],dbo,tblexchange_rate_daily,6,PK_tblexchangeRateDaily,NONCLUSTERED,1,1,0,0,0,NULL,0,PRIMARY,exchange_rate_history_id,NULL,1,4,exchange_rate_history_id,NULL,exchange_rate_history_id||,1492211,1,31.34,0,0,0,102,0,0.00,-102,NULL,NULL,NULL,2026-09-01 20:31:54.950,"CREATE UNIQUE NONCLUSTERED INDEX [PK_tblexchangeRateDaily] ON [dbo].[tblexchange_rate_daily] ([exchange_rate_history_id] ASC) WITH (DROP_EXISTING = OFF, ONLINE = ON) ON [PRIMARY];","-- Constraint-backed, review before dropping: ALTER TABLE [dbo].[tblexchange_rate_daily] DROP CONSTRAINT [PK_tblexchangeRateDaily];"
activist_insight,2026-05-10 01:35:21.070,[dbo].[stgDHI_CGS_Import],dbo,stgDHI_CGS_Import,4,IX_stgDHI_CGS_Import_IssueLogDate,NONCLUSTERED,0,0,0,0,1,([IssueLogDate] IS NOT NULL),90,PRIMARY,IssueLogDate,NULL,1,20,issuelogdate,NULL,issuelogdate||([issuelogdate] is not null),1490463,1,61.36,0,0,0,844153,0,0.00,-844153,NULL,NULL,NULL,2026-09-02 01:54:54.903,"CREATE NONCLUSTERED INDEX [IX_stgDHI_CGS_Import_IssueLogDate] ON [dbo].[stgDHI_CGS_Import] ([IssueLogDate] DESC) WHERE ([IssueLogDate] IS NOT NULL) WITH (DROP_EXISTING = OFF, ONLINE = ON, FILLFACTOR = 90) ON [PRIMARY];",DROP INDEX [IX_stgDHI_CGS_Import_IssueLogDate] ON [dbo].[stgDHI_CGS_Import];
activist_insight,2026-05-10 01:35:21.070,[dbo].[stgDHI_CGS_Import],dbo,stgDHI_CGS_Import,5,IX_stgDHI_CGS_Import_IssueStatus,NONCLUSTERED,0,0,0,0,1,([IssueStatus] IS NOT NULL),90,PRIMARY,IssueStatus,"PID, CUSIP, ISIN",1,10,issuestatus,"cusip, isin, pid","issuestatus|cusip, isin, pid|([issuestatus] is not null)",1490463,1,84.95,0,0,0,844153,0,0.00,-844153,NULL,NULL,NULL,2026-09-02 01:54:54.903,"CREATE NONCLUSTERED INDEX [IX_stgDHI_CGS_Import_IssueStatus] ON [dbo].[stgDHI_CGS_Import] ([IssueStatus] ASC) INCLUDE (PID, CUSIP, ISIN) WHERE ([IssueStatus] IS NOT NULL) WITH (DROP_EXISTING = OFF, ONLINE = ON, FILLFACTOR = 90) ON [PRIMARY];",DROP INDEX [IX_stgDHI_CGS_Import_IssueStatus] ON [dbo].[stgDHI_CGS_Import];
activist_insight,2026-05-10 01:35:21.070,[dbo].[tblType_345_form_detail_non_derivative_holdings],dbo,tblType_345_form_detail_non_derivative_holdings,1,PK_tblType_3_form_detail_non_derivative_holdings,CLUSTERED,1,1,0,0,0,NULL,0,PRIMARY,type_345_form_detail_non_derivative_holding_id,NULL,1,4,type_345_form_detail_non_derivative_holding_id,NULL,type_345_form_detail_non_derivative_holding_id||,1446273,1,124.79,0,58824,0,24712,58824,2.38,34112,NULL,2026-09-02 09:02:11.057,NULL,2026-09-02 09:01:29.750,"CREATE UNIQUE CLUSTERED INDEX [PK_tblType_3_form_detail_non_derivative_holdings] ON [dbo].[tblType_345_form_detail_non_derivative_holdings] ([type_345_form_detail_non_derivative_holding_id] ASC) WITH (DROP_EXISTING = OFF, ONLINE = ON) ON [PRIMARY];","-- Constraint-backed, review before dropping: ALTER TABLE [dbo].[tblType_345_form_detail_non_derivative_holdings] DROP CONSTRAINT [PK_tblType_3_form_detail_non_derivative_holdings];"
activist_insight,2026-05-10 01:35:21.070,[dbo].[tbluser_news_log],dbo,tbluser_news_log,0,NULL,HEAP,0,0,0,0,0,NULL,0,PRIMARY,NULL,NULL,0,0,NULL,NULL,||,1395573,1,93.14,0,0,26335,39198,26335,0.67,-12863,NULL,NULL,2026-09-02 08:51:29.383,2026-09-02 08:59:25.287,NULL,NULL
activist_insight,2026-05-10 01:35:21.070,[dbo].[tbluser_news_log],dbo,tbluser_news_log,8,CvIndex-NewsComponentUserNewsID,NONCLUSTERED,0,0,0,0,0,NULL,0,PRIMARY,"user_id, news_id",NULL,2,8,"user_id, news_id",NULL,"user_id, news_id||",1395573,1,58.06,280217,69363,0,39198,349580,8.92,310382,2026-09-02 09:02:52.137,2026-09-02 08:55:42.697,NULL,2026-09-02 08:59:25.287,"CREATE NONCLUSTERED INDEX [CvIndex-NewsComponentUserNewsID] ON [dbo].[tbluser_news_log] ([user_id] ASC, [news_id] ASC) WITH (DROP_EXISTING = OFF, ONLINE = ON) ON [PRIMARY];",DROP INDEX [CvIndex-NewsComponentUserNewsID] ON [dbo].[tbluser_news_log];
activist_insight,2026-05-10 01:35:21.070,[dbo].[tblV3a_alert_inbox_events],dbo,tblV3a_alert_inbox_events,1,PK_tblV3a_alert_inbox_events,CLUSTERED,1,1,0,0,0,NULL,0,PRIMARY,alert_inbox_event_id,NULL,1,4,alert_inbox_event_id,NULL,alert_inbox_event_id||,1282401,1,39.75,53036409,14945553,0,74121,67981962,917.18,67907841,2026-09-02 09:02:53.300,2026-09-02 09:02:51.023,NULL,2026-09-02 08:57:15.630,"CREATE UNIQUE CLUSTERED INDEX [PK_tblV3a_alert_inbox_events] ON [dbo].[tblV3a_alert_inbox_events] ([alert_inbox_event_id] ASC) WITH (DROP_EXISTING = OFF, ONLINE = ON) ON [PRIMARY];","-- Constraint-backed, review before dropping: ALTER TABLE [dbo].[tblV3a_alert_inbox_events] DROP CONSTRAINT [PK_tblV3a_alert_inbox_events];"
activist_insight,2026-05-10 01:35:21.070,[dbo].[tblV2a_alert_inbox_elements],dbo,tblV2a_alert_inbox_elements,1,PK_tblV2a_alert_inbox_elements,CLUSTERED,1,1,0,0,0,NULL,0,PRIMARY,alert_inbox_elements_id,NULL,1,4,alert_inbox_elements_id,NULL,alert_inbox_elements_id||,1250530,1,206.37,0,0,0,0,0,NULL,0,NULL,NULL,NULL,NULL,"CREATE UNIQUE CLUSTERED INDEX [PK_tblV2a_alert_inbox_elements] ON [dbo].[tblV2a_alert_inbox_elements] ([alert_inbox_elements_id] ASC) WITH (DROP_EXISTING = OFF, ONLINE = ON) ON [PRIMARY];","-- Constraint-backed, review before dropping: ALTER TABLE [dbo].[tblV2a_alert_inbox_elements] DROP CONSTRAINT [PK_tblV2a_alert_inbox_elements];"
activist_insight,2026-05-10 01:35:21.070,[dbo].[tblISC_Data],dbo,tblISC_Data,1,ClusteredIndex-20161102-122924,CLUSTERED,0,0,0,0,0,NULL,0,PRIMARY,"pid, company_id, instant_date, Shares_outstanding",NULL,4,19,"pid, company_id, instant_date, shares_outstanding",NULL,"pid, company_id, instant_date, shares_outstanding||",1160156,1,79.70,977465,297,1414,398,979176,2460.24,978778,2026-09-02 09:02:50.227,2026-09-02 05:33:31.340,2026-09-02 09:00:30.073,2026-09-02 05:33:31.350,"CREATE CLUSTERED INDEX [ClusteredIndex-20161102-122924] ON [dbo].[tblISC_Data] ([pid] ASC, [company_id] ASC, [instant_date] ASC, [Shares_outstanding] ASC) WITH (DROP_EXISTING = OFF, ONLINE = ON) ON [PRIMARY];",DROP INDEX [ClusteredIndex-20161102-122924] ON [dbo].[tblISC_Data];
activist_insight,2026-05-10 01:35:21.070,[dbo].[tblISC_Data],dbo,tblISC_Data,10,NonClusteredIndexCompany_idInstantDate,NONCLUSTERED,0,0,0,0,0,NULL,0,PRIMARY,"company_id, instant_date, pid",Shares_outstanding,3,11,"company_id, instant_date, pid",shares_outstanding,"company_id, instant_date, pid|shares_outstanding|",1160156,1,48.80,23744,0,0,398,23744,59.66,23346,2026-09-02 09:00:30.073,NULL,NULL,2026-09-02 05:33:31.350,"CREATE NONCLUSTERED INDEX [NonClusteredIndexCompany_idInstantDate] ON [dbo].[tblISC_Data] ([company_id] ASC, [instant_date] ASC, [pid] ASC) INCLUDE (Shares_outstanding) WITH (DROP_EXISTING = OFF, ONLINE = ON) ON [PRIMARY];",DROP INDEX [NonClusteredIndexCompany_idInstantDate] ON [dbo].[tblISC_Data];
activist_insight,2026-05-10 01:35:21.070,[dbo].[tblISC_Data],dbo,tblISC_Data,11,NonClusteredIndex-20171004-091426,NONCLUSTERED,0,0,0,0,0,NULL,0,PRIMARY,"CIK, pid, company_id","instant_date, Shares_outstanding",3,12,"cik, pid, company_id","instant_date, shares_outstanding","cik, pid, company_id|instant_date, shares_outstanding|",1160156,1,56.68,580,452,0,398,1032,2.59,634,2026-09-02 05:33:37.280,2026-09-02 05:34:09.247,NULL,2026-09-02 05:33:31.350,"CREATE NONCLUSTERED INDEX [NonClusteredIndex-20171004-091426] ON [dbo].[tblISC_Data] ([CIK] ASC, [pid] ASC, [company_id] ASC) INCLUDE (instant_date, Shares_outstanding) WITH (DROP_EXISTING = OFF, ONLINE = ON) ON [PRIMARY];",DROP INDEX [NonClusteredIndex-20171004-091426] ON [dbo].[tblISC_Data];
activist_insight,2026-05-10 01:35:21.070,[dbo].[tblISC_Data],dbo,tblISC_Data,12,idx_cov_view_date,NONCLUSTERED,0,0,0,0,0,NULL,0,PRIMARY,instant_date,"pid, company_id, Shares_outstanding",1,3,instant_date,"company_id, pid, shares_outstanding","instant_date|company_id, pid, shares_outstanding|",1160156,1,41.41,16893,2,0,398,16895,42.45,16497,2026-09-02 09:02:47.787,2026-06-10 14:25:34.017,NULL,2026-09-02 05:33:31.350,"CREATE NONCLUSTERED INDEX [idx_cov_view_date] ON [dbo].[tblISC_Data] ([instant_date] ASC) INCLUDE (pid, company_id, Shares_outstanding) WITH (DROP_EXISTING = OFF, ONLINE = ON) ON [PRIMARY];",DROP INDEX [idx_cov_view_date] ON [dbo].[tblISC_Data];
activist_insight,2026-05-10 01:35:21.070,[dbo].[tblISC_Data],dbo,tblISC_Data,13,PK_tblISCData,NONCLUSTERED,1,1,0,0,0,NULL,0,PRIMARY,ISC_data_ID,NULL,1,4,isc_data_id,NULL,isc_data_id||,1160156,1,39.66,98,59773,0,398,59871,150.43,59473,2026-08-28 09:58:19.703,2026-09-02 09:00:00.487,NULL,2026-09-02 05:33:31.350,"CREATE UNIQUE NONCLUSTERED INDEX [PK_tblISCData] ON [dbo].[tblISC_Data] ([ISC_data_ID] ASC) WITH (DROP_EXISTING = OFF, ONLINE = ON) ON [PRIMARY];","-- Constraint-backed, review before dropping: ALTER TABLE [dbo].[tblISC_Data] DROP CONSTRAINT [PK_tblISCData];"
activist_insight,2026-05-10 01:35:21.070,[dbo].[tblAlert_inbox],dbo,tblAlert_inbox,1,PK_tblAlert_inbox,CLUSTERED,1,1,0,0,0,NULL,0,PRIMARY,alert_inbox_id,NULL,1,4,alert_inbox_id,NULL,alert_inbox_id||,1091924,1,100.28,0,0,0,0,0,NULL,0,NULL,NULL,NULL,NULL,"CREATE UNIQUE CLUSTERED INDEX [PK_tblAlert_inbox] ON [dbo].[tblAlert_inbox] ([alert_inbox_id] ASC) WITH (DROP_EXISTING = OFF, ONLINE = ON) ON [PRIMARY];","-- Constraint-backed, review before dropping: ALTER TABLE [dbo].[tblAlert_inbox] DROP CONSTRAINT [PK_tblAlert_inbox];"
activist_insight,2026-05-10 01:35:21.070,[dbo].[tblSearchTerms],dbo,tblSearchTerms,0,NULL,HEAP,0,0,0,0,0,NULL,0,PRIMARY,NULL,NULL,0,0,NULL,NULL,||,1090660,1,61.45,0,0,0,0,0,NULL,0,NULL,NULL,NULL,NULL,NULL,NULL
activist_insight,2026-05-10 01:35:21.070,[dbo].[rawImportCGICompensationUS_Outstanding],dbo,rawImportCGICompensationUS_Outstanding,0,NULL,HEAP,0,0,0,0,0,NULL,0,PRIMARY,NULL,NULL,0,0,NULL,NULL,||,1081695,1,166.62,0,2,0,1081695,2,0.00,-1081693,NULL,2026-09-02 02:32:51.487,NULL,2026-09-02 02:09:44.633,NULL,NULL
activist_insight,2026-05-10 01:35:21.070,[dbo].[stgCompensation_Outstanding],dbo,stgCompensation_Outstanding,1,PK_stgCompensation_Outstanding,CLUSTERED,1,1,0,0,0,NULL,0,PRIMARY,stgCompensation_Outstanding_id,NULL,1,4,stgcompensation_outstanding_id,NULL,stgcompensation_outstanding_id||,1081695,1,438.23,0,1858,116,2088,1974,0.95,-114,NULL,2026-09-02 02:36:40.367,2026-09-02 02:32:06.167,2026-09-02 02:36:52.820,"CREATE UNIQUE CLUSTERED INDEX [PK_stgCompensation_Outstanding] ON [dbo].[stgCompensation_Outstanding] ([stgCompensation_Outstanding_id] ASC) WITH (DROP_EXISTING = OFF, ONLINE = ON) ON [PRIMARY];","-- Constraint-backed, review before dropping: ALTER TABLE [dbo].[stgCompensation_Outstanding] DROP CONSTRAINT [PK_stgCompensation_Outstanding];"
activist_insight,2026-05-10 01:35:21.070,[dbo].[stgCompensation_Outstanding],dbo,stgCompensation_Outstanding,2,idx_stgCompensation_Outstanding_directorappointmentid,NONCLUSTERED,0,0,0,0,0,NULL,0,PRIMARY,"import_id, DirectorAppointment_id",NULL,2,8,"import_id, directorappointment_id",NULL,"import_id, directorappointment_id||",1081695,1,63.27,122,0,0,348,122,0.35,-226,2026-09-02 02:32:06.167,NULL,NULL,2026-09-02 02:36:10.593,"CREATE NONCLUSTERED INDEX [idx_stgCompensation_Outstanding_directorappointmentid] ON [dbo].[stgCompensation_Outstanding] ([import_id] ASC, [DirectorAppointment_id] ASC) WITH (DROP_EXISTING = OFF, ONLINE = ON) ON [PRIMARY];",DROP INDEX [idx_stgCompensation_Outstanding_directorappointmentid] ON [dbo].[stgCompensation_Outstanding];
activist_insight,2026-05-10 01:35:21.070,[dbo].[stgCompensation_Outstanding],dbo,stgCompensation_Outstanding,3,idx_stgCompensation_Outstanding_status,NONCLUSTERED,0,0,0,0,0,NULL,0,PRIMARY,"import_id, status",NULL,2,8,"import_id, status",NULL,"import_id, status||",1081695,1,38.52,437,0,0,1508,437,0.29,-1071,2026-09-02 02:36:52.820,NULL,NULL,2026-09-02 02:36:52.820,"CREATE NONCLUSTERED INDEX [idx_stgCompensation_Outstanding_status] ON [dbo].[stgCompensation_Outstanding] ([import_id] ASC, [status] ASC) WITH (DROP_EXISTING = OFF, ONLINE = ON) ON [PRIMARY];",DROP INDEX [idx_stgCompensation_Outstanding_status] ON [dbo].[stgCompensation_Outstanding];
activist_insight,2026-05-10 01:35:21.070,[dbo].[tblFundamental_metric_values],dbo,tblFundamental_metric_values,1,PK_tblFundamental_metric_values,CLUSTERED,1,1,0,0,0,NULL,0,PRIMARY,fundamental_metric_value_id,NULL,1,4,fundamental_metric_value_id,NULL,fundamental_metric_value_id||,1075671,1,85.57,0,21453232,0,43397797,21453232,0.49,-21944565,NULL,2026-09-02 09:02:53.827,NULL,2026-09-02 09:02:53.827,"CREATE UNIQUE CLUSTERED INDEX [PK_tblFundamental_metric_values] ON [dbo].[tblFundamental_metric_values] ([fundamental_metric_value_id] ASC) WITH (DROP_EXISTING = OFF, ONLINE = ON) ON [PRIMARY];","-- Constraint-backed, review before dropping: ALTER TABLE [dbo].[tblFundamental_metric_values] DROP CONSTRAINT [PK_tblFundamental_metric_values];"
activist_insight,2026-05-10 01:35:21.070,[dbo].[tblFundamental_metric_values],dbo,tblFundamental_metric_values,2,NonClusteredIndex-20161125-132705,NONCLUSTERED,0,0,0,0,0,NULL,0,PRIMARY,"as_at_date, CIK_id","value, metric_id",2,7,"as_at_date, cik_id","metric_id, value","as_at_date, cik_id|metric_id, value|",1075671,1,74.89,156,284,0,43397797,440,0.00,-43397357,2026-08-31 07:00:31.897,2026-08-31 09:26:31.707,NULL,2026-09-02 09:02:53.827,"CREATE NONCLUSTERED INDEX [NonClusteredIndex-20161125-132705] ON [dbo].[tblFundamental_metric_values] ([as_at_date] ASC, [CIK_id] ASC) INCLUDE (value, metric_id) WITH (DROP_EXISTING = OFF, ONLINE = ON) ON [PRIMARY];",DROP INDEX [NonClusteredIndex-20161125-132705] ON [dbo].[tblFundamental_metric_values];
activist_insight,2026-05-10 01:35:21.070,[dbo].[tblFundamental_metric_values],dbo,tblFundamental_metric_values,3,NonClusteredIndex-20170410-110651,NONCLUSTERED,0,0,0,0,0,NULL,0,PRIMARY,as_at_date,"metric_id, CIK_id, value",1,3,as_at_date,"cik_id, metric_id, value","as_at_date|cik_id, metric_id, value|",1075671,1,72.75,545,1770,0,43397797,2315,0.00,-43395482,2026-09-02 07:00:28.887,2026-09-02 09:00:09.490,NULL,2026-09-02 09:02:53.827,"CREATE NONCLUSTERED INDEX [NonClusteredIndex-20170410-110651] ON [dbo].[tblFundamental_metric_values] ([as_at_date] ASC) INCLUDE (metric_id, CIK_id, value) WITH (DROP_EXISTING = OFF, ONLINE = ON) ON [PRIMARY];",DROP INDEX [NonClusteredIndex-20170410-110651] ON [dbo].[tblFundamental_metric_values];
activist_insight,2026-05-10 01:35:21.070,[dbo].[tblFundamental_metric_values],dbo,tblFundamental_metric_values,4,idx_metric_id,NONCLUSTERED,0,0,0,0,0,NULL,0,PRIMARY,"metric_id, CIK_id, as_at_date",value,3,11,"metric_id, cik_id, as_at_date",value,"metric_id, cik_id, as_at_date|value|",1075671,1,84.48,24094805,0,0,43397797,24094805,0.56,-19302992,2026-09-02 09:02:53.847,NULL,NULL,2026-09-02 09:02:53.827,"CREATE NONCLUSTERED INDEX [idx_metric_id] ON [dbo].[tblFundamental_metric_values] ([metric_id] ASC, [CIK_id] ASC, [as_at_date] ASC) INCLUDE (value) WITH (DROP_EXISTING = OFF, ONLINE = ON) ON [PRIMARY];",DROP INDEX [idx_metric_id] ON [dbo].[tblFundamental_metric_values];
activist_insight,2026-05-10 01:35:21.070,[dbo].[tblFundamental_metric_values],dbo,tblFundamental_metric_values,5,idx_metricid_asatdate,NONCLUSTERED,0,0,0,0,0,NULL,0,PRIMARY,"metric_id, as_at_date","fundamental_metric_value_id, CIK_id, value",2,7,"metric_id, as_at_date","cik_id, fundamental_metric_value_id, value","metric_id, as_at_date|cik_id, fundamental_metric_value_id, value|",1075671,1,64.23,92786,0,0,43397797,92786,0.00,-43305011,2026-09-02 08:37:53.983,NULL,NULL,2026-09-02 09:02:53.827,"CREATE NONCLUSTERED INDEX [idx_metricid_asatdate] ON [dbo].[tblFundamental_metric_values] ([metric_id] ASC, [as_at_date] ASC) INCLUDE (fundamental_metric_value_id, CIK_id, value) WITH (DROP_EXISTING = OFF, ONLINE = ON) ON [PRIMARY];",DROP INDEX [idx_metricid_asatdate] ON [dbo].[tblFundamental_metric_values];
activist_insight,2026-05-10 01:35:21.070,[dbo].[tblFundamental_metric_values],dbo,tblFundamental_metric_values,6,NonClusteredIndex-20180102-093229,NONCLUSTERED,0,0,0,0,0,NULL,0,PRIMARY,CIK_id,"metric_id, value, as_at_date",1,4,cik_id,"as_at_date, metric_id, value","cik_id|as_at_date, metric_id, value|",1075671,1,78.67,1072742,0,0,43397797,1072742,0.02,-42325055,2026-09-02 09:02:53.893,NULL,NULL,2026-09-02 09:02:53.827,"CREATE NONCLUSTERED INDEX [NonClusteredIndex-20180102-093229] ON [dbo].[tblFundamental_metric_values] ([CIK_id] ASC) INCLUDE (metric_id, value, as_at_date) WITH (DROP_EXISTING = OFF, ONLINE = ON) ON [PRIMARY];",DROP INDEX [NonClusteredIndex-20180102-093229] ON [dbo].[tblFundamental_metric_values];
activist_insight,2026-05-10 01:35:21.070,[dbo].[tblDividend],dbo,tblDividend,1,PK_tblDividend,CLUSTERED,1,1,0,0,0,NULL,0,PRIMARY,dividend_id,NULL,1,4,dividend_id,NULL,dividend_id||,1044646,1,61.82,0,2751,0,116,2751,23.72,2635,NULL,2026-09-02 05:33:57.470,NULL,2026-09-02 05:17:42.467,"CREATE UNIQUE CLUSTERED INDEX [PK_tblDividend] ON [dbo].[tblDividend] ([dividend_id] ASC) WITH (DROP_EXISTING = OFF, ONLINE = ON) ON [PRIMARY];","-- Constraint-backed, review before dropping: ALTER TABLE [dbo].[tblDividend] DROP CONSTRAINT [PK_tblDividend];"
activist_insight,2026-05-10 01:35:21.070,[dbo].[tblDividend],dbo,tblDividend,2,idx_dividend_date,NONCLUSTERED,0,0,0,0,0,NULL,0,PRIMARY,ex_dividend_date,"symbol, dividend_amount",1,3,ex_dividend_date,"dividend_amount, symbol","ex_dividend_date|dividend_amount, symbol|",1044646,1,51.41,3363526,42264,0,116,3405790,29360.26,3405674,2026-09-02 09:02:52.753,2026-09-02 09:01:12.807,NULL,2026-09-02 05:17:42.467,"CREATE NONCLUSTERED INDEX [idx_dividend_date] ON [dbo].[tblDividend] ([ex_dividend_date] ASC) INCLUDE (symbol, dividend_amount) WITH (DROP_EXISTING = OFF, ONLINE = ON) ON [PRIMARY];",DROP INDEX [idx_dividend_date] ON [dbo].[tblDividend];
activist_insight,2026-05-10 01:35:21.070,[dbo].[tblISC_SEC],dbo,tblISC_SEC,1,PK_tblSC_SEC,CLUSTERED,1,1,0,0,0,NULL,0,PRIMARY,ISC_SEC_id,NULL,1,4,isc_sec_id,NULL,isc_sec_id||,1015620,1,94.47,50735,33653,84266,84504,168654,2.00,84150,2026-09-02 05:33:31.353,2026-09-01 21:26:00.410,2026-09-02 05:34:15.050,2026-09-02 05:34:08.877,"CREATE UNIQUE CLUSTERED INDEX [PK_tblSC_SEC] ON [dbo].[tblISC_SEC] ([ISC_SEC_id] ASC) WITH (DROP_EXISTING = OFF, ONLINE = ON) ON [PRIMARY];","-- Constraint-backed, review before dropping: ALTER TABLE [dbo].[tblISC_SEC] DROP CONSTRAINT [PK_tblSC_SEC];"
activist_insight,2026-05-10 01:35:21.070,[dbo].[tblISC_SEC],dbo,tblISC_SEC,10,NonClusteredIndex-20160920-120429,NONCLUSTERED,0,0,0,0,0,NULL,0,PRIMARY,CIK_id,NULL,1,4,cik_id,NULL,cik_id||,1015620,1,30.99,77471,0,0,33653,77471,2.30,43818,2026-09-01 21:26:00.407,NULL,NULL,2026-09-01 21:26:00.410,"CREATE NONCLUSTERED INDEX [NonClusteredIndex-20160920-120429] ON [dbo].[tblISC_SEC] ([CIK_id] ASC) WITH (DROP_EXISTING = OFF, ONLINE = ON) ON [PRIMARY];",DROP INDEX [NonClusteredIndex-20160920-120429] ON [dbo].[tblISC_SEC];
activist_insight,2026-05-10 01:35:21.070,[dbo].[tblISC_SEC],dbo,tblISC_SEC,11,NonClusteredIndex-20160920-120512,NONCLUSTERED,0,0,0,0,0,NULL,0,PRIMARY,Instant_date,NULL,1,3,instant_date,NULL,instant_date||,1015620,1,23.39,72083,0,0,33653,72083,2.14,38430,2026-09-02 05:34:15.050,NULL,NULL,2026-09-01 21:26:00.410,"CREATE NONCLUSTERED INDEX [NonClusteredIndex-20160920-120512] ON [dbo].[tblISC_SEC] ([Instant_date] ASC) WITH (DROP_EXISTING = OFF, ONLINE = ON) ON [PRIMARY];",DROP INDEX [NonClusteredIndex-20160920-120512] ON [dbo].[tblISC_SEC];
activist_insight,2026-05-10 01:35:21.070,[dbo].[tblISC_SEC],dbo,tblISC_SEC,12,NonClusteredIndex-20160920-120529,NONCLUSTERED,0,0,0,0,0,NULL,0,PRIMARY,"PrefRecord, CIK_id","Instant_date, Shares_outstanding",2,5,"prefrecord, cik_id","instant_date, shares_outstanding","prefrecord, cik_id|instant_date, shares_outstanding|",1015620,1,45.00,6062,0,0,84272,6062,0.07,-78210,2026-09-02 05:34:15.050,NULL,NULL,2026-09-02 05:34:08.877,"CREATE NONCLUSTERED INDEX [NonClusteredIndex-20160920-120529] ON [dbo].[tblISC_SEC] ([PrefRecord] ASC, [CIK_id] ASC) INCLUDE (Instant_date, Shares_outstanding) WITH (DROP_EXISTING = OFF, ONLINE = ON) ON [PRIMARY];",DROP INDEX [NonClusteredIndex-20160920-120529] ON [dbo].[tblISC_SEC];
activist_insight,2026-05-10 01:35:21.070,[dbo].[tblISC_SEC],dbo,tblISC_SEC,13,idx_tblisc_sec_prefrecord,NONCLUSTERED,0,0,0,0,0,NULL,0,PRIMARY,PrefRecord,"CIK_id, Instant_date",1,1,prefrecord,"cik_id, instant_date","prefrecord|cik_id, instant_date|",1015620,1,33.84,165206,0,0,40062,165206,4.12,125144,2026-09-02 09:02:12.803,NULL,NULL,2026-09-02 05:34:08.877,"CREATE NONCLUSTERED INDEX [idx_tblisc_sec_prefrecord] ON [dbo].[tblISC_SEC] ([PrefRecord] ASC) INCLUDE (CIK_id, Instant_date) WITH (DROP_EXISTING = OFF, ONLINE = ON) ON [PRIMARY];",DROP INDEX [idx_tblisc_sec_prefrecord] ON [dbo].[tblISC_SEC];
activist_insight,2026-05-10 01:35:21.070,[dbo].[stgCompensation_Annual],dbo,stgCompensation_Annual,1,PK_stgCompensation_Annual,CLUSTERED,1,1,0,0,0,NULL,0,PRIMARY,stgCompensation_Annual_id,NULL,1,4,stgcompensation_annual_id,NULL,stgcompensation_annual_id||,1006066,1,646.40,0,6235,262,4872,6497,1.33,1625,NULL,2026-09-02 02:43:03.117,2026-09-02 02:42:54.333,2026-09-02 02:43:04.070,"CREATE UNIQUE CLUSTERED INDEX [PK_stgCompensation_Annual] ON [dbo].[stgCompensation_Annual] ([stgCompensation_Annual_id] ASC) WITH (DROP_EXISTING = OFF, ONLINE = ON) ON [PRIMARY];","-- Constraint-backed, review before dropping: ALTER TABLE [dbo].[stgCompensation_Annual] DROP CONSTRAINT [PK_stgCompensation_Annual];"
activist_insight,2026-05-10 01:35:21.070,[dbo].[stgCompensation_Annual],dbo,stgCompensation_Annual,2,idx_stgCompensation_Annual_importiddirectorappointmentid,NONCLUSTERED,0,0,0,0,0,NULL,0,PRIMARY,"import_id, DirectorAppointment_id",NULL,2,8,"import_id, directorappointment_id",NULL,"import_id, directorappointment_id||",1006066,1,72.67,218,0,0,928,218,0.23,-710,2026-09-02 02:42:42.377,NULL,NULL,2026-09-02 02:42:32.740,"CREATE NONCLUSTERED INDEX [idx_stgCompensation_Annual_importiddirectorappointmentid] ON [dbo].[stgCompensation_Annual] ([import_id] ASC, [DirectorAppointment_id] ASC) WITH (DROP_EXISTING = OFF, ONLINE = ON) ON [PRIMARY];",DROP INDEX [idx_stgCompensation_Annual_importiddirectorappointmentid] ON [dbo].[stgCompensation_Annual];
activist_insight,2026-05-10 01:35:21.070,[dbo].[stgCompensation_Annual],dbo,stgCompensation_Annual,3,idx_stgCompensation_Annual_importidstatus,NONCLUSTERED,0,0,0,0,0,NULL,0,PRIMARY,"import_id, status","PID, YEAR",2,8,"import_id, status","pid, year","import_id, status|pid, year|",1006066,1,48.98,835,3,0,3712,838,0.23,-2874,2026-09-02 02:43:04.070,2026-08-10 08:45:57.073,NULL,2026-09-02 02:43:04.070,"CREATE NONCLUSTERED INDEX [idx_stgCompensation_Annual_importidstatus] ON [dbo].[stgCompensation_Annual] ([import_id] ASC, [status] ASC) INCLUDE (PID, YEAR) WITH (DROP_EXISTING = OFF, ONLINE = ON) ON [PRIMARY];",DROP INDEX [idx_stgCompensation_Annual_importidstatus] ON [dbo].[stgCompensation_Annual];
activist_insight,2026-05-10 01:35:21.070,[dbo].[tblVoting_data_external],dbo,tblVoting_data_external,1,ClusteredIndex-20220406-103733,CLUSTERED,0,0,0,0,0,NULL,0,PRIMARY,external_voting_data_id,NULL,1,4,external_voting_data_id,NULL,external_voting_data_id||,917587,1,332.19,0,0,0,0,0,NULL,0,NULL,NULL,NULL,NULL,"CREATE CLUSTERED INDEX [ClusteredIndex-20220406-103733] ON [dbo].[tblVoting_data_external] ([external_voting_data_id] ASC) WITH (DROP_EXISTING = OFF, ONLINE = ON) ON [PRIMARY];",DROP INDEX [ClusteredIndex-20220406-103733] ON [dbo].[tblVoting_data_external];
activist_insight,2026-05-10 01:35:21.070,[dbo].[tblVoting_data_external],dbo,tblVoting_data_external,2,NonClusteredIndex-20220406-103604,NONCLUSTERED,0,0,0,0,0,NULL,0,PRIMARY,"investor_identifier, fund_identifier","company_identifier, company_name, meeting_identifier, meeting_date, Country, Meeting_type, Ticker, ISIN, SEDOL, CUSIP, fund_name",2,24,"investor_identifier, fund_identifier","company_identifier, company_name, country, cusip, fund_name, isin, meeting_date, meeting_identifier, meeting_type, sedol, ticker","investor_identifier, fund_identifier|company_identifier, company_name, country, cusip, fund_name, isin, meeting_date, meeting_identifier, meeting_type, sedol, ticker|",917587,1,204.59,0,0,0,0,0,NULL,0,NULL,NULL,NULL,NULL,"CREATE NONCLUSTERED INDEX [NonClusteredIndex-20220406-103604] ON [dbo].[tblVoting_data_external] ([investor_identifier] ASC, [fund_identifier] ASC) INCLUDE (company_identifier, company_name, meeting_identifier, meeting_date, Country, Meeting_type, Ticker, ISIN, SEDOL, CUSIP, fund_name) WITH (DROP_EXISTING = OFF, ONLINE = ON) ON [PRIMARY];",DROP INDEX [NonClusteredIndex-20220406-103604] ON [dbo].[tblVoting_data_external];
activist_insight,2026-05-10 01:35:21.070,[dbo].[tblVoting_data_external],dbo,tblVoting_data_external,3,idx_temporary_tblVoting_data_external,NONCLUSTERED,0,0,0,0,0,NULL,0,PRIMARY,"investor_identifier, meeting_identifier","fund_name, proposal_identifier, Proposal_number, row_order, proposal_text, proponent, mgmt_rec",2,28,"investor_identifier, meeting_identifier","fund_name, mgmt_rec, proponent, proposal_identifier, proposal_number, proposal_text, row_order","investor_identifier, meeting_identifier|fund_name, mgmt_rec, proponent, proposal_identifier, proposal_number, proposal_text, row_order|",917587,1,232.84,0,0,0,0,0,NULL,0,NULL,NULL,NULL,NULL,"CREATE NONCLUSTERED INDEX [idx_temporary_tblVoting_data_external] ON [dbo].[tblVoting_data_external] ([investor_identifier] ASC, [meeting_identifier] ASC) INCLUDE (fund_name, proposal_identifier, Proposal_number, row_order, proposal_text, proponent, mgmt_rec) WITH (DROP_EXISTING = OFF, ONLINE = ON) ON [PRIMARY];",DROP INDEX [idx_temporary_tblVoting_data_external] ON [dbo].[tblVoting_data_external];
activist_insight,2026-05-10 01:35:21.070,[dbo].[tblVoting_data_external],dbo,tblVoting_data_external,4,NonClusteredIndex-20220406-110818,NONCLUSTERED,0,0,0,0,0,NULL,0,PRIMARY,meeting_identifier,fund_name,1,8,meeting_identifier,fund_name,meeting_identifier|fund_name|,917587,1,96.20,NULL,NULL,NULL,NULL,0,NULL,0,NULL,NULL,NULL,NULL,"CREATE NONCLUSTERED INDEX [NonClusteredIndex-20220406-110818] ON [dbo].[tblVoting_data_external] ([meeting_identifier] ASC) INCLUDE (fund_name) WITH (DROP_EXISTING = OFF, ONLINE = ON) ON [PRIMARY];",DROP INDEX [NonClusteredIndex-20220406-110818] ON [dbo].[tblVoting_data_external];
activist_insight,2026-05-10 01:35:21.070,[dbo].[tblVoting_data_external],dbo,tblVoting_data_external,23,NonClusteredIndex-20220406-165846,NONCLUSTERED,0,0,0,0,0,NULL,0,PRIMARY,"proposal_identifier, fund_name",vote_instruction,2,508,"proposal_identifier, fund_name",vote_instruction,"proposal_identifier, fund_name|vote_instruction|",917587,1,93.30,0,0,0,0,0,NULL,0,NULL,NULL,NULL,NULL,"CREATE NONCLUSTERED INDEX [NonClusteredIndex-20220406-165846] ON [dbo].[tblVoting_data_external] ([proposal_identifier] ASC, [fund_name] ASC) INCLUDE (vote_instruction) WITH (DROP_EXISTING = OFF, ONLINE = ON) ON [PRIMARY];",DROP INDEX [NonClusteredIndex-20220406-165846] ON [dbo].[tblVoting_data_external];
activist_insight,2026-05-10 01:35:21.070,[dbo].[tblType_345_form_detail_derivative_holdings],dbo,tblType_345_form_detail_derivative_holdings,1,PK_tblType_3_form_detail_derivative_holdings,CLUSTERED,1,1,0,0,0,NULL,0,PRIMARY,type_345_form_detail_derivative_holding_id,NULL,1,4,type_345_form_detail_derivative_holding_id,NULL,type_345_form_detail_derivative_holding_id||,909659,1,126.31,0,58824,0,11426,58824,5.15,47398,NULL,2026-09-02 09:02:11.353,NULL,2026-09-02 08:57:49.587,"CREATE UNIQUE CLUSTERED INDEX [PK_tblType_3_form_detail_derivative_holdings] ON [dbo].[tblType_345_form_detail_derivative_holdings] ([type_345_form_detail_derivative_holding_id] ASC) WITH (DROP_EXISTING = OFF, ONLINE = ON) ON [PRIMARY];","-- Constraint-backed, review before dropping: ALTER TABLE [dbo].[tblType_345_form_detail_derivative_holdings] DROP CONSTRAINT [PK_tblType_3_form_detail_derivative_holdings];"
activist_insight,2026-05-10 01:35:21.070,[dbo].[rawImportCGICompensation_Outstanding],dbo,rawImportCGICompensation_Outstanding,0,NULL,HEAP,0,0,0,0,0,NULL,0,PRIMARY,NULL,NULL,0,0,NULL,NULL,||,909266,1,217.30,NULL,NULL,NULL,NULL,0,NULL,0,NULL,NULL,NULL,NULL,NULL,NULL
activist_insight,2026-05-10 01:35:21.070,[dbo].[tblcommittee_membership],dbo,tblcommittee_membership,1,PK__tblcommi__3213E83F3769856B,CLUSTERED,1,1,0,0,0,NULL,0,PRIMARY,id,NULL,1,4,id,NULL,id||,892071,1,43.45,0,192556,0,66954,192556,2.88,125602,NULL,2026-09-02 08:59:57.440,NULL,2026-09-02 07:52:25.360,"CREATE UNIQUE CLUSTERED INDEX [PK__tblcommi__3213E83F3769856B] ON [dbo].[tblcommittee_membership] ([id] ASC) WITH (DROP_EXISTING = OFF, ONLINE = ON) ON [PRIMARY];","-- Constraint-backed, review before dropping: ALTER TABLE [dbo].[tblcommittee_membership] DROP CONSTRAINT [PK__tblcommi__3213E83F3769856B];"
activist_insight,2026-05-10 01:35:21.070,[dbo].[tblInvestor_search_investors],dbo,tblInvestor_search_investors,0,NULL,HEAP,0,0,0,0,0,NULL,0,PRIMARY,NULL,NULL,0,0,NULL,NULL,||,852721,1,31.89,0,6665,0,23731,6665,0.28,-17066,NULL,2026-09-02 08:57:16.313,NULL,2026-09-02 09:02:50.957,NULL,NULL
activist_insight,2026-05-10 01:35:21.070,[dbo].[tblInvestor_search_investors],dbo,tblInvestor_search_investors,2,NonClusteredIndex-20210707-093539,NONCLUSTERED,0,0,0,0,0,NULL,0,PRIMARY,investor_search_id,investor_id,1,4,investor_search_id,investor_id,investor_search_id|investor_id|,852721,1,32.56,44575,5629,0,23731,50204,2.12,26473,2026-09-02 09:02:51.127,2026-08-08 01:41:52.197,NULL,2026-09-02 09:02:50.957,"CREATE NONCLUSTERED INDEX [NonClusteredIndex-20210707-093539] ON [dbo].[tblInvestor_search_investors] ([investor_search_id] ASC) INCLUDE (investor_id) WITH (DROP_EXISTING = OFF, ONLINE = ON) ON [PRIMARY];",DROP INDEX [NonClusteredIndex-20210707-093539] ON [dbo].[tblInvestor_search_investors];
activist_insight,2026-05-10 01:35:21.070,[dbo].[tblproxy_statement_director_skills],dbo,tblproxy_statement_director_skills,1,PK__tblproxy__3213E83F049E862E,CLUSTERED,1,1,0,0,0,NULL,0,PRIMARY,id,NULL,1,4,id,NULL,id||,834445,1,36.74,0,124152,0,0,124152,NULL,124152,NULL,2026-09-02 08:59:57.647,NULL,NULL,"CREATE UNIQUE CLUSTERED INDEX [PK__tblproxy__3213E83F049E862E] ON [dbo].[tblproxy_statement_director_skills] ([id] ASC) WITH (DROP_EXISTING = OFF, ONLINE = ON) ON [PRIMARY];","-- Constraint-backed, review before dropping: ALTER TABLE [dbo].[tblproxy_statement_director_skills] DROP CONSTRAINT [PK__tblproxy__3213E83F049E862E];"
activist_insight,2026-05-10 01:35:21.070,[dbo].[tSQL_StoredProc_Usage],dbo,tSQL_StoredProc_Usage,1,PK_SQL_StoredProc_Usage,CLUSTERED,1,1,0,0,0,NULL,0,PRIMARY,"runtime, dbid, objectid",NULL,3,16,"runtime, dbid, objectid",NULL,"runtime, dbid, objectid||",576748,1,141.95,0,0,0,0,0,NULL,0,NULL,NULL,NULL,NULL,"CREATE UNIQUE CLUSTERED INDEX [PK_SQL_StoredProc_Usage] ON [dbo].[tSQL_StoredProc_Usage] ([runtime] ASC, [dbid] ASC, [objectid] ASC) WITH (DROP_EXISTING = OFF, ONLINE = ON) ON [PRIMARY];","-- Constraint-backed, review before dropping: ALTER TABLE [dbo].[tSQL_StoredProc_Usage] DROP CONSTRAINT [PK_SQL_StoredProc_Usage];"
activist_insight,2026-05-10 01:35:21.070,[dbo].[rawImportCGICompensationUS_Planbased],dbo,rawImportCGICompensationUS_Planbased,0,NULL,HEAP,0,0,0,0,0,NULL,0,PRIMARY,NULL,NULL,0,0,NULL,NULL,||,574701,1,132.95,0,2,0,574701,2,0.00,-574699,NULL,2026-09-02 02:29:02.693,NULL,2026-09-02 02:12:59.817,NULL,NULL
activist_insight,2026-05-10 01:35:21.070,[dbo].[stgCompensation_Planbased],dbo,stgCompensation_Planbased,1,PK_stgCompensation_Planbased,CLUSTERED,1,1,0,0,0,NULL,0,PRIMARY,stgCompensation_Planbased_id,NULL,1,4,stgcompensation_planbased_id,NULL,stgcompensation_planbased_id||,574701,1,321.86,0,1858,0,1856,1858,1.00,2,NULL,2026-09-02 02:32:15.930,NULL,2026-09-02 02:32:26.530,"CREATE UNIQUE CLUSTERED INDEX [PK_stgCompensation_Planbased] ON [dbo].[stgCompensation_Planbased] ([stgCompensation_Planbased_id] ASC) WITH (DROP_EXISTING = OFF, ONLINE = ON) ON [PRIMARY];","-- Constraint-backed, review before dropping: ALTER TABLE [dbo].[stgCompensation_Planbased] DROP CONSTRAINT [PK_stgCompensation_Planbased];"
activist_insight,2026-05-10 01:35:21.070,[dbo].[stgCompensation_Planbased],dbo,stgCompensation_Planbased,2,idx_stgCompensation_Planbased_directorappointmentid,NONCLUSTERED,0,0,0,0,0,NULL,0,PRIMARY,"import_id, DirectorAppointment_id",NULL,2,8,"import_id, directorappointment_id",NULL,"import_id, directorappointment_id||",574701,1,47.84,17,0,0,348,17,0.05,-331,2026-08-30 02:26:48.353,NULL,NULL,2026-09-02 02:31:56.207,"CREATE NONCLUSTERED INDEX [idx_stgCompensation_Planbased_directorappointmentid] ON [dbo].[stgCompensation_Planbased] ([import_id] ASC, [DirectorAppointment_id] ASC) WITH (DROP_EXISTING = OFF, ONLINE = ON) ON [PRIMARY];",DROP INDEX [idx_stgCompensation_Planbased_directorappointmentid] ON [dbo].[stgCompensation_Planbased];
activist_insight,2026-05-10 01:35:21.070,[dbo].[stgCompensation_Planbased],dbo,stgCompensation_Planbased,3,idx_stgCompensation_Planbased_status,NONCLUSTERED,0,0,0,0,0,NULL,0,PRIMARY,"import_id, status",NULL,2,8,"import_id, status",NULL,"import_id, status||",574701,1,20.52,331,0,0,1160,331,0.29,-829,2026-09-02 02:32:26.530,NULL,NULL,2026-09-02 02:32:26.530,"CREATE NONCLUSTERED INDEX [idx_stgCompensation_Planbased_status] ON [dbo].[stgCompensation_Planbased] ([import_id] ASC, [status] ASC) WITH (DROP_EXISTING = OFF, ONLINE = ON) ON [PRIMARY];",DROP INDEX [idx_stgCompensation_Planbased_status] ON [dbo].[stgCompensation_Planbased];
activist_insight,2026-05-10 01:35:21.070,[dbo].[tblGovernanceLog],dbo,tblGovernanceLog,1,PK_tblGovernanceLog,CLUSTERED,1,1,0,0,0,NULL,0,PRIMARY,Log_Id,NULL,1,4,log_id,NULL,log_id||,510528,1,68.30,0,0,0,15323,0,0.00,-15323,NULL,NULL,NULL,2026-09-02 08:54:02.370,"CREATE UNIQUE CLUSTERED INDEX [PK_tblGovernanceLog] ON [dbo].[tblGovernanceLog] ([Log_Id] ASC) WITH (DROP_EXISTING = OFF, ONLINE = ON) ON [PRIMARY];","-- Constraint-backed, review before dropping: ALTER TABLE [dbo].[tblGovernanceLog] DROP CONSTRAINT [PK_tblGovernanceLog];"
activist_insight,2026-05-10 01:35:21.070,[dbo].[tblSc13g_form_tables],dbo,tblSc13g_form_tables,1,PK_tblSc13g_form_tables,CLUSTERED,1,1,0,0,0,NULL,0,PRIMARY,sc13g_form_table_id,NULL,1,4,sc13g_form_table_id,NULL,sc13g_form_table_id||,510117,1,102.60,0,0,0,0,0,NULL,0,NULL,NULL,NULL,NULL,"CREATE UNIQUE CLUSTERED INDEX [PK_tblSc13g_form_tables] ON [dbo].[tblSc13g_form_tables] ([sc13g_form_table_id] ASC) WITH (DROP_EXISTING = OFF, ONLINE = ON) ON [PRIMARY];","-- Constraint-backed, review before dropping: ALTER TABLE [dbo].[tblSc13g_form_tables] DROP CONSTRAINT [PK_tblSc13g_form_tables];"
activist_insight,2026-05-10 01:35:21.070,[dbo].[tblGov_director_comm_app],dbo,tblGov_director_comm_app,1,PK_tblGov_director_comm_app,CLUSTERED,1,1,0,0,0,NULL,0,PRIMARY,director_comm_app_id,NULL,1,4,director_comm_app_id,NULL,director_comm_app_id||,488507,1,18.24,0,3419,0,76389,3419,0.04,-72970,NULL,2026-08-02 02:00:02.790,NULL,2026-09-02 08:53:34.570,"CREATE UNIQUE CLUSTERED INDEX [PK_tblGov_director_comm_app] ON [dbo].[tblGov_director_comm_app] ([director_comm_app_id] ASC) WITH (DROP_EXISTING = OFF, ONLINE = ON) ON [PRIMARY];","-- Constraint-backed, review before dropping: ALTER TABLE [dbo].[tblGov_director_comm_app] DROP CONSTRAINT [PK_tblGov_director_comm_app];"
activist_insight,2026-05-10 01:35:21.070,[dbo].[tblGov_director_comm_app],dbo,tblGov_director_comm_app,5,IX_tblGov_director_comm_app_director_appointment_id_gov_comm_id,NONCLUSTERED,0,0,0,0,0,NULL,95,PRIMARY,"director_appointment_id, gov_comm_id",NULL,2,8,"director_appointment_id, gov_comm_id",NULL,"director_appointment_id, gov_comm_id||",488507,1,18.69,813092,4217,0,76389,817309,10.70,740920,2026-09-02 09:02:53.823,2026-09-02 09:00:05.037,NULL,2026-09-02 08:53:34.570,"CREATE NONCLUSTERED INDEX [IX_tblGov_director_comm_app_director_appointment_id_gov_comm_id] ON [dbo].[tblGov_director_comm_app] ([director_appointment_id] ASC, [gov_comm_id] ASC) WITH (DROP_EXISTING = OFF, ONLINE = ON, FILLFACTOR = 95) ON [PRIMARY];",DROP INDEX [IX_tblGov_director_comm_app_director_appointment_id_gov_comm_id] ON [dbo].[tblGov_director_comm_app];
activist_insight,2026-05-10 01:35:21.070,[dbo].[tblcompany_search_companies],dbo,tblcompany_search_companies,1,ClusteredIndex-20220329-152337,CLUSTERED,0,0,0,0,0,NULL,0,PRIMARY,"company_search_id, pid_id",NULL,2,8,"company_search_id, pid_id",NULL,"company_search_id, pid_id||",483059,1,21.73,0,2,0,115635,2,0.00,-115633,NULL,2026-06-05 15:27:59.913,NULL,2026-09-02 09:02:50.773,"CREATE CLUSTERED INDEX [ClusteredIndex-20220329-152337] ON [dbo].[tblcompany_search_companies] ([company_search_id] DESC, [pid_id] ASC) WITH (DROP_EXISTING = OFF, ONLINE = ON) ON [PRIMARY];",DROP INDEX [ClusteredIndex-20220329-152337] ON [dbo].[tblcompany_search_companies];
activist_insight,2026-05-10 01:35:21.070,[dbo].[tblcompany_search_companies],dbo,tblcompany_search_companies,4,NonClusteredIndex-20220329-152127,NONCLUSTERED,0,0,0,0,0,NULL,0,PRIMARY,pid_id,company_search_id,1,4,pid_id,company_search_id,pid_id|company_search_id|,483059,1,18.20,23834,16736,0,115635,40570,0.35,-75065,2026-08-18 01:55:29.017,2026-09-02 08:57:15.737,NULL,2026-09-02 09:02:50.773,"CREATE NONCLUSTERED INDEX [NonClusteredIndex-20220329-152127] ON [dbo].[tblcompany_search_companies] ([pid_id] ASC) INCLUDE (company_search_id) WITH (DROP_EXISTING = OFF, ONLINE = ON) ON [PRIMARY];",DROP INDEX [NonClusteredIndex-20220329-152127] ON [dbo].[tblcompany_search_companies];
activist_insight,2026-05-10 01:35:21.070,[dbo].[tblcompany_search_companies],dbo,tblcompany_search_companies,5,NonClusteredIndex-20220329-152709,NONCLUSTERED,0,0,0,0,0,NULL,0,PRIMARY,company_search_id,pid_id,1,4,company_search_id,pid_id,company_search_id|pid_id|,483059,1,19.74,416212,65644,0,115635,481856,4.17,366221,2026-09-02 09:02:50.773,2026-08-29 01:55:19.617,NULL,2026-09-02 09:02:50.773,"CREATE NONCLUSTERED INDEX [NonClusteredIndex-20220329-152709] ON [dbo].[tblcompany_search_companies] ([company_search_id] ASC) INCLUDE (pid_id) WITH (DROP_EXISTING = OFF, ONLINE = ON) ON [PRIMARY];",DROP INDEX [NonClusteredIndex-20220329-152709] ON [dbo].[tblcompany_search_companies];
activist_insight,2026-05-10 01:35:21.070,[dbo].[rawImportCGICompensationUS_Annual],dbo,rawImportCGICompensationUS_Annual,0,NULL,HEAP,0,0,0,0,0,NULL,0,PRIMARY,NULL,NULL,0,0,NULL,NULL,||,479585,1,206.68,0,2,0,479585,2,0.00,-479583,NULL,2026-09-02 02:22:56.230,NULL,2026-09-02 02:04:47.663,NULL,NULL
activist_insight,2026-05-10 01:35:21.070,[dbo].[tblcompany_search],dbo,tblcompany_search,1,ClusteredIndex-20220329-153757,CLUSTERED,0,0,0,0,0,NULL,0,PRIMARY,company_search_id,NULL,1,4,company_search_id,NULL,company_search_id||,464553,1,56.36,799703,283551,18727,15267,1101981,72.18,1086714,2026-09-02 09:02:53.077,2026-09-02 09:02:52.413,2026-08-13 01:55:34.557,2026-09-02 09:02:50.710,"CREATE CLUSTERED INDEX [ClusteredIndex-20220329-153757] ON [dbo].[tblcompany_search] ([company_search_id] DESC) WITH (DROP_EXISTING = OFF, ONLINE = ON) ON [PRIMARY];",DROP INDEX [ClusteredIndex-20220329-153757] ON [dbo].[tblcompany_search];
activist_insight,2026-05-10 01:35:21.070,[dbo].[tblcompany_search],dbo,tblcompany_search,9,NonClusteredIndex-20220329-153834,NONCLUSTERED,0,0,0,0,0,NULL,0,PRIMARY,company_search_id,"market_cap_min, market_cap_max",1,4,company_search_id,"market_cap_max, market_cap_min","company_search_id|market_cap_max, market_cap_min|",464553,1,15.27,354702,0,0,15264,354702,23.24,339438,2026-09-02 08:59:54.350,NULL,NULL,2026-09-02 09:02:50.710,"CREATE NONCLUSTERED INDEX [NonClusteredIndex-20220329-153834] ON [dbo].[tblcompany_search] ([company_search_id] DESC) INCLUDE (market_cap_min, market_cap_max) WITH (DROP_EXISTING = OFF, ONLINE = ON) ON [PRIMARY];",DROP INDEX [NonClusteredIndex-20220329-153834] ON [dbo].[tblcompany_search];
activist_insight,2026-05-10 01:35:21.070,[dbo].[tblcompany_search],dbo,tblcompany_search,10,NonClusteredIndex-20220329-162211,NONCLUSTERED,0,0,0,0,0,NULL,0,PRIMARY,company_search_id,pid,1,4,company_search_id,pid,company_search_id|pid|,464553,1,13.48,188144,9492,0,15264,197636,12.95,182372,2026-09-02 09:02:51.127,2026-06-05 14:03:09.850,NULL,2026-09-02 09:02:50.710,"CREATE NONCLUSTERED INDEX [NonClusteredIndex-20220329-162211] ON [dbo].[tblcompany_search] ([company_search_id] DESC) INCLUDE (pid) WITH (DROP_EXISTING = OFF, ONLINE = ON) ON [PRIMARY];",DROP INDEX [NonClusteredIndex-20220329-162211] ON [dbo].[tblcompany_search];
activist_insight,2026-05-10 01:35:21.070,[dbo].[tblcompany_search],dbo,tblcompany_search,11,NonClusteredIndex-20220329-162228,NONCLUSTERED,0,0,0,0,0,NULL,0,PRIMARY,pid,company_search_id,1,4,pid,company_search_id,pid|company_search_id|,464553,1,14.63,28214,0,0,15264,28214,1.85,12950,2026-08-13 01:55:34.557,NULL,NULL,2026-09-02 09:02:50.710,"CREATE NONCLUSTERED INDEX [NonClusteredIndex-20220329-162228] ON [dbo].[tblcompany_search] ([pid] ASC) INCLUDE (company_search_id) WITH (DROP_EXISTING = OFF, ONLINE = ON) ON [PRIMARY];",DROP INDEX [NonClusteredIndex-20220329-162228] ON [dbo].[tblcompany_search];
activist_insight,2026-05-10 01:35:21.070,[dbo].[tblcompany_search],dbo,tblcompany_search,12,NonClusteredIndex-20220329-162242,NONCLUSTERED,0,0,0,0,0,NULL,0,PRIMARY,"market_cap_min, market_cap_max",company_search_id,2,8,"market_cap_min, market_cap_max",company_search_id,"market_cap_min, market_cap_max|company_search_id|",464553,1,15.63,13845,0,0,15264,13845,0.91,-1419,2026-05-19 16:12:16.637,NULL,NULL,2026-09-02 09:02:50.710,"CREATE NONCLUSTERED INDEX [NonClusteredIndex-20220329-162242] ON [dbo].[tblcompany_search] ([market_cap_min] ASC, [market_cap_max] ASC) INCLUDE (company_search_id) WITH (DROP_EXISTING = OFF, ONLINE = ON) ON [PRIMARY];",DROP INDEX [NonClusteredIndex-20220329-162242] ON [dbo].[tblcompany_search];
activist_insight,2026-05-10 01:35:21.070,[dbo].[tblDirector_appointments],dbo,tblDirector_appointments,1,PK_tblDirector_appointments,CLUSTERED,1,1,0,0,0,NULL,0,PRIMARY,Director_appoinment_id,NULL,1,4,director_appoinment_id,NULL,director_appoinment_id||,461799,1,498.26,9201146,464139,7260388,97213,16925673,174.11,16828460,2026-09-02 09:02:53.823,2026-09-02 09:02:00.387,2026-09-02 09:02:53.663,2026-09-02 09:00:00.620,"CREATE UNIQUE CLUSTERED INDEX [PK_tblDirector_appointments] ON [dbo].[tblDirector_appointments] ([Director_appoinment_id] ASC) WITH (DROP_EXISTING = OFF, ONLINE = ON) ON [PRIMARY];","-- Constraint-backed, review before dropping: ALTER TABLE [dbo].[tblDirector_appointments] DROP CONSTRAINT [PK_tblDirector_appointments];"
activist_insight,2026-05-10 01:35:21.070,[dbo].[tblDirector_appointments],dbo,tblDirector_appointments,2,NonClusteredIndex-20160519-125339,NONCLUSTERED,0,0,0,0,0,NULL,0,PRIMARY,Director_id,"PID, typeNo",1,4,director_id,"pid, typeno","director_id|pid, typeno|",461799,1,12.56,6608161,190701,0,97213,6798862,69.94,6701649,2026-09-02 09:02:53.663,2026-09-02 09:02:41.170,NULL,2026-09-02 09:00:00.620,"CREATE NONCLUSTERED INDEX [NonClusteredIndex-20160519-125339] ON [dbo].[tblDirector_appointments] ([Director_id] ASC) INCLUDE (PID, typeNo) WITH (DROP_EXISTING = OFF, ONLINE = ON) ON [PRIMARY];",DROP INDEX [NonClusteredIndex-20160519-125339] ON [dbo].[tblDirector_appointments];
activist_insight,2026-05-10 01:35:21.070,[dbo].[tblDirector_appointments],dbo,tblDirector_appointments,3,idxDirectorEndDirectorSince,NONCLUSTERED,0,0,0,0,0,NULL,0,PRIMARY,"Director_since, Director_end_date, typeNo","Director_id, PID",3,20,"director_since, director_end_date, typeno","director_id, pid","director_since, director_end_date, typeno|director_id, pid|",461799,1,29.49,310382,486315,0,97213,796697,8.20,699484,2026-09-02 09:02:39.960,2026-09-02 09:02:28.017,NULL,2026-09-02 09:00:00.620,"CREATE NONCLUSTERED INDEX [idxDirectorEndDirectorSince] ON [dbo].[tblDirector_appointments] ([Director_since] ASC, [Director_end_date] ASC, [typeNo] ASC) INCLUDE (Director_id, PID) WITH (DROP_EXISTING = OFF, ONLINE = ON) ON [PRIMARY];",DROP INDEX [idxDirectorEndDirectorSince] ON [dbo].[tblDirector_appointments];
activist_insight,2026-05-10 01:35:21.070,[dbo].[tblDirector_appointments],dbo,tblDirector_appointments,4,NonClusteredIndex-20200623-094034,NONCLUSTERED,0,0,0,0,0,NULL,0,PRIMARY,PID,typeNo,1,4,pid,typeno,pid|typeno|,461799,1,17.91,3110415,85671,0,93389,3196086,34.22,3102697,2026-09-02 09:02:53.663,2026-09-02 09:02:00.903,NULL,2026-09-02 09:00:00.620,"CREATE NONCLUSTERED INDEX [NonClusteredIndex-20200623-094034] ON [dbo].[tblDirector_appointments] ([PID] ASC) INCLUDE (typeNo) WITH (DROP_EXISTING = OFF, ONLINE = ON) ON [PRIMARY];",DROP INDEX [NonClusteredIndex-20200623-094034] ON [dbo].[tblDirector_appointments];
activist_insight,2026-05-10 01:35:21.070,[dbo].[tblDirector_appointments],dbo,tblDirector_appointments,5,NonClusteredIndex-20160519-125417,NONCLUSTERED,0,0,0,0,0,NULL,0,PRIMARY,"PID, typeNo",NULL,2,8,"pid, typeno",NULL,"pid, typeno||",461799,1,18.20,787970,2467,0,93389,790437,8.46,697048,2026-09-02 09:01:13.213,2026-08-29 08:37:02.190,NULL,2026-09-02 09:00:00.620,"CREATE NONCLUSTERED INDEX [NonClusteredIndex-20160519-125417] ON [dbo].[tblDirector_appointments] ([PID] ASC, [typeNo] ASC) WITH (DROP_EXISTING = OFF, ONLINE = ON) ON [PRIMARY];",DROP INDEX [NonClusteredIndex-20160519-125417] ON [dbo].[tblDirector_appointments];
activist_insight,2026-05-10 01:35:21.070,[dbo].[tblDirector_appointments],dbo,tblDirector_appointments,6,idx_tblDirector_appointments_gov,NONCLUSTERED,0,0,0,0,0,NULL,0,PRIMARY,"typeNo, Director_since, Director_end_date, Independent","PID, Director_id",4,21,"typeno, director_since, director_end_date, independent","director_id, pid","typeno, director_since, director_end_date, independent|director_id, pid|",461799,1,30.56,257658,41795,0,97213,299453,3.08,202240,2026-09-02 09:02:53.760,2026-09-02 09:02:35.260,NULL,2026-09-02 09:00:00.620,"CREATE NONCLUSTERED INDEX [idx_tblDirector_appointments_gov] ON [dbo].[tblDirector_appointments] ([typeNo] ASC, [Director_since] ASC, [Director_end_date] ASC, [Independent] ASC) INCLUDE (PID, Director_id) WITH (DROP_EXISTING = OFF, ONLINE = ON) ON [PRIMARY];",DROP INDEX [idx_tblDirector_appointments_gov] ON [dbo].[tblDirector_appointments];
activist_insight,2026-05-10 01:35:21.070,[dbo].[tblFundamental_metric_last_quarter_values],dbo,tblFundamental_metric_last_quarter_values,1,PK_tblFundamental_metric_last_quarter_values,CLUSTERED,1,1,0,0,0,NULL,0,PRIMARY,fundamental_metric_last_quarter_value_id,NULL,1,4,fundamental_metric_last_quarter_value_id,NULL,fundamental_metric_last_quarter_value_id||,457187,1,35.09,0,8513244,0,17517787,8513244,0.49,-9004543,NULL,2026-09-02 09:02:53.887,NULL,2026-09-02 09:02:53.890,"CREATE UNIQUE CLUSTERED INDEX [PK_tblFundamental_metric_last_quarter_values] ON [dbo].[tblFundamental_metric_last_quarter_values] ([fundamental_metric_last_quarter_value_id] ASC) WITH (DROP_EXISTING = OFF, ONLINE = ON) ON [PRIMARY];","-- Constraint-backed, review before dropping: ALTER TABLE [dbo].[tblFundamental_metric_last_quarter_values] DROP CONSTRAINT [PK_tblFundamental_metric_last_quarter_values];"
activist_insight,2026-05-10 01:35:21.070,[dbo].[tblFundamental_metric_last_quarter_values],dbo,tblFundamental_metric_last_quarter_values,4,NonClusteredIndex-20180102-093110,NONCLUSTERED,0,0,0,0,0,NULL,0,PRIMARY,CIK_id,"metric_id, value",1,4,cik_id,"metric_id, value","cik_id|metric_id, value|",457187,1,35.25,26291129,0,0,17517787,26291129,1.50,8773342,2026-09-02 09:02:53.893,NULL,NULL,2026-09-02 09:02:53.890,"CREATE NONCLUSTERED INDEX [NonClusteredIndex-20180102-093110] ON [dbo].[tblFundamental_metric_last_quarter_values] ([CIK_id] ASC) INCLUDE (metric_id, value) WITH (DROP_EXISTING = OFF, ONLINE = ON) ON [PRIMARY];",DROP INDEX [NonClusteredIndex-20180102-093110] ON [dbo].[tblFundamental_metric_last_quarter_values];
activist_insight,2026-05-10 01:35:21.070,[dbo].[tblsymbol_change_xignite],dbo,tblsymbol_change_xignite,0,NULL,HEAP,0,0,0,0,0,NULL,0,PRIMARY,NULL,NULL,0,0,NULL,NULL,||,453964,1,72.02,0,0,0,0,0,NULL,0,NULL,NULL,NULL,NULL,NULL,NULL
activist_insight,2026-05-10 01:35:21.070,[dbo].[rawImportCGICompensation_Planbased],dbo,rawImportCGICompensation_Planbased,0,NULL,HEAP,0,0,0,0,0,NULL,0,PRIMARY,NULL,NULL,0,0,NULL,NULL,||,453705,1,159.19,0,0,0,0,0,NULL,0,NULL,NULL,NULL,NULL,NULL,NULL
activist_insight,2026-05-10 01:35:21.070,[dbo].[tblISC_data_Xignite],dbo,tblISC_data_Xignite,0,NULL,HEAP,0,0,0,0,0,NULL,0,PRIMARY,NULL,NULL,0,0,NULL,NULL,||,443562,1,79.37,0,26,0,0,26,NULL,26,NULL,2026-08-20 12:55:27.560,NULL,NULL,NULL,NULL
activist_insight,2026-05-10 01:35:21.070,[dbo].[tblWP_gf_entry_meta],dbo,tblWP_gf_entry_meta,1,PK_tblWP_gf_entry_meta,CLUSTERED,1,1,0,0,0,NULL,0,PRIMARY,Record_Id,NULL,1,4,record_id,NULL,record_id||,411393,1,28.55,0,7140,0,0,7140,NULL,7140,NULL,2026-05-22 11:25:19.523,NULL,NULL,"CREATE UNIQUE CLUSTERED INDEX [PK_tblWP_gf_entry_meta] ON [dbo].[tblWP_gf_entry_meta] ([Record_Id] ASC) WITH (DROP_EXISTING = OFF, ONLINE = ON) ON [PRIMARY];","-- Constraint-backed, review before dropping: ALTER TABLE [dbo].[tblWP_gf_entry_meta] DROP CONSTRAINT [PK_tblWP_gf_entry_meta];"
activist_insight,2026-05-10 01:35:21.070,[dbo].[rawBoardTypeImport12112025],dbo,rawBoardTypeImport12112025,0,NULL,HEAP,0,0,0,0,0,NULL,0,PRIMARY,NULL,NULL,0,0,NULL,NULL,||,406045,1,77.88,0,0,0,0,0,NULL,0,NULL,NULL,NULL,NULL,NULL,NULL
activist_insight,2026-05-10 01:35:21.070,[dbo].[rawImportCGICompensation_Annual],dbo,rawImportCGICompensation_Annual,0,NULL,HEAP,0,0,0,0,0,NULL,0,PRIMARY,NULL,NULL,0,0,NULL,NULL,||,402283,1,293.77,0,0,0,0,0,NULL,0,NULL,NULL,NULL,NULL,NULL,NULL
activist_insight,2026-05-10 01:35:21.070,[dbo].[tblComputers],dbo,tblComputers,1,PK_tblComputers,CLUSTERED,1,1,0,0,0,NULL,0,PRIMARY,computer_id,NULL,1,4,computer_id,NULL,computer_id||,385605,1,45.52,38582,0,0,44375,38582,0.87,-5793,2026-09-02 09:02:52.693,NULL,NULL,2026-09-02 09:02:52.693,"CREATE UNIQUE CLUSTERED INDEX [PK_tblComputers] ON [dbo].[tblComputers] ([computer_id] ASC) WITH (DROP_EXISTING = OFF, ONLINE = ON) ON [PRIMARY];","-- Constraint-backed, review before dropping: ALTER TABLE [dbo].[tblComputers] DROP CONSTRAINT [PK_tblComputers];"
activist_insight,2026-05-10 01:35:21.070,[dbo].[tbl13d_Checked],dbo,tbl13d_Checked,1,PK_tbl13d_Checked,CLUSTERED,1,1,0,0,0,NULL,0,PRIMARY,13d_check_id,NULL,1,4,13d_check_id,NULL,13d_check_id||,385197,1,18.32,0,55,136946,23141,137001,5.92,113860,NULL,2026-08-28 08:46:17.933,2026-09-02 09:00:10.637,2026-09-02 09:00:10.637,"CREATE UNIQUE CLUSTERED INDEX [PK_tbl13d_Checked] ON [dbo].[tbl13d_Checked] ([13d_check_id] ASC) WITH (DROP_EXISTING = OFF, ONLINE = ON) ON [PRIMARY];","-- Constraint-backed, review before dropping: ALTER TABLE [dbo].[tbl13d_Checked] DROP CONSTRAINT [PK_tbl13d_Checked];"
activist_insight,2026-05-10 01:35:21.070,[dbo].[tbl13d_Checked],dbo,tbl13d_Checked,3,NonClusteredIndex-20160315-114131,NONCLUSTERED,0,0,0,0,0,NULL,0,PRIMARY,Scraped_filing_id,NULL,1,4,scraped_filing_id,NULL,scraped_filing_id||,385197,1,14.80,137154,0,0,23141,137154,5.93,114013,2026-09-02 09:00:10.637,NULL,NULL,2026-09-02 09:00:10.637,"CREATE NONCLUSTERED INDEX [NonClusteredIndex-20160315-114131] ON [dbo].[tbl13d_Checked] ([Scraped_filing_id] ASC) WITH (DROP_EXISTING = OFF, ONLINE = ON) ON [PRIMARY];",DROP INDEX [NonClusteredIndex-20160315-114131] ON [dbo].[tbl13d_Checked];
activist_insight,2026-05-10 01:35:21.070,[dbo].[tVoting_Sync_Status],dbo,tVoting_Sync_Status,1,PK_tVoting_Sync_Status,CLUSTERED,1,1,0,0,0,NULL,0,PRIMARY,SyncStatusID,NULL,1,4,syncstatusid,NULL,syncstatusid||,384095,1,40.00,NULL,NULL,NULL,NULL,0,NULL,0,NULL,NULL,NULL,NULL,"CREATE UNIQUE CLUSTERED INDEX [PK_tVoting_Sync_Status] ON [dbo].[tVoting_Sync_Status] ([SyncStatusID] ASC) WITH (DROP_EXISTING = OFF, ONLINE = ON) ON [PRIMARY];","-- Constraint-backed, review before dropping: ALTER TABLE [dbo].[tVoting_Sync_Status] DROP CONSTRAINT [PK_tVoting_Sync_Status];"
activist_insight,2026-05-10 01:35:21.070,[dbo].[tVoting_Sync_Status],dbo,tVoting_Sync_Status,2,IX_tVoting_Sync_Status_Investor_Year,NONCLUSTERED,0,0,0,0,0,NULL,0,PRIMARY,"InvestorID, MeetingYear, SyncType, RunID","SyncStatus, StartTime, EndTime",4,62,"investorid, meetingyear, synctype, runid","endtime, starttime, syncstatus","investorid, meetingyear, synctype, runid|endtime, starttime, syncstatus|",384095,1,30.08,0,0,0,0,0,NULL,0,NULL,NULL,NULL,NULL,"CREATE NONCLUSTERED INDEX [IX_tVoting_Sync_Status_Investor_Year] ON [dbo].[tVoting_Sync_Status] ([InvestorID] ASC, [MeetingYear] ASC, [SyncType] ASC, [RunID] DESC) INCLUDE (SyncStatus, StartTime, EndTime) WITH (DROP_EXISTING = OFF, ONLINE = ON) ON [PRIMARY];",DROP INDEX [IX_tVoting_Sync_Status_Investor_Year] ON [dbo].[tVoting_Sync_Status];
activist_insight,2026-05-10 01:35:21.070,[dbo].[tVoting_Sync_Status],dbo,tVoting_Sync_Status,3,IX_tVoting_Sync_Status_Run_Type,NONCLUSTERED,0,0,0,0,0,NULL,0,PRIMARY,"RunID, SyncType, SyncStatus","InvestorID, MeetingYear, RowsInserted, RowsUpdated, RowsDeleted",3,74,"runid, synctype, syncstatus","investorid, meetingyear, rowsdeleted, rowsinserted, rowsupdated","runid, synctype, syncstatus|investorid, meetingyear, rowsdeleted, rowsinserted, rowsupdated|",384095,1,29.03,0,0,0,0,0,NULL,0,NULL,NULL,NULL,NULL,"CREATE NONCLUSTERED INDEX [IX_tVoting_Sync_Status_Run_Type] ON [dbo].[tVoting_Sync_Status] ([RunID] ASC, [SyncType] ASC, [SyncStatus] ASC) INCLUDE (InvestorID, MeetingYear, RowsInserted, RowsUpdated, RowsDeleted) WITH (DROP_EXISTING = OFF, ONLINE = ON) ON [PRIMARY];",DROP INDEX [IX_tVoting_Sync_Status_Run_Type] ON [dbo].[tVoting_Sync_Status];
activist_insight,2026-05-10 01:35:21.070,[dbo].[tblList8k_check],dbo,tblList8k_check,0,NULL,HEAP,0,0,0,0,0,NULL,0,PRIMARY,NULL,NULL,0,0,NULL,NULL,||,378552,1,29.38,0,0,0,13004,0,0.00,-13004,NULL,NULL,NULL,2026-09-02 08:28:49.863,NULL,NULL
activist_insight,2026-05-10 01:35:21.070,[dbo].[tblList8k_check],dbo,tblList8k_check,5,idx_list8k_id,NONCLUSTERED,0,0,0,0,0,NULL,0,PRIMARY,List8kID,"List8k_check_id, admin_user_id",1,100,list8kid,"admin_user_id, list8k_check_id","list8kid|admin_user_id, list8k_check_id|",378552,1,27.27,30283,3729,0,13004,34012,2.62,21008,2026-09-02 08:28:49.863,2026-09-02 08:28:32.963,NULL,2026-09-02 08:28:49.863,"CREATE NONCLUSTERED INDEX [idx_list8k_id] ON [dbo].[tblList8k_check] ([List8kID] ASC) INCLUDE (List8k_check_id, admin_user_id) WITH (DROP_EXISTING = OFF, ONLINE = ON) ON [PRIMARY];",DROP INDEX [idx_list8k_id] ON [dbo].[tblList8k_check];
activist_insight,2026-05-10 01:35:21.070,[dbo].[stgCompensation_Policy],dbo,stgCompensation_Policy,1,PK_stgCompensation_Policy,CLUSTERED,1,1,0,0,0,NULL,0,PRIMARY,stgCompensation_Policy_id,NULL,1,4,stgcompensation_policy_id,NULL,stgcompensation_policy_id||,369337,1,355.23,0,3450,728,3944,4178,1.06,234,NULL,2026-09-02 02:45:12.490,2026-09-02 02:45:18.157,2026-09-02 02:45:18.173,"CREATE UNIQUE CLUSTERED INDEX [PK_stgCompensation_Policy] ON [dbo].[stgCompensation_Policy] ([stgCompensation_Policy_id] ASC) WITH (DROP_EXISTING = OFF, ONLINE = ON) ON [PRIMARY];","-- Constraint-backed, review before dropping: ALTER TABLE [dbo].[stgCompensation_Policy] DROP CONSTRAINT [PK_stgCompensation_Policy];"
activist_insight,2026-05-10 01:35:21.070,[dbo].[stgCompensation_Policy],dbo,stgCompensation_Policy,2,idx_stgCompensation_Policy_directorappointmentid,NONCLUSTERED,0,0,0,0,0,NULL,0,PRIMARY,"import_id, DirectorAppointment_id",NULL,2,8,"import_id, directorappointment_id",NULL,"import_id, directorappointment_id||",369337,1,25.86,30,0,0,696,30,0.04,-666,2026-08-30 02:36:18.123,NULL,NULL,2026-09-02 02:45:12.490,"CREATE NONCLUSTERED INDEX [idx_stgCompensation_Policy_directorappointmentid] ON [dbo].[stgCompensation_Policy] ([import_id] ASC, [DirectorAppointment_id] ASC) WITH (DROP_EXISTING = OFF, ONLINE = ON) ON [PRIMARY];",DROP INDEX [idx_stgCompensation_Policy_directorappointmentid] ON [dbo].[stgCompensation_Policy];
activist_insight,2026-05-10 01:35:21.070,[dbo].[stgCompensation_Policy],dbo,stgCompensation_Policy,3,idx_stgCompensation_Policy_status,NONCLUSTERED,0,0,0,0,0,NULL,0,PRIMARY,"import_id, status",NULL,2,8,"import_id, status",NULL,"import_id, status||",369337,1,14.10,1405,0,0,2784,1405,0.50,-1379,2026-09-02 02:45:18.173,NULL,NULL,2026-09-02 02:45:18.173,"CREATE NONCLUSTERED INDEX [idx_stgCompensation_Policy_status] ON [dbo].[stgCompensation_Policy] ([import_id] ASC, [status] ASC) WITH (DROP_EXISTING = OFF, ONLINE = ON) ON [PRIMARY];",DROP INDEX [idx_stgCompensation_Policy_status] ON [dbo].[stgCompensation_Policy];
activist_insight,2026-05-10 01:35:21.070,[dbo].[tblReporting_phase2_steps],dbo,tblReporting_phase2_steps,1,PK_tblReporting_phase2_steps,CLUSTERED,1,1,0,0,0,NULL,0,PRIMARY,reporting_phase2_step_id,NULL,1,4,reporting_phase2_step_id,NULL,reporting_phase2_step_id||,367185,1,62.88,0,0,0,0,0,NULL,0,NULL,NULL,NULL,NULL,"CREATE UNIQUE CLUSTERED INDEX [PK_tblReporting_phase2_steps] ON [dbo].[tblReporting_phase2_steps] ([reporting_phase2_step_id] ASC) WITH (DROP_EXISTING = OFF, ONLINE = ON) ON [PRIMARY];","-- Constraint-backed, review before dropping: ALTER TABLE [dbo].[tblReporting_phase2_steps] DROP CONSTRAINT [PK_tblReporting_phase2_steps];"
activist_insight,2026-05-10 01:35:21.070,[dbo].[tblXVulnerability_scores],dbo,tblXVulnerability_scores,1,PK_tblXVulnerability_scores,CLUSTERED,1,1,0,0,0,NULL,0,PRIMARY,vulnerability_score_id,NULL,1,4,vulnerability_score_id,NULL,vulnerability_score_id||,363550,1,61.90,0,2,0,0,2,NULL,2,NULL,2026-06-05 14:03:05.040,NULL,NULL,"CREATE UNIQUE CLUSTERED INDEX [PK_tblXVulnerability_scores] ON [dbo].[tblXVulnerability_scores] ([vulnerability_score_id] ASC) WITH (DROP_EXISTING = OFF, ONLINE = ON) ON [PRIMARY];","-- Constraint-backed, review before dropping: ALTER TABLE [dbo].[tblXVulnerability_scores] DROP CONSTRAINT [PK_tblXVulnerability_scores];"
activist_insight,2026-05-10 01:35:21.070,[dbo].[tblFundamentals_to_check],dbo,tblFundamentals_to_check,1,PK_tblFundamentals_to_check,CLUSTERED,1,1,0,0,0,NULL,0,PRIMARY,fundamental_to_check_id,NULL,1,4,fundamental_to_check_id,NULL,fundamental_to_check_id||,361219,1,11.41,0,92425,0,6361,92425,14.53,86064,NULL,2026-09-01 20:35:50.203,NULL,2026-09-01 20:35:50.203,"CREATE UNIQUE CLUSTERED INDEX [PK_tblFundamentals_to_check] ON [dbo].[tblFundamentals_to_check] ([fundamental_to_check_id] ASC) WITH (DROP_EXISTING = OFF, ONLINE = ON) ON [PRIMARY];","-- Constraint-backed, review before dropping: ALTER TABLE [dbo].[tblFundamentals_to_check] DROP CONSTRAINT [PK_tblFundamentals_to_check];"
activist_insight,2026-05-10 01:35:21.070,[dbo].[tblCompany_audit],dbo,tblCompany_audit,1,PK_tblCompany_audit,CLUSTERED,1,1,0,0,0,NULL,0,PRIMARY,audit_id,NULL,1,8,audit_id,NULL,audit_id||,334479,1,216.62,0,2,0,94323,2,0.00,-94321,NULL,2026-06-05 14:03:26.673,NULL,2026-09-02 09:01:50.020,"CREATE UNIQUE CLUSTERED INDEX [PK_tblCompany_audit] ON [dbo].[tblCompany_audit] ([audit_id] ASC) WITH (DROP_EXISTING = OFF, ONLINE = ON) ON [PRIMARY];","-- Constraint-backed, review before dropping: ALTER TABLE [dbo].[tblCompany_audit] DROP CONSTRAINT [PK_tblCompany_audit];"
activist_insight,2026-05-10 01:35:21.070,[dbo].[tblCompany_audit],dbo,tblCompany_audit,2,idx_tblCompany_audit_action,NONCLUSTERED,0,0,0,0,0,NULL,0,PRIMARY,audit_action,NULL,1,1,audit_action,NULL,audit_action||,334479,1,9.84,0,0,0,94323,0,0.00,-94323,NULL,NULL,NULL,2026-09-02 09:01:50.020,"CREATE NONCLUSTERED INDEX [idx_tblCompany_audit_action] ON [dbo].[tblCompany_audit] ([audit_action] ASC) WITH (DROP_EXISTING = OFF, ONLINE = ON) ON [PRIMARY];",DROP INDEX [idx_tblCompany_audit_action] ON [dbo].[tblCompany_audit];
activist_insight,2026-05-10 01:35:21.070,[dbo].[tblCompany_audit],dbo,tblCompany_audit,4,idx_tblCompany_audit_timestamp,NONCLUSTERED,0,0,0,0,0,NULL,0,PRIMARY,audit_timestamp,NULL,1,8,audit_timestamp,NULL,audit_timestamp||,334479,1,12.20,0,0,0,94323,0,0.00,-94323,NULL,NULL,NULL,2026-09-02 09:01:50.020,"CREATE NONCLUSTERED INDEX [idx_tblCompany_audit_timestamp] ON [dbo].[tblCompany_audit] ([audit_timestamp] ASC) WITH (DROP_EXISTING = OFF, ONLINE = ON) ON [PRIMARY];",DROP INDEX [idx_tblCompany_audit_timestamp] ON [dbo].[tblCompany_audit];
activist_insight,2026-05-10 01:35:21.070,[dbo].[tblCompany_audit],dbo,tblCompany_audit,5,idx_tblCompany_audit_company_id,NONCLUSTERED,0,0,0,0,0,NULL,0,PRIMARY,company_id,NULL,1,4,company_id,NULL,company_id||,334479,1,12.64,0,2,0,94323,2,0.00,-94321,NULL,2026-06-02 14:31:36.110,NULL,2026-09-02 09:01:50.020,"CREATE NONCLUSTERED INDEX [idx_tblCompany_audit_company_id] ON [dbo].[tblCompany_audit] ([company_id] ASC) WITH (DROP_EXISTING = OFF, ONLINE = ON) ON [PRIMARY];",DROP INDEX [idx_tblCompany_audit_company_id] ON [dbo].[tblCompany_audit];
activist_insight,2026-05-10 01:35:21.070,[dbo].[tblCompany_audit],dbo,tblCompany_audit,6,idx_tblCompany_audit_PID,NONCLUSTERED,0,0,0,0,1,([PID] IS NOT NULL),0,PRIMARY,PID,NULL,1,4,pid,NULL,pid||([pid] is not null),326093,1,12.14,0,0,0,94323,0,0.00,-94323,NULL,NULL,NULL,2026-09-02 09:01:50.020,"CREATE NONCLUSTERED INDEX [idx_tblCompany_audit_PID] ON [dbo].[tblCompany_audit] ([PID] ASC) WHERE ([PID] IS NOT NULL) WITH (DROP_EXISTING = OFF, ONLINE = ON) ON [PRIMARY];",DROP INDEX [idx_tblCompany_audit_PID] ON [dbo].[tblCompany_audit];
activist_insight,2026-05-10 01:35:21.070,[dbo].[tblISC_data_Xignite_old],dbo,tblISC_data_Xignite_old,0,NULL,HEAP,0,0,0,0,0,NULL,0,PRIMARY,NULL,NULL,0,0,NULL,NULL,||,323027,1,55.23,0,0,0,0,0,NULL,0,NULL,NULL,NULL,NULL,NULL,NULL
activist_insight,2026-05-10 01:35:21.070,[dbo].[tblISC_data_Xignite_old],dbo,tblISC_data_Xignite_old,8,NonClusteredIndex-20181025-164555,NONCLUSTERED,0,0,0,0,0,NULL,0,PRIMARY,"instant_date, Isin","value, cik",2,18,"instant_date, isin","cik, value","instant_date, isin|cik, value|",323027,1,17.15,0,0,0,0,0,NULL,0,NULL,NULL,NULL,NULL,"CREATE NONCLUSTERED INDEX [NonClusteredIndex-20181025-164555] ON [dbo].[tblISC_data_Xignite_old] ([instant_date] ASC, [Isin] ASC) INCLUDE (value, cik) WITH (DROP_EXISTING = OFF, ONLINE = ON) ON [PRIMARY];",DROP INDEX [NonClusteredIndex-20181025-164555] ON [dbo].[tblISC_data_Xignite_old];
activist_insight,2026-05-10 01:35:21.070,[dbo].[tbl13f_Filer_Info_Scraped],dbo,tbl13f_Filer_Info_Scraped,1,PK_tbl13f_Filer_Info_Scraped,CLUSTERED,1,1,0,0,0,NULL,0,PRIMARY,filer_id,NULL,1,4,filer_id,NULL,filer_id||,320771,1,39.83,11411227,2014,12736569,14114,24149810,1711.05,24135696,2026-09-02 00:31:29.187,2026-09-02 08:53:31.237,2026-09-02 00:31:29.190,2026-09-01 19:49:30.463,"CREATE UNIQUE CLUSTERED INDEX [PK_tbl13f_Filer_Info_Scraped] ON [dbo].[tbl13f_Filer_Info_Scraped] ([filer_id] ASC) WITH (DROP_EXISTING = OFF, ONLINE = ON) ON [PRIMARY];","-- Constraint-backed, review before dropping: ALTER TABLE [dbo].[tbl13f_Filer_Info_Scraped] DROP CONSTRAINT [PK_tbl13f_Filer_Info_Scraped];"
activist_insight,2026-05-10 01:35:21.070,[dbo].[tbl13f_Filer_Info_Scraped],dbo,tbl13f_Filer_Info_Scraped,13,idx_CIK,NONCLUSTERED,0,0,0,0,0,NULL,0,PRIMARY,CIK,Period_of_report,1,25,cik,period_of_report,cik|period_of_report|,320771,1,16.00,15360609,202,0,14114,15360811,1088.34,15346697,2026-09-02 00:31:29.190,2026-09-02 00:30:01.153,NULL,2026-09-01 19:49:30.463,"CREATE NONCLUSTERED INDEX [idx_CIK] ON [dbo].[tbl13f_Filer_Info_Scraped] ([CIK] ASC) INCLUDE (Period_of_report) WITH (DROP_EXISTING = OFF, ONLINE = ON) ON [PRIMARY];",DROP INDEX [idx_CIK] ON [dbo].[tbl13f_Filer_Info_Scraped];
activist_insight,2026-05-10 01:35:21.070,[dbo].[tbl13f_Filer_Info_Scraped],dbo,tbl13f_Filer_Info_Scraped,16,Idx_13fFiler_info_amendment,NONCLUSTERED,0,0,0,0,0,NULL,0,PRIMARY,Amendment_num,NULL,1,4,amendment_num,NULL,amendment_num||,320771,1,7.15,0,0,0,14114,0,0.00,-14114,NULL,NULL,NULL,2026-09-01 19:49:30.463,"CREATE NONCLUSTERED INDEX [Idx_13fFiler_info_amendment] ON [dbo].[tbl13f_Filer_Info_Scraped] ([Amendment_num] ASC) WITH (DROP_EXISTING = OFF, ONLINE = ON) ON [PRIMARY];",DROP INDEX [Idx_13fFiler_info_amendment] ON [dbo].[tbl13f_Filer_Info_Scraped];
activist_insight,2026-05-10 01:35:21.070,[dbo].[tbl13f_Filer_Info_Scraped],dbo,tbl13f_Filer_Info_Scraped,18,idx_tbl13f_Filer_Info_Scraped_periodofreport,NONCLUSTERED,0,0,0,0,0,NULL,0,PRIMARY,Period_of_report,"scraped_filing_id, CIK",1,8,period_of_report,"cik, scraped_filing_id","period_of_report|cik, scraped_filing_id|",320771,1,14.73,4090,16539,0,14114,20629,1.46,6515,2026-09-02 08:45:41.013,2026-09-02 08:56:23.567,NULL,2026-09-01 19:49:30.463,"CREATE NONCLUSTERED INDEX [idx_tbl13f_Filer_Info_Scraped_periodofreport] ON [dbo].[tbl13f_Filer_Info_Scraped] ([Period_of_report] ASC) INCLUDE (scraped_filing_id, CIK) WITH (DROP_EXISTING = OFF, ONLINE = ON) ON [PRIMARY];",DROP INDEX [idx_tbl13f_Filer_Info_Scraped_periodofreport] ON [dbo].[tbl13f_Filer_Info_Scraped];
activist_insight,2026-05-10 01:35:21.070,[dbo].[stgCompensationEMEA_DirectorCompensation],dbo,stgCompensationEMEA_DirectorCompensation,1,PK_stgCompensation_DirectorCompensation_EMEA,CLUSTERED,1,1,0,0,0,NULL,0,PRIMARY,stgCompensation_DirectorCompensation_id,NULL,1,4,stgcompensation_directorcompensation_id,NULL,stgcompensation_directorcompensation_id||,317979,1,64.84,0,1278,0,1044,1278,1.22,234,NULL,2026-09-02 02:45:38.770,NULL,2026-09-02 02:45:38.770,"CREATE UNIQUE CLUSTERED INDEX [PK_stgCompensation_DirectorCompensation_EMEA] ON [dbo].[stgCompensationEMEA_DirectorCompensation] ([stgCompensation_DirectorCompensation_id] ASC) WITH (DROP_EXISTING = OFF, ONLINE = ON) ON [PRIMARY];","-- Constraint-backed, review before dropping: ALTER TABLE [dbo].[stgCompensationEMEA_DirectorCompensation] DROP CONSTRAINT [PK_stgCompensation_DirectorCompensation_EMEA];"
activist_insight,2026-05-10 01:35:21.070,[dbo].[rawImportCGICompensationEMEA_Outstanding],dbo,rawImportCGICompensationEMEA_Outstanding,0,NULL,HEAP,0,0,0,0,0,NULL,0,PRIMARY,NULL,NULL,0,0,NULL,NULL,||,299530,1,79.65,0,2,0,299530,2,0.00,-299528,NULL,2026-09-02 02:43:10.663,NULL,2026-09-02 02:22:11.703,NULL,NULL
activist_insight,2026-05-10 01:35:21.070,[dbo].[tSQL_IndexUsage],dbo,tSQL_IndexUsage,1,PK_tSQL_IndexUsage,CLUSTERED,1,1,0,0,0,NULL,0,PRIMARY,"runtime, TableID, IndexID, id",NULL,4,20,"runtime, tableid, indexid, id",NULL,"runtime, tableid, indexid, id||",280591,1,51.13,0,0,0,16,0,0.00,-16,NULL,NULL,NULL,2026-08-28 23:40:01.253,"CREATE UNIQUE CLUSTERED INDEX [PK_tSQL_IndexUsage] ON [dbo].[tSQL_IndexUsage] ([runtime] ASC, [TableID] ASC, [IndexID] ASC, [id] ASC) WITH (DROP_EXISTING = OFF, ONLINE = ON) ON [PRIMARY];","-- Constraint-backed, review before dropping: ALTER TABLE [dbo].[tSQL_IndexUsage] DROP CONSTRAINT [PK_tSQL_IndexUsage];"
activist_insight,2026-05-10 01:35:21.070,[dbo].[tblOutstanding_Awards],dbo,tblOutstanding_Awards,1,PK__tblOutst__BDB07ECB8FF472A0,CLUSTERED,1,1,0,0,0,NULL,0,PRIMARY,outstanding_award_id,NULL,1,4,outstanding_award_id,NULL,outstanding_award_id||,273886,1,58.51,0,10423,16633,232,27056,116.62,26824,NULL,2026-09-02 09:02:30.757,2026-09-02 08:56:04.350,2026-09-02 02:44:16.403,"CREATE UNIQUE CLUSTERED INDEX [PK__tblOutst__BDB07ECB8FF472A0] ON [dbo].[tblOutstanding_Awards] ([outstanding_award_id] ASC) WITH (DROP_EXISTING = OFF, ONLINE = ON) ON [PRIMARY];","-- Constraint-backed, review before dropping: ALTER TABLE [dbo].[tblOutstanding_Awards] DROP CONSTRAINT [PK__tblOutst__BDB07ECB8FF472A0];"
activist_insight,2026-05-10 01:35:21.070,[dbo].[tblOutstanding_Awards],dbo,tblOutstanding_Awards,19,IX_tblOutstanding_Awards_director_appointment_id,NONCLUSTERED,0,0,0,0,0,NULL,0,PRIMARY,director_appointment_id,NULL,1,4,director_appointment_id,NULL,director_appointment_id||,273886,1,24.30,16545,0,0,232,16545,71.31,16313,2026-09-02 08:56:04.350,NULL,NULL,2026-09-02 02:44:16.403,"CREATE NONCLUSTERED INDEX [IX_tblOutstanding_Awards_director_appointment_id] ON [dbo].[tblOutstanding_Awards] ([director_appointment_id] ASC) WITH (DROP_EXISTING = OFF, ONLINE = ON) ON [PRIMARY];",DROP INDEX [IX_tblOutstanding_Awards_director_appointment_id] ON [dbo].[tblOutstanding_Awards];
activist_insight,2026-05-10 01:35:21.070,[dbo].[tblOutstanding_Awards],dbo,tblOutstanding_Awards,20,IX_tblOutstanding_Awards_filing_id,NONCLUSTERED,0,0,0,0,0,NULL,0,PRIMARY,filing_id,NULL,1,4,filing_id,NULL,filing_id||,273886,1,24.49,16204,116,0,232,16320,70.34,16088,2026-09-02 08:56:04.350,2026-09-02 02:44:11.490,NULL,2026-09-02 02:44:16.403,"CREATE NONCLUSTERED INDEX [IX_tblOutstanding_Awards_filing_id] ON [dbo].[tblOutstanding_Awards] ([filing_id] ASC) WITH (DROP_EXISTING = OFF, ONLINE = ON) ON [PRIMARY];",DROP INDEX [IX_tblOutstanding_Awards_filing_id] ON [dbo].[tblOutstanding_Awards];
activist_insight,2026-05-10 01:35:21.070,[dbo].[tblSc13d_form_tables],dbo,tblSc13d_form_tables,1,PK_tbl_Sc13d_form_tables,CLUSTERED,1,1,0,0,0,NULL,0,PRIMARY,sc13d_form_table_id,NULL,1,4,sc13d_form_table_id,NULL,sc13d_form_table_id||,272208,1,57.04,0,0,0,0,0,NULL,0,NULL,NULL,NULL,NULL,"CREATE UNIQUE CLUSTERED INDEX [PK_tbl_Sc13d_form_tables] ON [dbo].[tblSc13d_form_tables] ([sc13d_form_table_id] ASC) WITH (DROP_EXISTING = OFF, ONLINE = ON) ON [PRIMARY];","-- Constraint-backed, review before dropping: ALTER TABLE [dbo].[tblSc13d_form_tables] DROP CONSTRAINT [PK_tbl_Sc13d_form_tables];"
activist_insight,2026-05-10 01:35:21.070,[dbo].[tblDirector_Performance_Plans],dbo,tblDirector_Performance_Plans,1,PK__tblDirec__26201B58CCD14B2A,CLUSTERED,1,1,0,0,0,NULL,0,PRIMARY,director_performance_plan_id,NULL,1,4,director_performance_plan_id,NULL,director_performance_plan_id||,270996,1,41.28,0,236,0,464,236,0.51,-228,NULL,2026-09-02 02:45:18.137,NULL,2026-09-02 02:45:18.157,"CREATE UNIQUE CLUSTERED INDEX [PK__tblDirec__26201B58CCD14B2A] ON [dbo].[tblDirector_Performance_Plans] ([director_performance_plan_id] ASC) WITH (DROP_EXISTING = OFF, ONLINE = ON) ON [PRIMARY];","-- Constraint-backed, review before dropping: ALTER TABLE [dbo].[tblDirector_Performance_Plans] DROP CONSTRAINT [PK__tblDirec__26201B58CCD14B2A];"
activist_insight,2026-05-10 01:35:21.070,[dbo].[rawImportCGICompensationUS_Policy],dbo,rawImportCGICompensationUS_Policy,0,NULL,HEAP,0,0,0,0,0,NULL,0,PRIMARY,NULL,NULL,0,0,NULL,NULL,||,270430,1,291.97,0,4,0,270432,4,0.00,-270428,NULL,2026-09-02 02:37:13.410,NULL,2026-09-02 02:22:40.637,NULL,NULL
activist_insight,2026-05-10 01:35:21.070,[dbo].[tbldirector_skills],dbo,tbldirector_skills,1,PK__tbldirector_skil__48D48711,CLUSTERED,1,1,0,0,0,NULL,0,PRIMARY,director_skill_id,NULL,1,4,director_skill_id,NULL,director_skill_id||,264377,1,14.43,124088,14786,0,0,138874,NULL,138874,2026-09-02 08:59:57.647,2026-09-02 08:59:57.530,NULL,NULL,"CREATE UNIQUE CLUSTERED INDEX [PK__tbldirector_skil__48D48711] ON [dbo].[tbldirector_skills] ([director_skill_id] ASC) WITH (DROP_EXISTING = OFF, ONLINE = ON) ON [PRIMARY];","-- Constraint-backed, review before dropping: ALTER TABLE [dbo].[tbldirector_skills] DROP CONSTRAINT [PK__tbldirector_skil__48D48711];"
activist_insight,2026-05-10 01:35:21.070,[dbo].[tblDirectors],dbo,tblDirectors,1,PKtblDirectors,CLUSTERED,1,1,0,0,0,NULL,0,PRIMARY,Director_id,NULL,1,4,director_id,NULL,director_id||,263857,1,39.30,8658351,650025,79492,21544,9387868,435.75,9366324,2026-09-02 09:02:53.663,2026-09-02 09:02:53.760,2026-09-02 08:59:23.090,2026-09-02 08:58:03.230,"CREATE UNIQUE CLUSTERED INDEX [PKtblDirectors] ON [dbo].[tblDirectors] ([Director_id] ASC) WITH (DROP_EXISTING = OFF, ONLINE = ON) ON [PRIMARY];","-- Constraint-backed, review before dropping: ALTER TABLE [dbo].[tblDirectors] DROP CONSTRAINT [PKtblDirectors];"
activist_insight,2026-05-10 01:35:21.070,[dbo].[tblDirectors],dbo,tblDirectors,18,idx_tblDirectors_source_age,NONCLUSTERED,0,0,0,0,0,NULL,0,PRIMARY,"Source, Age","Director_id, dateofbirth",2,9,"source, age","dateofbirth, director_id","source, age|dateofbirth, director_id|",263857,1,13.48,7291,393,0,21450,7684,0.36,-13766,2026-09-02 07:01:54.013,2026-09-02 08:58:07.757,NULL,2026-09-02 08:58:03.230,"CREATE NONCLUSTERED INDEX [idx_tblDirectors_source_age] ON [dbo].[tblDirectors] ([Source] ASC, [Age] ASC) INCLUDE (Director_id, dateofbirth) WITH (DROP_EXISTING = OFF, ONLINE = ON) ON [PRIMARY];",DROP INDEX [idx_tblDirectors_source_age] ON [dbo].[tblDirectors];
activist_insight,2026-05-10 01:35:21.070,[dbo].[tblDirectors],dbo,tblDirectors,19,idx_tbldirector_age,NONCLUSTERED,0,0,0,0,0,NULL,0,PRIMARY,"Age, dateofbirth, age_as_at_date","Director_id, Title, Firstname, Surname",3,20,"age, dateofbirth, age_as_at_date","director_id, firstname, surname, title","age, dateofbirth, age_as_at_date|director_id, firstname, surname, title|",263857,1,21.27,0,89164,0,21450,89164,4.16,67714,NULL,2026-09-02 08:59:23.090,NULL,2026-09-02 08:58:03.230,"CREATE NONCLUSTERED INDEX [idx_tbldirector_age] ON [dbo].[tblDirectors] ([Age] ASC, [dateofbirth] ASC, [age_as_at_date] ASC) INCLUDE (Director_id, Title, Firstname, Surname) WITH (DROP_EXISTING = OFF, ONLINE = ON) ON [PRIMARY];",DROP INDEX [idx_tbldirector_age] ON [dbo].[tblDirectors];
activist_insight,2026-05-10 01:35:21.070,[dbo].[tblDirectors],dbo,tblDirectors,20,idxtblDirectors_cover_for_v_gov_company_US,NONCLUSTERED,0,0,0,0,0,NULL,0,PRIMARY,Companies_house_officer_id,NULL,1,50,companies_house_officer_id,NULL,companies_house_officer_id||,263857,1,6.78,94,182523,0,9985,182617,18.29,172632,2026-08-11 06:08:55.657,2026-09-02 09:02:53.663,NULL,2026-09-02 08:58:03.230,"CREATE NONCLUSTERED INDEX [idxtblDirectors_cover_for_v_gov_company_US] ON [dbo].[tblDirectors] ([Companies_house_officer_id] ASC) WITH (DROP_EXISTING = OFF, ONLINE = ON) ON [PRIMARY];",DROP INDEX [idxtblDirectors_cover_for_v_gov_company_US] ON [dbo].[tblDirectors];
activist_insight,2026-05-10 01:35:21.070,[dbo].[tblSc13g_form_headers],dbo,tblSc13g_form_headers,1,PK_tblSc13g_form_headers,CLUSTERED,1,1,0,0,0,NULL,0,PRIMARY,sc13g_form_header_id,NULL,1,4,sc13g_form_header_id,NULL,sc13g_form_header_id||,258175,1,38.12,0,0,0,0,0,NULL,0,NULL,NULL,NULL,NULL,"CREATE UNIQUE CLUSTERED INDEX [PK_tblSc13g_form_headers] ON [dbo].[tblSc13g_form_headers] ([sc13g_form_header_id] ASC) WITH (DROP_EXISTING = OFF, ONLINE = ON) ON [PRIMARY];","-- Constraint-backed, review before dropping: ALTER TABLE [dbo].[tblSc13g_form_headers] DROP CONSTRAINT [PK_tblSc13g_form_headers];"
activist_insight,2026-05-10 01:35:21.070,[dbo].[tstScraped_filings],dbo,tstScraped_filings,1,PK_tstScraped_filings,CLUSTERED,1,1,0,0,0,NULL,0,PRIMARY,scraped_filing_id,NULL,1,4,scraped_filing_id,NULL,scraped_filing_id||,237813,1,76.67,0,0,0,0,0,NULL,0,NULL,NULL,NULL,NULL,"CREATE UNIQUE CLUSTERED INDEX [PK_tstScraped_filings] ON [dbo].[tstScraped_filings] ([scraped_filing_id] ASC) WITH (DROP_EXISTING = OFF, ONLINE = ON) ON [PRIMARY];","-- Constraint-backed, review before dropping: ALTER TABLE [dbo].[tstScraped_filings] DROP CONSTRAINT [PK_tstScraped_filings];"
activist_insight,2026-05-10 01:35:21.070,[dbo].[tblCommittee_summary],dbo,tblCommittee_summary,1,PK__tblCommi__3213E83FBFDCEC78,CLUSTERED,1,1,0,0,0,NULL,0,PRIMARY,id,NULL,1,4,id,NULL,id||,237659,1,16.00,122129,252852,0,21744,374981,17.25,353237,2026-09-02 08:59:57.440,2026-09-02 09:01:55.950,NULL,2026-09-02 08:36:00.390,"CREATE UNIQUE CLUSTERED INDEX [PK__tblCommi__3213E83FBFDCEC78] ON [dbo].[tblCommittee_summary] ([id] ASC) WITH (DROP_EXISTING = OFF, ONLINE = ON) ON [PRIMARY];","-- Constraint-backed, review before dropping: ALTER TABLE [dbo].[tblCommittee_summary] DROP CONSTRAINT [PK__tblCommi__3213E83FBFDCEC78];"
activist_insight,2026-05-10 01:35:21.070,[dbo].[tblReturns_Follower_Nightly],dbo,tblReturns_Follower_Nightly,1,cdx_tblReturnsFollowerNightly_period,CLUSTERED,0,0,0,0,0,NULL,0,PRIMARY,"period, activist_id, company_id",NULL,3,18,"period, activist_id, company_id",NULL,"period, activist_id, company_id||",205256,1,110.58,391493,282,206894,94,598669,6368.82,598575,2026-09-02 09:02:27.930,2026-08-11 06:08:44.037,2026-09-02 09:01:14.503,2026-08-11 06:07:59.850,"CREATE CLUSTERED INDEX [cdx_tblReturnsFollowerNightly_period] ON [dbo].[tblReturns_Follower_Nightly] ([period] ASC, [activist_id] ASC, [company_id] ASC) WITH (DROP_EXISTING = OFF, ONLINE = ON) ON [PRIMARY];",DROP INDEX [cdx_tblReturnsFollowerNightly_period] ON [dbo].[tblReturns_Follower_Nightly];
activist_insight,2026-05-10 01:35:21.070,[dbo].[tblReturns_Follower_Nightly],dbo,tblReturns_Follower_Nightly,6,idxtblreturns_follower_activistid,NONCLUSTERED,0,0,0,0,0,NULL,0,PRIMARY,activist_id,NULL,1,4,activist_id,NULL,activist_id||,205256,1,15.76,5676,19,0,94,5695,60.59,5601,2026-09-02 08:39:13.213,2026-07-31 05:37:53.740,NULL,2026-08-11 06:07:59.850,"CREATE NONCLUSTERED INDEX [idxtblreturns_follower_activistid] ON [dbo].[tblReturns_Follower_Nightly] ([activist_id] ASC) WITH (DROP_EXISTING = OFF, ONLINE = ON) ON [PRIMARY];",DROP INDEX [idxtblreturns_follower_activistid] ON [dbo].[tblReturns_Follower_Nightly];
activist_insight,2026-05-10 01:35:21.070,[dbo].[tblReturns_Follower_Nightly],dbo,tblReturns_Follower_Nightly,7,idxtblreturns_follower_companyid,NONCLUSTERED,0,0,0,0,0,NULL,0,PRIMARY,company_id,NULL,1,4,company_id,NULL,company_id||,205256,1,15.74,206642,5,0,94,206647,2198.37,206553,2026-09-02 09:01:14.503,2026-08-01 07:51:46.570,NULL,2026-08-11 06:07:59.850,"CREATE NONCLUSTERED INDEX [idxtblreturns_follower_companyid] ON [dbo].[tblReturns_Follower_Nightly] ([company_id] ASC) WITH (DROP_EXISTING = OFF, ONLINE = ON) ON [PRIMARY];",DROP INDEX [idxtblreturns_follower_companyid] ON [dbo].[tblReturns_Follower_Nightly];
activist_insight,2026-05-10 01:35:21.070,[dbo].[tblReturns_Follower_Nightly],dbo,tblReturns_Follower_Nightly,8,idxtblreturns_follower_statusid,NONCLUSTERED,0,0,0,0,0,NULL,0,PRIMARY,status_id,NULL,1,4,status_id,NULL,status_id||,205256,1,13.55,0,58,0,94,58,0.62,-36,NULL,2026-08-11 06:07:51.803,NULL,2026-08-11 06:07:59.850,"CREATE NONCLUSTERED INDEX [idxtblreturns_follower_statusid] ON [dbo].[tblReturns_Follower_Nightly] ([status_id] ASC) WITH (DROP_EXISTING = OFF, ONLINE = ON) ON [PRIMARY];",DROP INDEX [idxtblreturns_follower_statusid] ON [dbo].[tblReturns_Follower_Nightly];
activist_insight,2026-05-10 01:35:21.070,[dbo].[tblReturns_Follower_Nightly],dbo,tblReturns_Follower_Nightly,43,UQ_tblReturns_Follower_Nightly_rowguid,NONCLUSTERED,1,0,1,0,0,NULL,0,PRIMARY,rowguid,NULL,1,16,rowguid,NULL,rowguid||,205256,1,23.02,0,7,0,94,7,0.07,-87,NULL,2026-07-29 05:37:54.430,NULL,2026-08-11 06:07:59.850,"CREATE UNIQUE NONCLUSTERED INDEX [UQ_tblReturns_Follower_Nightly_rowguid] ON [dbo].[tblReturns_Follower_Nightly] ([rowguid] ASC) WITH (DROP_EXISTING = OFF, ONLINE = ON) ON [PRIMARY];","-- Constraint-backed, review before dropping: ALTER TABLE [dbo].[tblReturns_Follower_Nightly] DROP CONSTRAINT [UQ_tblReturns_Follower_Nightly_rowguid];"
activist_insight,2026-05-10 01:35:21.070,[dbo].[tSQL_TableSize],dbo,tSQL_TableSize,1,PK_tSQL_TableSize,CLUSTERED,1,1,0,0,0,NULL,0,PRIMARY,"runtime, name",NULL,2,518,"runtime, name",NULL,"runtime, name||",201455,1,24.58,0,54,0,17,54,3.18,37,NULL,2026-08-30 05:12:03.517,NULL,2026-08-30 05:12:02.453,"CREATE UNIQUE CLUSTERED INDEX [PK_tSQL_TableSize] ON [dbo].[tSQL_TableSize] ([runtime] ASC, [name] ASC) WITH (DROP_EXISTING = OFF, ONLINE = ON) ON [PRIMARY];","-- Constraint-backed, review before dropping: ALTER TABLE [dbo].[tSQL_TableSize] DROP CONSTRAINT [PK_tSQL_TableSize];"
activist_insight,2026-05-10 01:35:21.070,[dbo].[tblGov_metric_StateDefaults],dbo,tblGov_metric_StateDefaults,1,PK__tblGov_metric_St__4C32DD90,CLUSTERED,1,1,0,0,0,NULL,0,PRIMARY,id,NULL,1,4,id,NULL,id||,200657,1,99.46,0,15610,4579,8304,20189,2.43,11885,NULL,2026-09-02 09:01:41.403,2026-09-02 09:02:50.120,2026-09-02 09:01:41.403,"CREATE UNIQUE CLUSTERED INDEX [PK__tblGov_metric_St__4C32DD90] ON [dbo].[tblGov_metric_StateDefaults] ([id] ASC) WITH (DROP_EXISTING = OFF, ONLINE = ON) ON [PRIMARY];","-- Constraint-backed, review before dropping: ALTER TABLE [dbo].[tblGov_metric_StateDefaults] DROP CONSTRAINT [PK__tblGov_metric_St__4C32DD90];"
activist_insight,2026-05-10 01:35:21.070,[dbo].[tblGov_metric_StateDefaults],dbo,tblGov_metric_StateDefaults,10,idxGov_metric_StateDefaults_metricid_pid_final_number,NONCLUSTERED,0,0,0,0,0,NULL,0,PRIMARY,gov_metric_id,"pid, final_default, number",1,4,gov_metric_id,"final_default, number, pid","gov_metric_id|final_default, number, pid|",200657,1,10.42,87000,13394,0,8304,100394,12.09,92090,2026-09-02 09:02:50.120,2026-09-02 09:02:48.557,NULL,2026-09-02 09:01:41.403,"CREATE NONCLUSTERED INDEX [idxGov_metric_StateDefaults_metricid_pid_final_number] ON [dbo].[tblGov_metric_StateDefaults] ([gov_metric_id] ASC) INCLUDE (pid, final_default, number) WITH (DROP_EXISTING = OFF, ONLINE = ON) ON [PRIMARY];",DROP INDEX [idxGov_metric_StateDefaults_metricid_pid_final_number] ON [dbo].[tblGov_metric_StateDefaults];
activist_insight,2026-05-10 01:35:21.070,[dbo].[stgUser_Import],dbo,stgUser_Import,1,PK_stgUser_Import,CLUSTERED,1,1,0,0,0,NULL,0,PRIMARY,stg_import_id,NULL,1,4,stg_import_id,NULL,stg_import_id||,199564,1,80.54,11,120,44207,43938,44338,1.01,400,2026-08-05 14:25:19.260,2026-09-01 15:58:12.430,2026-09-01 15:58:12.150,2026-09-01 15:58:12.153,"CREATE UNIQUE CLUSTERED INDEX [PK_stgUser_Import] ON [dbo].[stgUser_Import] ([stg_import_id] ASC) WITH (DROP_EXISTING = OFF, ONLINE = ON) ON [PRIMARY];","-- Constraint-backed, review before dropping: ALTER TABLE [dbo].[stgUser_Import] DROP CONSTRAINT [PK_stgUser_Import];"
activist_insight,2026-05-10 01:35:21.070,[dbo].[stgUser_Import],dbo,stgUser_Import,2,IX_stgUser_Import_Status,NONCLUSTERED,0,0,0,0,0,NULL,0,PRIMARY,import_status,"stg_import_id, user_id, Email",1,4,import_status,"email, stg_import_id, user_id","import_status|email, stg_import_id, user_id|",199564,1,11.85,45599,122,0,43687,45721,1.05,2034,2026-09-01 15:58:12.307,2026-09-01 15:58:12.160,NULL,2026-09-01 15:58:12.153,"CREATE NONCLUSTERED INDEX [IX_stgUser_Import_Status] ON [dbo].[stgUser_Import] ([import_status] ASC) INCLUDE (stg_import_id, user_id, Email) WITH (DROP_EXISTING = OFF, ONLINE = ON) ON [PRIMARY];",DROP INDEX [IX_stgUser_Import_Status] ON [dbo].[stgUser_Import];
activist_insight,2026-05-10 01:35:21.070,[dbo].[stgUser_Import],dbo,stgUser_Import,3,IX_stgUser_Import_UserId_Email,NONCLUSTERED,0,0,0,0,0,NULL,0,PRIMARY,"user_id, Email",NULL,2,104,"user_id, email",NULL,"user_id, email||",199564,1,14.57,372,1,0,43327,373,0.01,-42954,2026-07-21 14:58:03.377,2026-07-28 15:38:00.740,NULL,2026-09-01 15:58:11.943,"CREATE NONCLUSTERED INDEX [IX_stgUser_Import_UserId_Email] ON [dbo].[stgUser_Import] ([user_id] ASC, [Email] ASC) WITH (DROP_EXISTING = OFF, ONLINE = ON) ON [PRIMARY];",DROP INDEX [IX_stgUser_Import_UserId_Email] ON [dbo].[stgUser_Import];
activist_insight,2026-05-10 01:35:21.070,[dbo].[stgNotified_Shorts],dbo,stgNotified_Shorts,1,PK__stgNotif__026C6FC38032F018,CLUSTERED,1,1,0,0,0,NULL,0,PRIMARY,stg_id,NULL,1,4,stg_id,NULL,stg_id||,195036,1,48.89,0,2,0,0,2,NULL,2,NULL,2026-06-05 14:03:23.580,NULL,NULL,"CREATE UNIQUE CLUSTERED INDEX [PK__stgNotif__026C6FC38032F018] ON [dbo].[stgNotified_Shorts] ([stg_id] ASC) WITH (DROP_EXISTING = OFF, ONLINE = ON) ON [PRIMARY];","-- Constraint-backed, review before dropping: ALTER TABLE [dbo].[stgNotified_Shorts] DROP CONSTRAINT [PK__stgNotif__026C6FC38032F018];"
activist_insight,2026-05-10 01:35:21.070,[dbo].[rawImportCGICompensationEMEA_Actual],dbo,rawImportCGICompensationEMEA_Actual,0,NULL,HEAP,0,0,0,0,0,NULL,0,PRIMARY,NULL,NULL,0,0,NULL,NULL,||,193553,1,64.96,0,2,0,193553,2,0.00,-193551,NULL,2026-09-02 02:40:55.300,NULL,2026-09-02 02:18:48.700,NULL,NULL
activist_insight,2026-05-10 01:35:21.070,[dbo].[tblSc13g_form_footnotes],dbo,tblSc13g_form_footnotes,1,PK_tblSc13g_form_footers,CLUSTERED,1,1,0,0,0,NULL,0,PRIMARY,sc13g_form_footnote_id,NULL,1,4,sc13g_form_footnote_id,NULL,sc13g_form_footnote_id||,192023,1,57.30,0,0,0,0,0,NULL,0,NULL,NULL,NULL,NULL,"CREATE UNIQUE CLUSTERED INDEX [PK_tblSc13g_form_footers] ON [dbo].[tblSc13g_form_footnotes] ([sc13g_form_footnote_id] ASC) WITH (DROP_EXISTING = OFF, ONLINE = ON) ON [PRIMARY];","-- Constraint-backed, review before dropping: ALTER TABLE [dbo].[tblSc13g_form_footnotes] DROP CONSTRAINT [PK_tblSc13g_form_footers];"
activist_insight,2026-05-10 01:35:21.070,[dbo].[rawImportCGICompensationEMEA_Estimate],dbo,rawImportCGICompensationEMEA_Estimate,0,NULL,HEAP,0,0,0,0,0,NULL,0,PRIMARY,NULL,NULL,0,0,NULL,NULL,||,187220,1,61.35,0,2,0,187220,2,0.00,-187218,NULL,2026-09-02 02:40:59.340,NULL,2026-09-02 02:19:44.670,NULL,NULL
activist_insight,2026-05-10 01:35:21.070,[dbo].[tblSc13d_form_footnotes],dbo,tblSc13d_form_footnotes,1,PK_tblSc13d_form_footnotes,CLUSTERED,1,1,0,0,0,NULL,0,PRIMARY,sc13d_form_footnote_id,NULL,1,4,sc13d_form_footnote_id,NULL,sc13d_form_footnote_id||,180882,1,62.73,0,0,0,0,0,NULL,0,NULL,NULL,NULL,NULL,"CREATE UNIQUE CLUSTERED INDEX [PK_tblSc13d_form_footnotes] ON [dbo].[tblSc13d_form_footnotes] ([sc13d_form_footnote_id] ASC) WITH (DROP_EXISTING = OFF, ONLINE = ON) ON [PRIMARY];","-- Constraint-backed, review before dropping: ALTER TABLE [dbo].[tblSc13d_form_footnotes] DROP CONSTRAINT [PK_tblSc13d_form_footnotes];"
activist_insight,2026-05-10 01:35:21.070,[dbo].[rawPERMIDtoISIN_v1],dbo,rawPERMIDtoISIN_v1,0,NULL,HEAP,0,0,0,0,0,NULL,0,PRIMARY,NULL,NULL,0,0,NULL,NULL,||,178947,1,8.87,0,0,0,0,0,NULL,0,NULL,NULL,NULL,NULL,NULL,NULL
activist_insight,2026-05-10 01:35:21.070,[dbo].[rawImportClarityAI_Environmental],dbo,rawImportClarityAI_Environmental,0,NULL,HEAP,0,0,0,0,0,NULL,0,PRIMARY,NULL,NULL,0,0,NULL,NULL,||,174559,1,25.70,0,1,0,2,1,0.50,-1,NULL,2026-07-24 12:03:30.200,NULL,2026-07-24 09:56:51.213,NULL,NULL
activist_insight,2026-05-10 01:35:21.070,[dbo].[stgClarityAI_RawData],dbo,stgClarityAI_RawData,1,PK__stgClari__574394C2E9116CC7,CLUSTERED,1,1,0,0,0,NULL,0,PRIMARY,stgClarityAI_RawData_id,NULL,1,4,stgclarityai_rawdata_id,NULL,stgclarityai_rawdata_id||,174559,1,27.73,0,9,0,7,9,1.29,2,NULL,2026-07-24 12:03:57.600,NULL,2026-07-24 12:03:57.600,"CREATE UNIQUE CLUSTERED INDEX [PK__stgClari__574394C2E9116CC7] ON [dbo].[stgClarityAI_RawData] ([stgClarityAI_RawData_id] ASC) WITH (DROP_EXISTING = OFF, ONLINE = ON) ON [PRIMARY];","-- Constraint-backed, review before dropping: ALTER TABLE [dbo].[stgClarityAI_RawData] DROP CONSTRAINT [PK__stgClari__574394C2E9116CC7];"
activist_insight,2026-05-10 01:35:21.070,[dbo].[tblDirector_skills_link],dbo,tblDirector_skills_link,1,PK__tblDirec__068306E30BEB5816,CLUSTERED,1,1,0,0,0,NULL,0,PRIMARY,skill_link_id,NULL,1,4,skill_link_id,NULL,skill_link_id||,171891,1,8.80,0,1,0,0,1,NULL,1,NULL,2026-08-25 08:55:23.533,NULL,NULL,"CREATE UNIQUE CLUSTERED INDEX [PK__tblDirec__068306E30BEB5816] ON [dbo].[tblDirector_skills_link] ([skill_link_id] ASC) WITH (DROP_EXISTING = OFF, ONLINE = ON) ON [PRIMARY];","-- Constraint-backed, review before dropping: ALTER TABLE [dbo].[tblDirector_skills_link] DROP CONSTRAINT [PK__tblDirec__068306E30BEB5816];"
activist_insight,2026-05-10 01:35:21.070,[dbo].[stgDirectorSkillMbr],dbo,stgDirectorSkillMbr,0,NULL,HEAP,0,0,0,0,0,NULL,0,PRIMARY,NULL,NULL,0,0,NULL,NULL,||,171327,1,9.98,0,2,0,0,2,NULL,2,NULL,2026-06-05 14:04:08.107,NULL,NULL,NULL,NULL
activist_insight,2026-05-10 01:35:21.070,[dbo].[tblDashboard_widget_link_audit],dbo,tblDashboard_widget_link_audit,1,PK_tblDashboard_widget_link_audit,CLUSTERED,1,1,0,0,0,NULL,0,PRIMARY,dashboard_widget_link_audit_id,NULL,1,4,dashboard_widget_link_audit_id,NULL,dashboard_widget_link_audit_id||,170849,1,45.37,0,3708,0,23541,3708,0.16,-19833,NULL,2026-09-01 21:50:16.180,NULL,2026-09-02 08:55:24.727,"CREATE UNIQUE CLUSTERED INDEX [PK_tblDashboard_widget_link_audit] ON [dbo].[tblDashboard_widget_link_audit] ([dashboard_widget_link_audit_id] ASC) WITH (DROP_EXISTING = OFF, ONLINE = ON) ON [PRIMARY];","-- Constraint-backed, review before dropping: ALTER TABLE [dbo].[tblDashboard_widget_link_audit] DROP CONSTRAINT [PK_tblDashboard_widget_link_audit];"
activist_insight,2026-05-10 01:35:21.070,[dbo].[rawImportCGICompensation_Policy],dbo,rawImportCGICompensation_Policy,0,NULL,HEAP,0,0,0,0,0,NULL,0,PRIMARY,NULL,NULL,0,0,NULL,NULL,||,162969,1,349.53,0,0,0,0,0,NULL,0,NULL,NULL,NULL,NULL,NULL,NULL
activist_insight,2026-05-10 01:35:21.070,[dbo].[tblFollower_Returns_NoLonger],dbo,tblFollower_Returns_NoLonger,0,NULL,HEAP,0,0,0,0,0,NULL,0,PRIMARY,NULL,NULL,0,0,NULL,NULL,||,161955,1,6.98,0,2,0,94,2,0.02,-92,NULL,2026-06-02 14:31:36.260,NULL,2026-08-11 06:07:51.803,NULL,NULL
activist_insight,2026-05-10 01:35:21.070,[dbo].[tblActivist_holdings_Update],dbo,tblActivist_holdings_Update,0,NULL,HEAP,0,0,0,0,0,NULL,0,PRIMARY,NULL,NULL,0,0,NULL,NULL,||,161281,1,8.11,0,0,0,10246,0,0.00,-10246,NULL,NULL,NULL,2026-09-02 08:59:58.933,NULL,NULL
activist_insight,2026-05-10 01:35:21.070,[dbo].[tbl13f_Other_filers_scraped],dbo,tbl13f_Other_filers_scraped,0,NULL,HEAP,0,0,0,0,0,NULL,0,PRIMARY,NULL,NULL,0,0,NULL,NULL,||,161074,1,14.55,0,115,0,6874,115,0.02,-6759,NULL,2026-08-18 14:46:40.230,NULL,2026-09-01 18:48:23.927,NULL,NULL
activist_insight,2026-05-10 01:35:21.070,[dbo].[tmpISC_SEC],dbo,tmpISC_SEC,0,NULL,HEAP,0,0,0,0,0,NULL,0,PRIMARY,NULL,NULL,0,0,NULL,NULL,||,152366,1,10.36,0,0,0,0,0,NULL,0,NULL,NULL,NULL,NULL,NULL,NULL
activist_insight,2026-05-10 01:35:21.070,[dbo].[tblFiling],dbo,tblFiling,1,PK__tblFilin__2D8294D9162486E4,CLUSTERED,1,1,0,0,0,NULL,0,PRIMARY,filing_id,NULL,1,4,filing_id,NULL,filing_id||,145994,1,26.12,55794,18951,3,3374,74748,22.15,71374,2026-09-02 08:58:03.450,2026-09-02 08:58:07.757,2026-06-23 12:32:22.220,2026-09-02 02:42:44.373,"CREATE UNIQUE CLUSTERED INDEX [PK__tblFilin__2D8294D9162486E4] ON [dbo].[tblFiling] ([filing_id] ASC) WITH (DROP_EXISTING = OFF, ONLINE = ON) ON [PRIMARY];","-- Constraint-backed, review before dropping: ALTER TABLE [dbo].[tblFiling] DROP CONSTRAINT [PK__tblFilin__2D8294D9162486E4];"
activist_insight,2026-05-10 01:35:21.070,[dbo].[tblFiling],dbo,tblFiling,10,idx_tblfiling_filingtypedaet,NONCLUSTERED,0,0,0,0,0,NULL,0,PRIMARY,"filing_type_id, filing_date",NULL,2,12,"filing_type_id, filing_date",NULL,"filing_type_id, filing_date||",145994,1,4.79,1511,10560,0,3142,12071,3.84,8929,2026-09-02 02:45:24.957,2026-09-02 09:02:30.757,NULL,2026-09-02 02:42:44.373,"CREATE NONCLUSTERED INDEX [idx_tblfiling_filingtypedaet] ON [dbo].[tblFiling] ([filing_type_id] ASC, [filing_date] ASC) WITH (DROP_EXISTING = OFF, ONLINE = ON) ON [PRIMARY];",DROP INDEX [idx_tblfiling_filingtypedaet] ON [dbo].[tblFiling];
activist_insight,2026-05-10 01:35:21.070,[dbo].[rawImportCGICompensationUS_Estimate],dbo,rawImportCGICompensationUS_Estimate,0,NULL,HEAP,0,0,0,0,0,NULL,0,PRIMARY,NULL,NULL,0,0,NULL,NULL,||,145708,1,46.92,0,2,0,145708,2,0.00,-145706,NULL,2026-09-02 02:23:08.737,NULL,2026-09-02 02:05:31.850,NULL,NULL
activist_insight,2026-05-10 01:35:21.070,[dbo].[tblCeresShareholderData],dbo,tblCeresShareholderData,1,PK_tblCeresShareholderData,CLUSTERED,1,1,0,0,0,NULL,0,PRIMARY,reporting_company_id,NULL,1,4,reporting_company_id,NULL,reporting_company_id||,145225,1,2033.20,0,0,0,0,0,NULL,0,NULL,NULL,NULL,NULL,"CREATE UNIQUE CLUSTERED INDEX [PK_tblCeresShareholderData] ON [dbo].[tblCeresShareholderData] ([reporting_company_id] ASC) WITH (DROP_EXISTING = OFF, ONLINE = ON) ON [PRIMARY];","-- Constraint-backed, review before dropping: ALTER TABLE [dbo].[tblCeresShareholderData] DROP CONSTRAINT [PK_tblCeresShareholderData];"
activist_insight,2026-05-10 01:35:21.070,[dbo].[tblCeresShareholderData],dbo,tblCeresShareholderData,7,IX_tblCeresShareholderData_company_name_proposal_meeting_status,NONCLUSTERED,0,0,0,0,0,NULL,90,PRIMARY,"company_name, proposal, meeting_status",NULL,3,650,"company_name, proposal, meeting_status",NULL,"company_name, proposal, meeting_status||",145225,1,15.34,0,0,0,0,0,NULL,0,NULL,NULL,NULL,NULL,"CREATE NONCLUSTERED INDEX [IX_tblCeresShareholderData_company_name_proposal_meeting_status] ON [dbo].[tblCeresShareholderData] ([company_name] ASC, [proposal] ASC, [meeting_status] ASC) WITH (DROP_EXISTING = OFF, ONLINE = ON, FILLFACTOR = 90) ON [PRIMARY];",DROP INDEX [IX_tblCeresShareholderData_company_name_proposal_meeting_status] ON [dbo].[tblCeresShareholderData];
activist_insight,2026-05-10 01:35:21.070,[dbo].[tblall_holdings_data],dbo,tblall_holdings_data,1,PKall_holdings_data,CLUSTERED,1,1,0,0,0,NULL,0,PRIMARY,"activist_id, company_id, holding_data_id",NULL,3,12,"activist_id, company_id, holding_data_id",NULL,"activist_id, company_id, holding_data_id||",143370,1,25.05,4576,72158,1,2435,76735,31.51,74300,2026-09-02 08:56:25.293,2026-09-02 09:02:53.717,2026-05-26 14:42:28.163,2026-09-02 09:00:00.487,"CREATE UNIQUE CLUSTERED INDEX [PKall_holdings_data] ON [dbo].[tblall_holdings_data] ([activist_id] ASC, [company_id] ASC, [holding_data_id] ASC) WITH (DROP_EXISTING = OFF, ONLINE = ON) ON [PRIMARY];","-- Constraint-backed, review before dropping: ALTER TABLE [dbo].[tblall_holdings_data] DROP CONSTRAINT [PKall_holdings_data];"
activist_insight,2026-05-10 01:35:21.070,[dbo].[tblall_holdings_data],dbo,tblall_holdings_data,2,idxcurrent_holdings_data_checksum,NONCLUSTERED,0,0,0,0,0,NULL,0,PRIMARY,check_sum,NULL,1,20,check_sum,NULL,check_sum||,143370,1,11.06,0,2,0,2435,2,0.00,-2433,NULL,2026-06-02 14:31:36.403,NULL,2026-09-02 09:00:00.487,"CREATE NONCLUSTERED INDEX [idxcurrent_holdings_data_checksum] ON [dbo].[tblall_holdings_data] ([check_sum] DESC) WITH (DROP_EXISTING = OFF, ONLINE = ON) ON [PRIMARY];",DROP INDEX [idxcurrent_holdings_data_checksum] ON [dbo].[tblall_holdings_data];
activist_insight,2026-05-10 01:35:21.070,[dbo].[tblall_holdings_data],dbo,tblall_holdings_data,3,idxcurrent_holdings_data_date,NONCLUSTERED,0,0,0,0,0,NULL,0,PRIMARY,"company_id, activist_id, holding_date","pcent_held, shares_held",3,16,"company_id, activist_id, holding_date","pcent_held, shares_held","company_id, activist_id, holding_date|pcent_held, shares_held|",143370,1,14.16,1221,2330,0,2435,3551,1.46,1116,2026-09-02 08:57:16.640,2026-09-02 09:00:23.783,NULL,2026-09-02 09:00:00.487,"CREATE NONCLUSTERED INDEX [idxcurrent_holdings_data_date] ON [dbo].[tblall_holdings_data] ([company_id] ASC, [activist_id] ASC, [holding_date] DESC) INCLUDE (pcent_held, shares_held) WITH (DROP_EXISTING = OFF, ONLINE = ON) ON [PRIMARY];",DROP INDEX [idxcurrent_holdings_data_date] ON [dbo].[tblall_holdings_data];
activist_insight,2026-05-10 01:35:21.070,[dbo].[tblall_holdings_data],dbo,tblall_holdings_data,4,idxcurrent_holdings_data_pcent,NONCLUSTERED,0,0,0,0,0,NULL,0,PRIMARY,"company_id, activist_id, pcent_held","holding_date, shares_held",3,17,"company_id, activist_id, pcent_held","holding_date, shares_held","company_id, activist_id, pcent_held|holding_date, shares_held|",143370,1,14.10,0,358,0,2435,358,0.15,-2077,NULL,2026-07-31 15:38:16.520,NULL,2026-09-02 09:00:00.487,"CREATE NONCLUSTERED INDEX [idxcurrent_holdings_data_pcent] ON [dbo].[tblall_holdings_data] ([company_id] ASC, [activist_id] ASC, [pcent_held] DESC) INCLUDE (holding_date, shares_held) WITH (DROP_EXISTING = OFF, ONLINE = ON) ON [PRIMARY];",DROP INDEX [idxcurrent_holdings_data_pcent] ON [dbo].[tblall_holdings_data];
activist_insight,2026-05-10 01:35:21.070,[dbo].[tblFiling_Issuer],dbo,tblFiling_Issuer,1,PK__tblFilin__AEFE7D79F64842FA,CLUSTERED,1,1,0,0,0,NULL,0,PRIMARY,filing_issuer_id,NULL,1,4,filing_issuer_id,NULL,filing_issuer_id||,139506,1,5.50,0,0,0,3142,0,0.00,-3142,NULL,NULL,NULL,2026-09-02 02:42:44.373,"CREATE UNIQUE CLUSTERED INDEX [PK__tblFilin__AEFE7D79F64842FA] ON [dbo].[tblFiling_Issuer] ([filing_issuer_id] ASC) WITH (DROP_EXISTING = OFF, ONLINE = ON) ON [PRIMARY];","-- Constraint-backed, review before dropping: ALTER TABLE [dbo].[tblFiling_Issuer] DROP CONSTRAINT [PK__tblFilin__AEFE7D79F64842FA];"
activist_insight,2026-05-10 01:35:21.070,[dbo].[tblFiling_Issuer],dbo,tblFiling_Issuer,4,idx_tblFiling_Issuer_filingidpid,NONCLUSTERED,0,0,0,0,0,NULL,0,PRIMARY,"filing_id, PID",NULL,2,8,"filing_id, pid",NULL,"filing_id, pid||",139506,1,3.64,46510,8861,0,3142,55371,17.62,52229,2026-09-02 08:58:03.450,2026-09-02 08:58:07.757,NULL,2026-09-02 02:42:44.373,"CREATE NONCLUSTERED INDEX [idx_tblFiling_Issuer_filingidpid] ON [dbo].[tblFiling_Issuer] ([filing_id] ASC, [PID] ASC) WITH (DROP_EXISTING = OFF, ONLINE = ON) ON [PRIMARY];",DROP INDEX [idx_tblFiling_Issuer_filingidpid] ON [dbo].[tblFiling_Issuer];
activist_insight,2026-05-10 01:35:21.070,[dbo].[tblFiling_Issuer],dbo,tblFiling_Issuer,5,idx_tblfiling_issuer_pidfilingid,NONCLUSTERED,0,0,0,0,0,NULL,0,PRIMARY,"PID, filing_id",NULL,2,8,"pid, filing_id",NULL,"pid, filing_id||",139506,1,4.98,10899,0,0,3142,10899,3.47,7757,2026-09-02 08:56:04.130,NULL,NULL,2026-09-02 02:42:44.373,"CREATE NONCLUSTERED INDEX [idx_tblfiling_issuer_pidfilingid] ON [dbo].[tblFiling_Issuer] ([PID] ASC, [filing_id] ASC) WITH (DROP_EXISTING = OFF, ONLINE = ON) ON [PRIMARY];",DROP INDEX [idx_tblfiling_issuer_pidfilingid] ON [dbo].[tblFiling_Issuer];
activist_insight,2026-05-10 01:35:21.070,[dbo].[tblDirector_Identifier],dbo,tblDirector_Identifier,1,PK_tblDirector_Identifier,CLUSTERED,1,1,0,0,0,NULL,0,PRIMARY,director_identifier_id,NULL,1,4,director_identifier_id,NULL,director_identifier_id||,136755,1,14.39,0,1,0,19097,1,0.00,-19096,NULL,2026-05-14 10:50:32.683,NULL,2026-09-02 08:50:48.610,"CREATE UNIQUE CLUSTERED INDEX [PK_tblDirector_Identifier] ON [dbo].[tblDirector_Identifier] ([director_identifier_id] ASC) WITH (DROP_EXISTING = OFF, ONLINE = ON) ON [PRIMARY];","-- Constraint-backed, review before dropping: ALTER TABLE [dbo].[tblDirector_Identifier] DROP CONSTRAINT [PK_tblDirector_Identifier];"
activist_insight,2026-05-10 01:35:21.070,[dbo].[tblDirector_Identifier],dbo,tblDirector_Identifier,2,idxdirectorIdentifier_directorid,NONCLUSTERED,0,0,0,0,0,NULL,0,PRIMARY,"director_id, identifier_type_ID, stat","identifier_value, date_started, date_end",3,6,"director_id, identifier_type_id, stat","date_end, date_started, identifier_value","director_id, identifier_type_id, stat|date_end, date_started, identifier_value|",136755,1,9.55,48998,0,0,19097,48998,2.57,29901,2026-09-02 08:50:48.610,NULL,NULL,2026-09-02 08:50:48.610,"CREATE NONCLUSTERED INDEX [idxdirectorIdentifier_directorid] ON [dbo].[tblDirector_Identifier] ([director_id] ASC, [identifier_type_ID] ASC, [stat] ASC) INCLUDE (identifier_value, date_started, date_end) WITH (DROP_EXISTING = OFF, ONLINE = ON) ON [PRIMARY];",DROP INDEX [idxdirectorIdentifier_directorid] ON [dbo].[tblDirector_Identifier];
activist_insight,2026-05-10 01:35:21.070,[dbo].[tblDirector_Identifier],dbo,tblDirector_Identifier,3,idxdirectorIdentifier_cover,NONCLUSTERED,0,0,0,0,0,NULL,0,PRIMARY,"identifier_type_ID, date_started, date_end, stat","director_id, identifier_value",4,8,"identifier_type_id, date_started, date_end, stat","director_id, identifier_value","identifier_type_id, date_started, date_end, stat|director_id, identifier_value|",136755,1,6.48,2649,1,0,19097,2650,0.14,-16447,2026-09-02 02:45:05.217,2026-05-14 10:52:03.297,NULL,2026-09-02 08:50:48.610,"CREATE NONCLUSTERED INDEX [idxdirectorIdentifier_cover] ON [dbo].[tblDirector_Identifier] ([identifier_type_ID] ASC, [date_started] ASC, [date_end] ASC, [stat] ASC) INCLUDE (director_id, identifier_value) WITH (DROP_EXISTING = OFF, ONLINE = ON) ON [PRIMARY];",DROP INDEX [idxdirectorIdentifier_cover] ON [dbo].[tblDirector_Identifier];
activist_insight,2026-05-10 01:35:21.070,[dbo].[tblNews_Activism_type],dbo,tblNews_Activism_type,1,PK_tblNews_Activism_type,CLUSTERED,1,1,0,0,0,NULL,0,PRIMARY,news_activism_type_id,NULL,1,4,news_activism_type_id,NULL,news_activism_type_id||,133938,1,4.09,0,0,0,6235,0,0.00,-6235,NULL,NULL,NULL,2026-09-01 19:04:14.610,"CREATE UNIQUE CLUSTERED INDEX [PK_tblNews_Activism_type] ON [dbo].[tblNews_Activism_type] ([news_activism_type_id] ASC) WITH (DROP_EXISTING = OFF, ONLINE = ON) ON [PRIMARY];","-- Constraint-backed, review before dropping: ALTER TABLE [dbo].[tblNews_Activism_type] DROP CONSTRAINT [PK_tblNews_Activism_type];"
activist_insight,2026-05-10 01:35:21.070,[dbo].[tblNews_Activism_type],dbo,tblNews_Activism_type,4,idx_news_id,NONCLUSTERED,0,0,0,0,0,NULL,0,PRIMARY,news_id,activism_type_id,1,4,news_id,activism_type_id,news_id|activism_type_id|,133938,1,2.90,399200,48943,0,6235,448143,71.88,441908,2026-09-02 09:02:52.137,2026-09-02 09:02:52.810,NULL,2026-09-01 19:04:14.610,"CREATE NONCLUSTERED INDEX [idx_news_id] ON [dbo].[tblNews_Activism_type] ([news_id] ASC) INCLUDE (activism_type_id) WITH (DROP_EXISTING = OFF, ONLINE = ON) ON [PRIMARY];",DROP INDEX [idx_news_id] ON [dbo].[tblNews_Activism_type];
activist_insight,2026-05-10 01:35:21.070,[dbo].[tblcompany_search_country],dbo,tblcompany_search_country,1,ClusteredIndex-20220329-153031,CLUSTERED,0,0,0,0,0,NULL,0,PRIMARY,company_search_country_id,NULL,1,4,company_search_country_id,NULL,company_search_country_id||,129149,1,5.58,0,0,0,8960,0,0.00,-8960,NULL,NULL,NULL,2026-09-02 06:28:30.960,"CREATE CLUSTERED INDEX [ClusteredIndex-20220329-153031] ON [dbo].[tblcompany_search_country] ([company_search_country_id] ASC) WITH (DROP_EXISTING = OFF, ONLINE = ON) ON [PRIMARY];",DROP INDEX [ClusteredIndex-20220329-153031] ON [dbo].[tblcompany_search_country];
activist_insight,2026-05-10 01:35:21.070,[dbo].[tblcompany_search_country],dbo,tblcompany_search_country,5,NonClusteredIndex-20220329-153053,NONCLUSTERED,0,0,0,0,0,NULL,0,PRIMARY,company_search_id,"region_id, country_id",1,4,company_search_id,"country_id, region_id","company_search_id|country_id, region_id|",129149,1,6.16,649439,9492,0,8960,658931,73.54,649971,2026-09-02 08:59:54.350,2026-05-19 16:12:15.340,NULL,2026-09-02 06:28:30.960,"CREATE NONCLUSTERED INDEX [NonClusteredIndex-20220329-153053] ON [dbo].[tblcompany_search_country] ([company_search_id] ASC) INCLUDE (region_id, country_id) WITH (DROP_EXISTING = OFF, ONLINE = ON) ON [PRIMARY];",DROP INDEX [NonClusteredIndex-20220329-153053] ON [dbo].[tblcompany_search_country];
activist_insight,2026-05-10 01:35:21.070,[dbo].[tblcompany_search_country],dbo,tblcompany_search_country,6,NonClusteredIndex-20220329-153110,NONCLUSTERED,0,0,0,0,0,NULL,0,PRIMARY,region_id,"company_search_id, country_id",1,4,region_id,"company_search_id, country_id","region_id|company_search_id, country_id|",129149,1,5.16,23834,72888,0,8960,96722,10.79,87762,2026-08-18 01:55:29.017,2026-09-02 08:57:15.737,NULL,2026-09-02 06:28:30.960,"CREATE NONCLUSTERED INDEX [NonClusteredIndex-20220329-153110] ON [dbo].[tblcompany_search_country] ([region_id] ASC) INCLUDE (company_search_id, country_id) WITH (DROP_EXISTING = OFF, ONLINE = ON) ON [PRIMARY];",DROP INDEX [NonClusteredIndex-20220329-153110] ON [dbo].[tblcompany_search_country];
activist_insight,2026-05-10 01:35:21.070,[dbo].[tblcompany_search_country],dbo,tblcompany_search_country,7,NonClusteredIndex-20220329-153147,NONCLUSTERED,0,0,0,0,0,NULL,0,PRIMARY,country_id,company_search_id,1,4,country_id,company_search_id,country_id|company_search_id|,129149,1,5.41,23834,0,0,8960,23834,2.66,14874,2026-08-18 01:55:29.017,NULL,NULL,2026-09-02 06:28:30.960,"CREATE NONCLUSTERED INDEX [NonClusteredIndex-20220329-153147] ON [dbo].[tblcompany_search_country] ([country_id] ASC) INCLUDE (company_search_id) WITH (DROP_EXISTING = OFF, ONLINE = ON) ON [PRIMARY];",DROP INDEX [NonClusteredIndex-20220329-153147] ON [dbo].[tblcompany_search_country];
activist_insight,2026-05-10 01:35:21.070,[dbo].[tblTrades],dbo,tblTrades,0,NULL,HEAP,0,0,0,0,0,NULL,0,PRIMARY,NULL,NULL,0,0,NULL,NULL,||,127145,1,6.09,0,2,0,0,2,NULL,2,NULL,2026-06-02 14:31:36.217,NULL,NULL,NULL,NULL
activist_insight,2026-05-10 01:35:21.070,[dbo].[tblotherfilings_doc_type],dbo,tblotherfilings_doc_type,1,PK_lotherfilings_doc_type,CLUSTERED,1,1,0,0,0,NULL,0,PRIMARY,other_filings_doc_type_id,NULL,1,4,other_filings_doc_type_id,NULL,other_filings_doc_type_id||,126767,1,4.18,0,8534,86346620,4393,86355154,19657.44,86350761,NULL,2026-09-02 08:59:58.953,2026-09-02 09:02:50.877,2026-09-02 08:59:58.943,"CREATE UNIQUE CLUSTERED INDEX [PK_lotherfilings_doc_type] ON [dbo].[tblotherfilings_doc_type] ([other_filings_doc_type_id] ASC) WITH (DROP_EXISTING = OFF, ONLINE = ON) ON [PRIMARY];","-- Constraint-backed, review before dropping: ALTER TABLE [dbo].[tblotherfilings_doc_type] DROP CONSTRAINT [PK_lotherfilings_doc_type];"
activist_insight,2026-05-10 01:35:21.070,[dbo].[tblotherfilings_doc_type],dbo,tblotherfilings_doc_type,4,tblotherfilings_doc_type_filing_id,NONCLUSTERED,0,0,0,0,0,NULL,0,PRIMARY,filing_id,NULL,1,4,filing_id,NULL,filing_id||,126767,1,4.14,86346750,0,0,4393,86346750,19655.53,86342357,2026-09-02 09:02:50.877,NULL,NULL,2026-09-02 08:59:58.943,"CREATE NONCLUSTERED INDEX [tblotherfilings_doc_type_filing_id] ON [dbo].[tblotherfilings_doc_type] ([filing_id] ASC) WITH (DROP_EXISTING = OFF, ONLINE = ON) ON [PRIMARY];",DROP INDEX [tblotherfilings_doc_type_filing_id] ON [dbo].[tblotherfilings_doc_type];
activist_insight,2026-05-10 01:35:21.070,[dbo].[tblClarityAI_RawData],dbo,tblClarityAI_RawData,1,PK__tblClari__B54432A42841C9BC,CLUSTERED,1,1,0,0,0,NULL,0,PRIMARY,ClarityAI_RawData_id,NULL,1,4,clarityai_rawdata_id,NULL,clarityai_rawdata_id||,119763,1,17.27,0,3,0,1,3,3.00,2,NULL,2026-07-24 12:03:52.940,NULL,2026-07-24 12:03:52.940,"CREATE UNIQUE CLUSTERED INDEX [PK__tblClari__B54432A42841C9BC] ON [dbo].[tblClarityAI_RawData] ([ClarityAI_RawData_id] ASC) WITH (DROP_EXISTING = OFF, ONLINE = ON) ON [PRIMARY];","-- Constraint-backed, review before dropping: ALTER TABLE [dbo].[tblClarityAI_RawData] DROP CONSTRAINT [PK__tblClari__B54432A42841C9BC];"
activist_insight,2026-05-10 01:35:21.070,[dbo].[tblOtherFilings_data],dbo,tblOtherFilings_data,1,PK_tblfilings_data,CLUSTERED,1,1,0,0,0,NULL,0,PRIMARY,filing_id,NULL,1,4,filing_id,NULL,filing_id||,118842,1,34.16,59103613,2620,106995,10133,59213228,5843.60,59203095,2026-09-02 09:02:50.877,2026-09-02 08:56:41.827,2026-09-02 09:01:16.440,2026-09-02 08:59:58.927,"CREATE UNIQUE CLUSTERED INDEX [PK_tblfilings_data] ON [dbo].[tblOtherFilings_data] ([filing_id] ASC) WITH (DROP_EXISTING = OFF, ONLINE = ON) ON [PRIMARY];","-- Constraint-backed, review before dropping: ALTER TABLE [dbo].[tblOtherFilings_data] DROP CONSTRAINT [PK_tblfilings_data];"
activist_insight,2026-05-10 01:35:21.070,[dbo].[tblOtherFilings_data],dbo,tblOtherFilings_data,20,idxcovtblOtherFilings_data_activist_id,NONCLUSTERED,0,0,0,0,0,NULL,0,PRIMARY,activist_id,"filing_id, company_id, filing_date, document_description, document_type, file_name",1,4,activist_id,"company_id, document_description, document_type, file_name, filing_date, filing_id","activist_id|company_id, document_description, document_type, file_name, filing_date, filing_id|",118842,1,16.19,154426,9196,0,3488,163622,46.91,160134,2026-09-02 09:01:16.440,2026-09-02 09:01:14.993,NULL,2026-09-02 08:59:58.923,"CREATE NONCLUSTERED INDEX [idxcovtblOtherFilings_data_activist_id] ON [dbo].[tblOtherFilings_data] ([activist_id] ASC) INCLUDE (filing_id, company_id, filing_date, document_description, document_type, file_name) WITH (DROP_EXISTING = OFF, ONLINE = ON) ON [PRIMARY];",DROP INDEX [idxcovtblOtherFilings_data_activist_id] ON [dbo].[tblOtherFilings_data];
activist_insight,2026-05-10 01:35:21.070,[dbo].[tblOtherFilings_data],dbo,tblOtherFilings_data,21,IX_tblOtherFilings_data_company_id,NONCLUSTERED,0,0,0,0,0,NULL,90,PRIMARY,company_id,"activist_id, filing_date, document_description, document_link, source_id, created_at, updated_at",1,4,company_id,"activist_id, created_at, document_description, document_link, filing_date, source_id, updated_at","company_id|activist_id, created_at, document_description, document_link, filing_date, source_id, updated_at|",118842,1,17.13,173294,8669,0,10118,181963,17.98,171845,2026-09-02 09:01:14.480,2026-09-02 09:00:34.220,NULL,2026-09-02 08:59:58.927,"CREATE NONCLUSTERED INDEX [IX_tblOtherFilings_data_company_id] ON [dbo].[tblOtherFilings_data] ([company_id] ASC) INCLUDE (activist_id, filing_date, document_description, document_link, source_id, created_at, updated_at) WITH (DROP_EXISTING = OFF, ONLINE = ON, FILLFACTOR = 90) ON [PRIMARY];",DROP INDEX [IX_tblOtherFilings_data_company_id] ON [dbo].[tblOtherFilings_data];
activist_insight,2026-05-10 01:35:21.070,[dbo].[tblOtherFilings_data],dbo,tblOtherFilings_data,22,IX_tblOtherFilings_data_filing_date_created_at,NONCLUSTERED,0,0,0,0,0,NULL,90,PRIMARY,"filing_date, created_at","filing_id, activist_id, company_id, document_description, document_type, document_link",2,16,"filing_date, created_at","activist_id, company_id, document_description, document_link, document_type, filing_id","filing_date, created_at|activist_id, company_id, document_description, document_link, document_type, filing_id|",118842,1,17.39,864894,365,0,6739,865259,128.40,858520,2026-09-02 09:02:53.370,2026-09-02 08:57:39.070,NULL,2026-09-02 08:59:58.927,"CREATE NONCLUSTERED INDEX [IX_tblOtherFilings_data_filing_date_created_at] ON [dbo].[tblOtherFilings_data] ([filing_date] DESC, [created_at] DESC) INCLUDE (filing_id, activist_id, company_id, document_description, document_type, document_link) WITH (DROP_EXISTING = OFF, ONLINE = ON, FILLFACTOR = 90) ON [PRIMARY];",DROP INDEX [IX_tblOtherFilings_data_filing_date_created_at] ON [dbo].[tblOtherFilings_data];
activist_insight,2026-05-10 01:35:21.070,[dbo].[tblOtherFilings_data],dbo,tblOtherFilings_data,23,IX_tblOtherFilings_data_scraped_filing_id,NONCLUSTERED,0,0,0,0,0,NULL,90,PRIMARY,scraped_filing_id,document_description,1,4,scraped_filing_id,document_description,scraped_filing_id|document_description|,118842,1,6.44,1792621,0,0,3473,1792621,516.16,1789148,2026-09-02 08:28:36.320,NULL,NULL,2026-09-02 08:59:58.923,"CREATE NONCLUSTERED INDEX [IX_tblOtherFilings_data_scraped_filing_id] ON [dbo].[tblOtherFilings_data] ([scraped_filing_id] ASC) INCLUDE (document_description) WITH (DROP_EXISTING = OFF, ONLINE = ON, FILLFACTOR = 90) ON [PRIMARY];",DROP INDEX [IX_tblOtherFilings_data_scraped_filing_id] ON [dbo].[tblOtherFilings_data];
activist_insight,2026-05-10 01:35:21.070,[dbo].[rawImportCGICompensation_Estimate],dbo,rawImportCGICompensation_Estimate,0,NULL,HEAP,0,0,0,0,0,NULL,0,PRIMARY,NULL,NULL,0,0,NULL,NULL,||,118140,1,59.45,NULL,NULL,NULL,NULL,0,NULL,0,NULL,NULL,NULL,NULL,NULL,NULL
activist_insight,2026-05-10 01:35:21.070,[dbo].[tmpTags_in_scrape_job],dbo,tmpTags_in_scrape_job,1,PK_tmpTags_in_scrape_job,CLUSTERED,1,1,0,0,0,NULL,0,PRIMARY,tmp_id,NULL,1,4,tmp_id,NULL,tmp_id||,117977,1,3.98,0,1447,0,1,1447,1447.00,1446,NULL,2026-09-02 09:02:39.070,NULL,2026-08-31 19:07:58.817,"CREATE UNIQUE CLUSTERED INDEX [PK_tmpTags_in_scrape_job] ON [dbo].[tmpTags_in_scrape_job] ([tmp_id] ASC) WITH (DROP_EXISTING = OFF, ONLINE = ON) ON [PRIMARY];","-- Constraint-backed, review before dropping: ALTER TABLE [dbo].[tmpTags_in_scrape_job] DROP CONSTRAINT [PK_tmpTags_in_scrape_job];"
activist_insight,2026-05-10 01:35:21.070,[dbo].[tblcompany_volatility],dbo,tblcompany_volatility,1,CI_tblcompany_volatility_cgi_company_id_year,CLUSTERED,0,0,0,0,0,NULL,95,PRIMARY,"cgi_company_id, year",NULL,2,8,"cgi_company_id, year",NULL,"cgi_company_id, year||",117159,1,5.72,0,2,0,0,2,NULL,2,NULL,2026-06-05 14:04:07.550,NULL,NULL,"CREATE CLUSTERED INDEX [CI_tblcompany_volatility_cgi_company_id_year] ON [dbo].[tblcompany_volatility] ([cgi_company_id] ASC, [year] ASC) WITH (DROP_EXISTING = OFF, ONLINE = ON, FILLFACTOR = 95) ON [PRIMARY];",DROP INDEX [CI_tblcompany_volatility_cgi_company_id_year] ON [dbo].[tblcompany_volatility];
activist_insight,2026-05-10 01:35:21.070,[dbo].[tblcompany_volatility],dbo,tblcompany_volatility,5,IX_tblcompany_volatility_year,NONCLUSTERED,0,0,0,0,0,NULL,95,PRIMARY,year,"cgi_company_id, volatility",1,4,year,"cgi_company_id, volatility","year|cgi_company_id, volatility|",117159,1,4.55,226041179,0,0,0,226041179,NULL,226041179,2026-09-02 09:02:34.650,NULL,NULL,NULL,"CREATE NONCLUSTERED INDEX [IX_tblcompany_volatility_year] ON [dbo].[tblcompany_volatility] ([year] ASC) INCLUDE (cgi_company_id, volatility) WITH (DROP_EXISTING = OFF, ONLINE = ON, FILLFACTOR = 95) ON [PRIMARY];",DROP INDEX [IX_tblcompany_volatility_year] ON [dbo].[tblcompany_volatility];
activist_insight,2026-05-10 01:35:21.070,[dbo].[stgDirectorSkill],dbo,stgDirectorSkill,0,NULL,HEAP,0,0,0,0,0,NULL,0,PRIMARY,NULL,NULL,0,0,NULL,NULL,||,115184,1,6.11,0,2,0,0,2,NULL,2,NULL,2026-06-05 14:04:07.813,NULL,NULL,NULL,NULL
activist_insight,2026-05-10 01:35:21.070,[dbo].[tblIP_Lookup],dbo,tblIP_Lookup,0,NULL,HEAP,0,0,0,0,0,NULL,0,PRIMARY,NULL,NULL,0,0,NULL,NULL,||,111799,1,6.94,0,0,0,0,0,NULL,0,NULL,NULL,NULL,NULL,NULL,NULL
activist_insight,2026-05-10 01:35:21.070,[dbo].[tbluser_trial_log],dbo,tbluser_trial_log,0,NULL,HEAP,0,0,0,0,0,NULL,0,PRIMARY,NULL,NULL,0,0,NULL,NULL,||,111415,1,5.44,0,2867,0,2867,2867,1.00,0,NULL,2026-09-02 08:39:56.673,NULL,2026-09-02 08:39:56.673,NULL,NULL
activist_insight,2026-05-10 01:35:21.070,[dbo].[tblGov_board_details],dbo,tblGov_board_details,1,PK_tblGov_board_details,CLUSTERED,1,1,0,0,0,NULL,0,PRIMARY,board_details_id,NULL,1,4,board_details_id,NULL,board_details_id||,110546,1,65.78,2616,19367,7438,3428,29421,8.58,25993,2026-09-02 08:45:29.550,2026-09-02 09:00:44.340,2026-09-02 09:02:52.217,2026-09-02 08:45:29.550,"CREATE UNIQUE CLUSTERED INDEX [PK_tblGov_board_details] ON [dbo].[tblGov_board_details] ([board_details_id] ASC) WITH (DROP_EXISTING = OFF, ONLINE = ON) ON [PRIMARY];","-- Constraint-backed, review before dropping: ALTER TABLE [dbo].[tblGov_board_details] DROP CONSTRAINT [PK_tblGov_board_details];"
activist_insight,2026-05-10 01:35:21.070,[dbo].[tblGov_board_details],dbo,tblGov_board_details,11,idx_tblgov_board_details_yes_no,NONCLUSTERED,0,0,0,0,0,NULL,0,PRIMARY,"pid, gov_metric_id, date",yes_no_todel,3,16,"pid, gov_metric_id, date",yes_no_todel,"pid, gov_metric_id, date|yes_no_todel|",110546,1,6.23,113967,1700,0,3428,115667,33.74,112239,2026-09-02 09:02:52.217,2026-09-02 09:02:47.913,NULL,2026-09-02 08:45:29.550,"CREATE NONCLUSTERED INDEX [idx_tblgov_board_details_yes_no] ON [dbo].[tblGov_board_details] ([pid] ASC, [gov_metric_id] ASC, [date] ASC) INCLUDE (yes_no_todel) WITH (DROP_EXISTING = OFF, ONLINE = ON) ON [PRIMARY];",DROP INDEX [idx_tblgov_board_details_yes_no] ON [dbo].[tblGov_board_details];
activist_insight,2026-05-10 01:35:21.070,[dbo].[tblfundamental_reports],dbo,tblfundamental_reports,1,PK__tblfunda__59D0E92FFBBEE4ED,CLUSTERED,1,1,0,0,0,NULL,0,PRIMARY,fundamental_report_id,NULL,1,4,fundamental_report_id,NULL,fundamental_report_id||,108060,1,18.80,2,72,0,0,74,NULL,74,2026-06-08 09:38:39.010,2026-09-02 06:12:28.810,NULL,NULL,"CREATE UNIQUE CLUSTERED INDEX [PK__tblfunda__59D0E92FFBBEE4ED] ON [dbo].[tblfundamental_reports] ([fundamental_report_id] ASC) WITH (DROP_EXISTING = OFF, ONLINE = ON) ON [PRIMARY];","-- Constraint-backed, review before dropping: ALTER TABLE [dbo].[tblfundamental_reports] DROP CONSTRAINT [PK__tblfunda__59D0E92FFBBEE4ED];"
activist_insight,2026-05-10 01:35:21.070,[dbo].[tblNameGenderLookup],dbo,tblNameGenderLookup,0,NULL,HEAP,0,0,0,0,0,NULL,0,PRIMARY,NULL,NULL,0,0,NULL,NULL,||,107856,1,3.65,0,94,0,0,94,NULL,94,NULL,2026-08-11 06:09:00.780,NULL,NULL,NULL,NULL
activist_insight,2026-05-10 01:35:21.070,[dbo].[tblProduct_membership],dbo,tblProduct_membership,1,PK_tblProduct_membership,CLUSTERED,1,1,0,0,0,NULL,0,PRIMARY,product_membership_id,NULL,1,4,product_membership_id,NULL,product_membership_id||,105390,1,12.55,3499,1573,1201949,7840,1207021,153.96,1199181,2026-09-01 19:42:28.577,2026-09-02 03:00:26.153,2026-09-02 09:02:52.263,2026-09-02 07:58:37.150,"CREATE UNIQUE CLUSTERED INDEX [PK_tblProduct_membership] ON [dbo].[tblProduct_membership] ([product_membership_id] ASC) WITH (DROP_EXISTING = OFF, ONLINE = ON) ON [PRIMARY];","-- Constraint-backed, review before dropping: ALTER TABLE [dbo].[tblProduct_membership] DROP CONSTRAINT [PK_tblProduct_membership];"
activist_insight,2026-05-10 01:35:21.070,[dbo].[tblProduct_membership],dbo,tblProduct_membership,2,idx_user_id_product_id,NONCLUSTERED,0,0,0,0,0,NULL,0,PRIMARY,"user_id, product_id",status,2,8,"user_id, product_id",status,"user_id, product_id|status|",105390,1,8.99,2426984553,2869,0,7840,2426987422,309564.72,2426979582,2026-09-02 09:02:52.500,2026-09-02 07:57:51.990,NULL,2026-09-02 07:58:37.150,"CREATE NONCLUSTERED INDEX [idx_user_id_product_id] ON [dbo].[tblProduct_membership] ([user_id] ASC, [product_id] ASC) INCLUDE (status) WITH (DROP_EXISTING = OFF, ONLINE = ON) ON [PRIMARY];",DROP INDEX [idx_user_id_product_id] ON [dbo].[tblProduct_membership];
activist_insight,2026-05-10 01:35:21.070,[dbo].[tblTriggers],dbo,tblTriggers,1,PK_tblTriggers,CLUSTERED,1,1,0,0,0,NULL,0,PRIMARY,trigger_id,NULL,1,4,trigger_id,NULL,trigger_id||,104099,1,4.55,0,1,0,0,1,NULL,1,NULL,2026-07-22 07:45:07.193,NULL,NULL,"CREATE UNIQUE CLUSTERED INDEX [PK_tblTriggers] ON [dbo].[tblTriggers] ([trigger_id] ASC) WITH (DROP_EXISTING = OFF, ONLINE = ON) ON [PRIMARY];","-- Constraint-backed, review before dropping: ALTER TABLE [dbo].[tblTriggers] DROP CONSTRAINT [PK_tblTriggers];"
activist_insight,2026-05-10 01:35:21.070,[dbo].[stgCommittee_summary_chair],dbo,stgCommittee_summary_chair,0,NULL,HEAP,0,0,0,0,0,NULL,0,PRIMARY,NULL,NULL,0,0,NULL,NULL,||,103021,1,9.15,0,2,0,0,2,NULL,2,NULL,2026-06-05 14:04:07.337,NULL,NULL,NULL,NULL
activist_insight,2026-05-10 01:35:21.070,[dbo].[rawAMApositionsImport],dbo,rawAMApositionsImport,0,NULL,HEAP,0,0,0,0,0,NULL,0,PRIMARY,NULL,NULL,0,0,NULL,NULL,||,102528,1,8.77,0,0,0,0,0,NULL,0,NULL,NULL,NULL,NULL,NULL,NULL
activist_insight,2026-05-10 01:35:21.070,[dbo].[tblStock_Symbol_changes],dbo,tblStock_Symbol_changes,0,NULL,HEAP,0,0,0,0,0,NULL,0,PRIMARY,NULL,NULL,0,0,NULL,NULL,||,94873,1,6.26,0,0,0,116,0,0.00,-116,NULL,NULL,NULL,2026-09-02 05:33:30.823,NULL,NULL
activist_insight,2026-05-10 01:35:21.070,[dbo].[tblcompany_search_index],dbo,tblcompany_search_index,1,ClusteredIndex-20220329-153253,CLUSTERED,0,0,0,0,0,NULL,0,PRIMARY,"company_search_id, index_id",NULL,2,8,"company_search_id, index_id",NULL,"company_search_id, index_id||",89002,1,6.48,0,0,0,19304,0,0.00,-19304,NULL,NULL,NULL,2026-09-02 07:16:57.343,"CREATE CLUSTERED INDEX [ClusteredIndex-20220329-153253] ON [dbo].[tblcompany_search_index] ([company_search_id] DESC, [index_id] ASC) WITH (DROP_EXISTING = OFF, ONLINE = ON) ON [PRIMARY];",DROP INDEX [ClusteredIndex-20220329-153253] ON [dbo].[tblcompany_search_index];
activist_insight,2026-05-10 01:35:21.070,[dbo].[tblcompany_search_index],dbo,tblcompany_search_index,4,NonClusteredIndex-20220329-153308,NONCLUSTERED,0,0,0,0,0,NULL,0,PRIMARY,index_id,company_search_id,1,4,index_id,company_search_id,index_id|company_search_id|,89002,1,5.32,82378,72888,0,19304,155266,8.04,135962,2026-09-02 08:57:15.923,2026-09-02 08:57:15.737,NULL,2026-09-02 07:16:57.343,"CREATE NONCLUSTERED INDEX [NonClusteredIndex-20220329-153308] ON [dbo].[tblcompany_search_index] ([index_id] ASC) INCLUDE (company_search_id) WITH (DROP_EXISTING = OFF, ONLINE = ON) ON [PRIMARY];",DROP INDEX [NonClusteredIndex-20220329-153308] ON [dbo].[tblcompany_search_index];
activist_insight,2026-05-10 01:35:21.070,[dbo].[tblcompany_search_index],dbo,tblcompany_search_index,5,NonClusteredIndex-20220329-153326,NONCLUSTERED,0,0,0,0,0,NULL,0,PRIMARY,company_search_id,index_id,1,4,company_search_id,index_id,company_search_id|index_id|,89002,1,5.45,362852,9492,0,19304,372344,19.29,353040,2026-09-02 08:59:54.350,2026-05-19 16:12:15.340,NULL,2026-09-02 07:16:57.343,"CREATE NONCLUSTERED INDEX [NonClusteredIndex-20220329-153326] ON [dbo].[tblcompany_search_index] ([company_search_id] DESC) INCLUDE (index_id) WITH (DROP_EXISTING = OFF, ONLINE = ON) ON [PRIMARY];",DROP INDEX [NonClusteredIndex-20220329-153326] ON [dbo].[tblcompany_search_index];
activist_insight,2026-05-10 01:35:21.070,[dbo].[tSQL_Timeout_Data],dbo,tSQL_Timeout_Data,1,idx1_date,CLUSTERED,0,0,0,0,0,NULL,0,PRIMARY,"collect_system_time, timeout_id",NULL,2,12,"collect_system_time, timeout_id",NULL,"collect_system_time, timeout_id||",88739,1,407.55,0,663713,0,331856,663713,2.00,331857,NULL,2026-09-02 09:02:31.040,NULL,2026-09-02 09:02:31.040,"CREATE CLUSTERED INDEX [idx1_date] ON [dbo].[tSQL_Timeout_Data] ([collect_system_time] ASC, [timeout_id] ASC) WITH (DROP_EXISTING = OFF, ONLINE = ON) ON [PRIMARY];",DROP INDEX [idx1_date] ON [dbo].[tSQL_Timeout_Data];
activist_insight,2026-05-10 01:35:21.070,[dbo].[tSQL_Timeout_Data],dbo,tSQL_Timeout_Data,2,PK__tSQL_Tim__232D88C66F34A669,NONCLUSTERED,1,1,0,0,0,NULL,0,PRIMARY,timeout_id,NULL,1,4,timeout_id,NULL,timeout_id||,88739,1,3.13,0,0,0,331856,0,0.00,-331856,NULL,NULL,NULL,2026-09-02 09:02:31.040,"CREATE UNIQUE NONCLUSTERED INDEX [PK__tSQL_Tim__232D88C66F34A669] ON [dbo].[tSQL_Timeout_Data] ([timeout_id] ASC) WITH (DROP_EXISTING = OFF, ONLINE = ON) ON [PRIMARY];","-- Constraint-backed, review before dropping: ALTER TABLE [dbo].[tSQL_Timeout_Data] DROP CONSTRAINT [PK__tSQL_Tim__232D88C66F34A669];"
activist_insight,2026-05-10 01:35:21.070,[dbo].[tSQL_Timeout_Data],dbo,tSQL_Timeout_Data,7,idx_SQL_Timeout_Data_date,NONCLUSTERED,0,0,0,0,0,NULL,0,PRIMARY,collect_system_time,NULL,1,8,collect_system_time,NULL,collect_system_time||,88739,1,2.39,331856,0,0,331856,331856,1.00,0,2026-09-02 09:02:31.077,NULL,NULL,2026-09-02 09:02:31.040,"CREATE NONCLUSTERED INDEX [idx_SQL_Timeout_Data_date] ON [dbo].[tSQL_Timeout_Data] ([collect_system_time] ASC) WITH (DROP_EXISTING = OFF, ONLINE = ON) ON [PRIMARY];",DROP INDEX [idx_SQL_Timeout_Data_date] ON [dbo].[tSQL_Timeout_Data];
activist_insight,2026-05-10 01:35:21.070,[dbo].[tblStock_split],dbo,tblStock_split,1,PK_tblStock_split,CLUSTERED,1,1,0,0,0,NULL,0,PRIMARY,stock_split_id,NULL,1,4,stock_split_id,NULL,stock_split_id||,85750,1,4.48,2,72919,84683,234,157604,673.52,157370,2026-08-17 16:26:26.740,2026-09-02 09:00:29.930,2026-09-02 09:01:12.807,2026-09-02 05:32:40.703,"CREATE UNIQUE CLUSTERED INDEX [PK_tblStock_split] ON [dbo].[tblStock_split] ([stock_split_id] ASC) WITH (DROP_EXISTING = OFF, ONLINE = ON) ON [PRIMARY];","-- Constraint-backed, review before dropping: ALTER TABLE [dbo].[tblStock_split] DROP CONSTRAINT [PK_tblStock_split];"
activist_insight,2026-05-10 01:35:21.070,[dbo].[tblStock_split],dbo,tblStock_split,2,NonClusteredIndex-20160920-121020,NONCLUSTERED,0,0,0,0,0,NULL,0,PRIMARY,split_symbol,NULL,1,15,split_symbol,NULL,split_symbol||,85750,1,2.77,84671,18,0,234,84689,361.92,84455,2026-09-02 09:01:12.807,2026-07-07 09:08:24.657,NULL,2026-09-02 05:32:40.703,"CREATE NONCLUSTERED INDEX [NonClusteredIndex-20160920-121020] ON [dbo].[tblStock_split] ([split_symbol] ASC) WITH (DROP_EXISTING = OFF, ONLINE = ON) ON [PRIMARY];",DROP INDEX [NonClusteredIndex-20160920-121020] ON [dbo].[tblStock_split];
activist_insight,2026-05-10 01:35:21.070,[dbo].[tblStock_split],dbo,tblStock_split,3,NonClusteredIndex-20160920-121059,NONCLUSTERED,0,0,0,0,0,NULL,0,PRIMARY,split_date,NULL,1,3,split_date,NULL,split_date||,85750,1,2.96,0,0,0,234,0,0.00,-234,NULL,NULL,NULL,2026-09-02 05:32:40.703,"CREATE NONCLUSTERED INDEX [NonClusteredIndex-20160920-121059] ON [dbo].[tblStock_split] ([split_date] ASC) WITH (DROP_EXISTING = OFF, ONLINE = ON) ON [PRIMARY];",DROP INDEX [NonClusteredIndex-20160920-121059] ON [dbo].[tblStock_split];
activist_insight,2026-05-10 01:35:21.070,[dbo].[tblStock_split],dbo,tblStock_split,5,idx_update_process,NONCLUSTERED,0,0,0,0,0,NULL,0,PRIMARY,"date_applied, split_date",NULL,2,6,"date_applied, split_date",NULL,"date_applied, split_date||",85750,1,2.95,0,0,0,234,0,0.00,-234,NULL,NULL,NULL,2026-09-02 05:32:40.703,"CREATE NONCLUSTERED INDEX [idx_update_process] ON [dbo].[tblStock_split] ([date_applied] ASC, [split_date] ASC) WITH (DROP_EXISTING = OFF, ONLINE = ON) ON [PRIMARY];",DROP INDEX [idx_update_process] ON [dbo].[tblStock_split];
activist_insight,2026-05-10 01:35:21.070,[dbo].[stgCompensationEMEA_FixedPolicy],dbo,stgCompensationEMEA_FixedPolicy,1,PK_stgCompensation_FixedPolicy_EMEA,CLUSTERED,1,1,0,0,0,NULL,0,PRIMARY,stgCompensation_FixedPolicy_id,NULL,1,4,stgcompensation_fixedpolicy_id,NULL,stgcompensation_fixedpolicy_id||,84204,1,31.36,0,1974,0,1740,1974,1.13,234,NULL,2026-09-02 02:44:40.823,NULL,2026-09-02 02:44:40.823,"CREATE UNIQUE CLUSTERED INDEX [PK_stgCompensation_FixedPolicy_EMEA] ON [dbo].[stgCompensationEMEA_FixedPolicy] ([stgCompensation_FixedPolicy_id] ASC) WITH (DROP_EXISTING = OFF, ONLINE = ON) ON [PRIMARY];","-- Constraint-backed, review before dropping: ALTER TABLE [dbo].[stgCompensationEMEA_FixedPolicy] DROP CONSTRAINT [PK_stgCompensation_FixedPolicy_EMEA];"
activist_insight,2026-05-10 01:35:21.070,[dbo].[tblScrape_operations],dbo,tblScrape_operations,1,PK_tbl_scrape_operations,CLUSTERED,1,1,0,0,0,NULL,0,PRIMARY,scrape_operation_id,NULL,1,4,scrape_operation_id,NULL,scrape_operation_id||,83765,1,13.95,1080083,109,7658,15418,1087850,70.56,1072432,2026-09-02 09:02:53.550,2026-08-21 14:32:24.303,2026-09-02 00:05:59.110,2026-09-02 00:05:59.113,"CREATE UNIQUE CLUSTERED INDEX [PK_tbl_scrape_operations] ON [dbo].[tblScrape_operations] ([scrape_operation_id] ASC) WITH (DROP_EXISTING = OFF, ONLINE = ON) ON [PRIMARY];","-- Constraint-backed, review before dropping: ALTER TABLE [dbo].[tblScrape_operations] DROP CONSTRAINT [PK_tbl_scrape_operations];"
activist_insight,2026-05-10 01:35:21.070,[dbo].[tblScrape_operations],dbo,tblScrape_operations,26,IX_tblScrape_operations_RunNoCompletedStatusRunOn,NONCLUSTERED,0,0,0,0,0,NULL,90,PRIMARY,"run_no, completed_scrape, status, run_on","app_name, runcount",4,9,"run_no, completed_scrape, status, run_on","app_name, runcount","run_no, completed_scrape, status, run_on|app_name, runcount|",83765,1,4.95,1068728,0,0,15168,1068728,70.46,1053560,2026-09-02 09:02:53.550,NULL,NULL,2026-09-02 00:05:59.113,"CREATE NONCLUSTERED INDEX [IX_tblScrape_operations_RunNoCompletedStatusRunOn] ON [dbo].[tblScrape_operations] ([run_no] ASC, [completed_scrape] ASC, [status] ASC, [run_on] ASC) INCLUDE (app_name, runcount) WITH (DROP_EXISTING = OFF, ONLINE = ON, FILLFACTOR = 90) ON [PRIMARY];",DROP INDEX [IX_tblScrape_operations_RunNoCompletedStatusRunOn] ON [dbo].[tblScrape_operations];
activist_insight,2026-05-10 01:35:21.070,[dbo].[tblScrape_operations],dbo,tblScrape_operations,27,IX_tblScrape_operations_AppName,NONCLUSTERED,0,0,0,0,0,NULL,100,PRIMARY,app_name,build,1,50,app_name,build,app_name|build|,83765,1,3.59,7536,58,0,3792,7594,2.00,3802,2026-09-02 00:05:59.113,2026-08-21 14:32:20.160,NULL,2026-09-02 00:05:59.113,"CREATE NONCLUSTERED INDEX [IX_tblScrape_operations_AppName] ON [dbo].[tblScrape_operations] ([app_name] ASC) INCLUDE (build) WITH (DROP_EXISTING = OFF, ONLINE = ON) ON [PRIMARY];",DROP INDEX [IX_tblScrape_operations_AppName] ON [dbo].[tblScrape_operations];
activist_insight,2026-05-10 01:35:21.070,[dbo].[tblScrape_operations],dbo,tblScrape_operations,28,IX_tblScrape_operations_Code,NONCLUSTERED,0,0,0,0,0,NULL,100,PRIMARY,code,run_no,1,50,code,run_no,code|run_no|,83765,1,2.38,7903,0,0,7584,7903,1.04,319,2026-09-02 00:05:59.110,NULL,NULL,2026-09-02 00:05:59.113,"CREATE NONCLUSTERED INDEX [IX_tblScrape_operations_Code] ON [dbo].[tblScrape_operations] ([code] ASC) INCLUDE (run_no) WITH (DROP_EXISTING = OFF, ONLINE = ON) ON [PRIMARY];",DROP INDEX [IX_tblScrape_operations_Code] ON [dbo].[tblScrape_operations];
activist_insight,2026-05-10 01:35:21.070,[dbo].[tblAPPsymbol_download],dbo,tblAPPsymbol_download,1,PK_tblAPPsymbol_download,CLUSTERED,1,1,0,0,0,NULL,0,PRIMARY,symbol_download_id,NULL,1,4,symbol_download_id,NULL,symbol_download_id||,83290,1,2.88,0,120,0,3,120,40.00,117,NULL,2026-09-02 04:01:26.677,NULL,2026-06-23 04:53:31.070,"CREATE UNIQUE CLUSTERED INDEX [PK_tblAPPsymbol_download] ON [dbo].[tblAPPsymbol_download] ([symbol_download_id] ASC) WITH (DROP_EXISTING = OFF, ONLINE = ON) ON [PRIMARY];","-- Constraint-backed, review before dropping: ALTER TABLE [dbo].[tblAPPsymbol_download] DROP CONSTRAINT [PK_tblAPPsymbol_download];"
activist_insight,2026-05-10 01:35:21.070,[dbo].[tbladditional_filings],dbo,tbladditional_filings,1,PK_tbladditional_filings,CLUSTERED,1,1,0,0,0,NULL,0,PRIMARY,additional_filing_id,NULL,1,4,additional_filing_id,NULL,additional_filing_id||,80781,1,37.95,98992,444205,0,3440,543197,157.91,539757,2026-09-02 09:00:05.797,2026-09-02 09:01:57.563,NULL,2026-09-02 08:54:02.607,"CREATE UNIQUE CLUSTERED INDEX [PK_tbladditional_filings] ON [dbo].[tbladditional_filings] ([additional_filing_id] ASC) WITH (DROP_EXISTING = OFF, ONLINE = ON) ON [PRIMARY];","-- Constraint-backed, review before dropping: ALTER TABLE [dbo].[tbladditional_filings] DROP CONSTRAINT [PK_tbladditional_filings];"
activist_insight,2026-05-10 01:35:21.070,[dbo].[tblCompany],dbo,tblCompany,1,PK_tblCompany,CLUSTERED,1,1,0,0,0,NULL,0,PRIMARY,company_id,NULL,1,4,company_id,NULL,company_id||,80676,1,38.23,28758015,69785,119401,79336,28947201,364.87,28867865,2026-09-02 09:02:53.823,2026-09-02 09:02:51.260,2026-09-02 09:00:04.313,2026-09-02 09:01:50.003,"CREATE UNIQUE CLUSTERED INDEX [PK_tblCompany] ON [dbo].[tblCompany] ([company_id] ASC) WITH (DROP_EXISTING = OFF, ONLINE = ON) ON [PRIMARY];","-- Constraint-backed, review before dropping: ALTER TABLE [dbo].[tblCompany] DROP CONSTRAINT [PK_tblCompany];"
activist_insight,2026-05-10 01:35:21.070,[dbo].[tblCompany],dbo,tblCompany,2,idx_type,NONCLUSTERED,0,0,0,0,0,NULL,0,PRIMARY,type,NULL,1,4,type,NULL,type||,80676,1,2.71,0,276411,0,21714,276411,12.73,254697,NULL,2026-09-02 09:02:53.717,NULL,2026-09-02 09:01:49.930,"CREATE NONCLUSTERED INDEX [idx_type] ON [dbo].[tblCompany] ([type] ASC) WITH (DROP_EXISTING = OFF, ONLINE = ON) ON [PRIMARY];",DROP INDEX [idx_type] ON [dbo].[tblCompany];
activist_insight,2026-05-10 01:35:21.070,[dbo].[tblCompany],dbo,tblCompany,3,idx_status,NONCLUSTERED,0,0,0,0,0,NULL,0,PRIMARY,status,NULL,1,4,status,NULL,status||,80676,1,3.13,0,0,0,14995,0,0.00,-14995,NULL,NULL,NULL,2026-09-02 08:56:02.430,"CREATE NONCLUSTERED INDEX [idx_status] ON [dbo].[tblCompany] ([status] ASC) WITH (DROP_EXISTING = OFF, ONLINE = ON) ON [PRIMARY];",DROP INDEX [idx_status] ON [dbo].[tblCompany];
activist_insight,2026-05-10 01:35:21.070,[dbo].[tblCompany],dbo,tblCompany,4,idx_industryid,NONCLUSTERED,0,0,0,0,0,NULL,0,PRIMARY,industry_id,NULL,1,4,industry_id,NULL,industry_id||,80676,1,3.07,0,0,0,21714,0,0.00,-21714,NULL,NULL,NULL,2026-09-02 09:01:49.930,"CREATE NONCLUSTERED INDEX [idx_industryid] ON [dbo].[tblCompany] ([industry_id] ASC) WITH (DROP_EXISTING = OFF, ONLINE = ON) ON [PRIMARY];",DROP INDEX [idx_industryid] ON [dbo].[tblCompany];
activist_insight,2026-05-10 01:35:21.070,[dbo].[tblCompany],dbo,tblCompany,5,idx_exchangeid,NONCLUSTERED,0,0,0,0,0,NULL,0,PRIMARY,exchange_id,NULL,1,4,exchange_id,NULL,exchange_id||,80676,1,2.81,3,0,0,21714,3,0.00,-21711,2026-08-14 15:40:52.097,NULL,NULL,2026-09-02 09:01:49.930,"CREATE NONCLUSTERED INDEX [idx_exchangeid] ON [dbo].[tblCompany] ([exchange_id] ASC) WITH (DROP_EXISTING = OFF, ONLINE = ON) ON [PRIMARY];",DROP INDEX [idx_exchangeid] ON [dbo].[tblCompany];
activist_insight,2026-05-10 01:35:21.070,[dbo].[tblCompany],dbo,tblCompany,6,tblCompanies_PID_name,NONCLUSTERED,0,0,0,0,0,NULL,0,PRIMARY,PID,name,1,4,pid,name,pid|name|,80676,1,7.31,4823343,1176660,0,35564,6000003,168.71,5964439,2026-09-02 09:02:53.717,2026-09-02 09:02:51.467,NULL,2026-09-02 09:01:49.930,"CREATE NONCLUSTERED INDEX [tblCompanies_PID_name] ON [dbo].[tblCompany] ([PID] ASC) INCLUDE (name) WITH (DROP_EXISTING = OFF, ONLINE = ON) ON [PRIMARY];",DROP INDEX [tblCompanies_PID_name] ON [dbo].[tblCompany];
activist_insight,2026-05-10 01:35:21.070,[dbo].[tblstock_values_latest],dbo,tblstock_values_latest,1,PK_tblstockValuesLatest,CLUSTERED,1,1,0,0,0,NULL,0,PRIMARY,symbol,NULL,1,15,symbol,NULL,symbol||,80243,1,4.55,134714,28018,0,116,162732,1402.86,162616,2026-09-02 09:02:27.930,2026-09-02 09:02:27.930,NULL,2026-09-02 05:32:40.740,"CREATE UNIQUE CLUSTERED INDEX [PK_tblstockValuesLatest] ON [dbo].[tblstock_values_latest] ([symbol] ASC) WITH (DROP_EXISTING = OFF, ONLINE = ON) ON [PRIMARY];","-- Constraint-backed, review before dropping: ALTER TABLE [dbo].[tblstock_values_latest] DROP CONSTRAINT [PK_tblstockValuesLatest];"
activist_insight,2026-05-10 01:35:21.070,[dbo].[tblGov_amend_cat_link],dbo,tblGov_amend_cat_link,1,PK_tblGov_amend_cat_link,CLUSTERED,1,1,0,0,0,NULL,0,PRIMARY,gov_amend_link_id,NULL,1,4,gov_amend_link_id,NULL,gov_amend_link_id||,77573,1,2.99,2086,582,434041,2023,436709,215.87,434686,2026-09-02 08:31:41.227,2026-09-02 09:00:23.053,2026-09-02 08:52:47.067,2026-09-02 08:31:41.227,"CREATE UNIQUE CLUSTERED INDEX [PK_tblGov_amend_cat_link] ON [dbo].[tblGov_amend_cat_link] ([gov_amend_link_id] ASC) WITH (DROP_EXISTING = OFF, ONLINE = ON) ON [PRIMARY];","-- Constraint-backed, review before dropping: ALTER TABLE [dbo].[tblGov_amend_cat_link] DROP CONSTRAINT [PK_tblGov_amend_cat_link];"
activist_insight,2026-05-10 01:35:21.070,[dbo].[tblGov_amend_cat_link],dbo,tblGov_amend_cat_link,7,temp_cover,NONCLUSTERED,0,0,0,0,0,NULL,0,PRIMARY,scraped_filing_id,NULL,1,4,scraped_filing_id,NULL,scraped_filing_id||,77573,1,3.24,434041,0,0,1994,434041,217.67,432047,2026-09-02 08:52:47.067,NULL,NULL,2026-09-02 08:31:41.227,"CREATE NONCLUSTERED INDEX [temp_cover] ON [dbo].[tblGov_amend_cat_link] ([scraped_filing_id] ASC) WITH (DROP_EXISTING = OFF, ONLINE = ON) ON [PRIMARY];",DROP INDEX [temp_cover] ON [dbo].[tblGov_amend_cat_link];
activist_insight,2026-05-10 01:35:21.070,[dbo].[tblGov_amend_cat_link],dbo,tblGov_amend_cat_link,9,idxGov_amend_cat_link_gaci,NONCLUSTERED,0,0,0,0,0,NULL,0,PRIMARY,gov_amend_cat_id,"scraped_filing_id, new_text, old_text, gov_amend_type_id",1,4,gov_amend_cat_id,"gov_amend_type_id, new_text, old_text, scraped_filing_id","gov_amend_cat_id|gov_amend_type_id, new_text, old_text, scraped_filing_id|",77573,1,3.40,1223,0,0,2023,1223,0.60,-800,2026-09-01 21:46:48.073,NULL,NULL,2026-09-02 08:31:41.227,"CREATE NONCLUSTERED INDEX [idxGov_amend_cat_link_gaci] ON [dbo].[tblGov_amend_cat_link] ([gov_amend_cat_id] ASC) INCLUDE (scraped_filing_id, new_text, old_text, gov_amend_type_id) WITH (DROP_EXISTING = OFF, ONLINE = ON) ON [PRIMARY];",DROP INDEX [idxGov_amend_cat_link_gaci] ON [dbo].[tblGov_amend_cat_link];
activist_insight,2026-05-10 01:35:21.070,[dbo].[tblCompany],dbo,tblCompany,27,U_tblCompany_rp_companyid,NONCLUSTERED,1,0,0,0,1,([rp_companyid] IS NOT NULL),0,PRIMARY,RP_CompanyId,NULL,1,160,rp_companyid,NULL,rp_companyid||([rp_companyid] is not null),76926,1,6.09,111501,3,0,14990,111504,7.44,96514,2026-09-02 08:56:02.590,2026-08-12 13:18:01.713,NULL,2026-09-02 08:56:02.430,"CREATE UNIQUE NONCLUSTERED INDEX [U_tblCompany_rp_companyid] ON [dbo].[tblCompany] ([RP_CompanyId] ASC) WHERE ([rp_companyid] IS NOT NULL) WITH (DROP_EXISTING = OFF, ONLINE = ON) ON [PRIMARY];",DROP INDEX [U_tblCompany_rp_companyid] ON [dbo].[tblCompany];
activist_insight,2026-05-10 01:35:21.070,[dbo].[tblGov_voting],dbo,tblGov_voting,1,PK_tblGov_voting,CLUSTERED,1,1,0,0,0,NULL,0,PRIMARY,voting_id,NULL,1,4,voting_id,NULL,voting_id||,76718,1,35.39,3317,14363,52118,5112,69798,13.65,64686,2026-09-02 08:54:02.367,2026-09-02 09:00:44.340,2026-09-02 09:02:50.120,2026-09-02 08:54:02.367,"CREATE UNIQUE CLUSTERED INDEX [PK_tblGov_voting] ON [dbo].[tblGov_voting] ([voting_id] ASC) WITH (DROP_EXISTING = OFF, ONLINE = ON) ON [PRIMARY];","-- Constraint-backed, review before dropping: ALTER TABLE [dbo].[tblGov_voting] DROP CONSTRAINT [PK_tblGov_voting];"
activist_insight,2026-05-10 01:35:21.070,[dbo].[tblGov_voting],dbo,tblGov_voting,11,NonClusteredIndex-20180823-170253,NONCLUSTERED,0,0,0,0,0,NULL,0,PRIMARY,"pid, gov_metric_id, date",yes_no_todel,3,16,"pid, gov_metric_id, date",yes_no_todel,"pid, gov_metric_id, date|yes_no_todel|",76718,1,4.68,154294,1729,0,5112,156023,30.52,150911,2026-09-02 09:02:41.563,2026-09-02 09:02:48.557,NULL,2026-09-02 08:54:02.367,"CREATE NONCLUSTERED INDEX [NonClusteredIndex-20180823-170253] ON [dbo].[tblGov_voting] ([pid] ASC, [gov_metric_id] ASC, [date] DESC) INCLUDE (yes_no_todel) WITH (DROP_EXISTING = OFF, ONLINE = ON) ON [PRIMARY];",DROP INDEX [NonClusteredIndex-20180823-170253] ON [dbo].[tblGov_voting];
activist_insight,2026-05-10 01:35:21.070,[dbo].[tblGov_voting],dbo,tblGov_voting,19,NonClusteredIndex-20200623-090016,NONCLUSTERED,0,0,0,0,0,NULL,0,PRIMARY,"pid, state_id, gov_metric_id, date, voting_id",yes_no,5,24,"pid, state_id, gov_metric_id, date, voting_id",yes_no,"pid, state_id, gov_metric_id, date, voting_id|yes_no|",76718,1,5.16,22370,10833,0,5112,33203,6.50,28091,2026-09-02 09:02:50.120,2026-09-02 09:02:41.563,NULL,2026-09-02 08:54:02.367,"CREATE NONCLUSTERED INDEX [NonClusteredIndex-20200623-090016] ON [dbo].[tblGov_voting] ([pid] ASC, [state_id] ASC, [gov_metric_id] ASC, [date] ASC, [voting_id] ASC) INCLUDE (yes_no) WITH (DROP_EXISTING = OFF, ONLINE = ON) ON [PRIMARY];",DROP INDEX [NonClusteredIndex-20200623-090016] ON [dbo].[tblGov_voting];
activist_insight,2026-05-10 01:35:21.070,[dbo].[tblFiling_agm_data],dbo,tblFiling_agm_data,1,PK_tblFiling_agm_data,CLUSTERED,1,1,0,0,0,NULL,0,PRIMARY,filing_agm_data_id,NULL,1,4,filing_agm_data_id,NULL,filing_agm_data_id||,74679,1,15.31,17335,193557,28593,20217,239485,11.85,219268,2026-09-02 08:59:48.593,2026-09-02 09:00:18.930,2026-09-02 09:00:18.767,2026-09-02 08:59:48.593,"CREATE UNIQUE CLUSTERED INDEX [PK_tblFiling_agm_data] ON [dbo].[tblFiling_agm_data] ([filing_agm_data_id] ASC) WITH (DROP_EXISTING = OFF, ONLINE = ON) ON [PRIMARY];","-- Constraint-backed, review before dropping: ALTER TABLE [dbo].[tblFiling_agm_data] DROP CONSTRAINT [PK_tblFiling_agm_data];"
activist_insight,2026-05-10 01:35:21.070,[dbo].[tblFiling_agm_data],dbo,tblFiling_agm_data,26,IX_tblFiling_agm_data_additional_filing_id,NONCLUSTERED,0,0,0,0,0,NULL,90,PRIMARY,additional_filing_id,"AGM_date, shareholder_prop_deadline, nomination_deadline, type, virtual_meeting, board_meetings_number, address_id",1,4,additional_filing_id,"address_id, agm_date, board_meetings_number, nomination_deadline, shareholder_prop_deadline, type, virtual_meeting","additional_filing_id|address_id, agm_date, board_meetings_number, nomination_deadline, shareholder_prop_deadline, type, virtual_meeting|",74679,1,1.90,139714,63130,0,20216,202844,10.03,182628,2026-09-02 09:01:57.513,2026-09-02 09:01:57.513,NULL,2026-09-02 08:59:48.593,"CREATE NONCLUSTERED INDEX [IX_tblFiling_agm_data_additional_filing_id] ON [dbo].[tblFiling_agm_data] ([additional_filing_id] ASC) INCLUDE (AGM_date, shareholder_prop_deadline, nomination_deadline, type, virtual_meeting, board_meetings_number, address_id) WITH (DROP_EXISTING = OFF, ONLINE = ON, FILLFACTOR = 90) ON [PRIMARY];",DROP INDEX [IX_tblFiling_agm_data_additional_filing_id] ON [dbo].[tblFiling_agm_data];
activist_insight,2026-05-10 01:35:21.070,[dbo].[tblFiling_agm_data],dbo,tblFiling_agm_data,27,IX_tblFiling_agm_data_scraped_filing_id_type,NONCLUSTERED,0,0,0,0,0,NULL,90,PRIMARY,"scraped_filing_id, type","AGM_date, shareholder_prop_deadline, nomination_deadline, virtual_meeting, board_meetings_number, address_id",2,9,"scraped_filing_id, type","address_id, agm_date, board_meetings_number, nomination_deadline, shareholder_prop_deadline, virtual_meeting","scraped_filing_id, type|address_id, agm_date, board_meetings_number, nomination_deadline, shareholder_prop_deadline, virtual_meeting|",74679,1,2.09,170104,60213,0,20216,230317,11.39,210101,2026-09-02 09:01:57.513,2026-09-02 09:01:57.513,NULL,2026-09-02 08:59:48.593,"CREATE NONCLUSTERED INDEX [IX_tblFiling_agm_data_scraped_filing_id_type] ON [dbo].[tblFiling_agm_data] ([scraped_filing_id] ASC, [type] ASC) INCLUDE (AGM_date, shareholder_prop_deadline, nomination_deadline, virtual_meeting, board_meetings_number, address_id) WITH (DROP_EXISTING = OFF, ONLINE = ON, FILLFACTOR = 90) ON [PRIMARY];",DROP INDEX [IX_tblFiling_agm_data_scraped_filing_id_type] ON [dbo].[tblFiling_agm_data];
activist_insight,2026-05-10 01:35:21.070,[dbo].[tblFiling_agm_data],dbo,tblFiling_agm_data,28,IX_tblFiling_agm_data_type_scraped_filing_id,NONCLUSTERED,0,0,0,0,0,NULL,90,PRIMARY,"type, scraped_filing_id","AGM_date, virtual_meeting, board_meetings_number",2,9,"type, scraped_filing_id","agm_date, board_meetings_number, virtual_meeting","type, scraped_filing_id|agm_date, board_meetings_number, virtual_meeting|",74679,1,1.72,3202,20927,0,20216,24129,1.19,3913,2026-08-31 08:08:34.353,2026-09-02 09:00:18.767,NULL,2026-09-02 08:59:48.593,"CREATE NONCLUSTERED INDEX [IX_tblFiling_agm_data_type_scraped_filing_id] ON [dbo].[tblFiling_agm_data] ([type] ASC, [scraped_filing_id] ASC) INCLUDE (AGM_date, virtual_meeting, board_meetings_number) WITH (DROP_EXISTING = OFF, ONLINE = ON, FILLFACTOR = 90) ON [PRIMARY];",DROP INDEX [IX_tblFiling_agm_data_type_scraped_filing_id] ON [dbo].[tblFiling_agm_data];
activist_insight,2026-05-10 01:35:21.070,[dbo].[tblFiling_agm_data],dbo,tblFiling_agm_data,32,UQ_tblFiling_agm_data_scraped_filing_id,NONCLUSTERED,1,0,0,0,1,([scraped_filing_id] IS NOT NULL AND [scraped_filing_id]<>(0)),90,PRIMARY,scraped_filing_id,NULL,1,4,scraped_filing_id,NULL,scraped_filing_id||([scraped_filing_id] is not null and [scraped_filing_id]<>(0)),72675,1,1.02,0,0,0,17659,0,0.00,-17659,NULL,NULL,NULL,2026-09-02 08:59:48.593,"CREATE UNIQUE NONCLUSTERED INDEX [UQ_tblFiling_agm_data_scraped_filing_id] ON [dbo].[tblFiling_agm_data] ([scraped_filing_id] ASC) WHERE ([scraped_filing_id] IS NOT NULL AND [scraped_filing_id]<>(0)) WITH (DROP_EXISTING = OFF, ONLINE = ON, FILLFACTOR = 90) ON [PRIMARY];",DROP INDEX [UQ_tblFiling_agm_data_scraped_filing_id] ON [dbo].[tblFiling_agm_data];
activist_insight,2026-05-10 01:35:21.070,[dbo].[tblActivism_Summary],dbo,tblActivism_Summary,1,PK_tblActivism_Summary,CLUSTERED,1,1,0,0,0,NULL,0,PRIMARY,summary_id,NULL,1,4,summary_id,NULL,summary_id||,71297,1,24.06,24320,191328,0,5041,215648,42.78,210607,2026-09-02 09:00:07.223,2026-09-02 09:02:47.703,NULL,2026-09-02 08:35:00.513,"CREATE UNIQUE CLUSTERED INDEX [PK_tblActivism_Summary] ON [dbo].[tblActivism_Summary] ([summary_id] ASC) WITH (DROP_EXISTING = OFF, ONLINE = ON) ON [PRIMARY];","-- Constraint-backed, review before dropping: ALTER TABLE [dbo].[tblActivism_Summary] DROP CONSTRAINT [PK_tblActivism_Summary];"
activist_insight,2026-05-10 01:35:21.070,[dbo].[tbl13f_data],dbo,tbl13f_data,1,PK_tbl13f_data,CLUSTERED,1,1,0,0,0,NULL,0,PRIMARY,13f_id,NULL,1,4,13f_id,NULL,13f_id||,66988,1,8.54,122,5062,2859,189,8043,42.56,7854,2026-08-28 08:48:41.263,2026-09-02 09:00:45.530,2026-09-02 08:45:41.013,2026-08-28 08:48:41.263,"CREATE UNIQUE CLUSTERED INDEX [PK_tbl13f_data] ON [dbo].[tbl13f_data] ([13f_id] ASC) WITH (DROP_EXISTING = OFF, ONLINE = ON) ON [PRIMARY];","-- Constraint-backed, review before dropping: ALTER TABLE [dbo].[tbl13f_data] DROP CONSTRAINT [PK_tbl13f_data];"
activist_insight,2026-05-10 01:35:21.070,[dbo].[tbl13f_data],dbo,tbl13f_data,16,idx13f_data_companyidsharesheld,NONCLUSTERED,0,0,0,0,0,NULL,0,PRIMARY,"company_id, shares_held","activist_id, cusip, date_notified, insert_date",2,13,"company_id, shares_held","activist_id, cusip, date_notified, insert_date","company_id, shares_held|activist_id, cusip, date_notified, insert_date|",66988,1,5.14,8421,4830,0,64,13251,207.05,13187,2026-09-02 08:45:41.013,2026-09-02 09:00:00.487,NULL,2026-08-28 08:48:41.263,"CREATE NONCLUSTERED INDEX [idx13f_data_companyidsharesheld] ON [dbo].[tbl13f_data] ([company_id] ASC, [shares_held] ASC) INCLUDE (activist_id, cusip, date_notified, insert_date) WITH (DROP_EXISTING = OFF, ONLINE = ON) ON [PRIMARY];",DROP INDEX [idx13f_data_companyidsharesheld] ON [dbo].[tbl13f_data];
activist_insight,2026-05-10 01:35:21.070,[dbo].[tblProxyStatement_Nominees],dbo,tblProxyStatement_Nominees,0,NULL,HEAP,0,0,0,0,0,NULL,0,PRIMARY,NULL,NULL,0,0,NULL,NULL,||,66826,1,9.54,0,28143,0,30392,28143,0.93,-2249,NULL,2026-09-02 08:59:57.737,NULL,2026-09-02 08:42:26.543,NULL,NULL
activist_insight,2026-05-10 01:35:21.070,[dbo].[tblProxyStatement_Nominees],dbo,tblProxyStatement_Nominees,2,PK_ProxyStatement_Nominees,NONCLUSTERED,1,1,0,0,0,NULL,90,PRIMARY,proxystatement_nominee_id,NULL,1,4,proxystatement_nominee_id,NULL,proxystatement_nominee_id||,66826,1,2.30,24765,2,0,2727,24767,9.08,22040,2026-09-02 08:42:26.543,2026-06-23 09:56:55.930,NULL,2026-09-02 07:54:10.150,"CREATE UNIQUE NONCLUSTERED INDEX [PK_ProxyStatement_Nominees] ON [dbo].[tblProxyStatement_Nominees] ([proxystatement_nominee_id] ASC) WITH (DROP_EXISTING = OFF, ONLINE = ON, FILLFACTOR = 90) ON [PRIMARY];","-- Constraint-backed, review before dropping: ALTER TABLE [dbo].[tblProxyStatement_Nominees] DROP CONSTRAINT [PK_ProxyStatement_Nominees];"
activist_insight,2026-05-10 01:35:21.070,[dbo].[tblNews_country_link],dbo,tblNews_country_link,0,NULL,HEAP,0,0,0,0,0,NULL,0,PRIMARY,NULL,NULL,0,0,NULL,NULL,||,66064,1,3.02,0,3346,0,999,3346,3.35,2347,NULL,2026-09-01 21:07:43.237,NULL,2026-09-01 16:57:39.220,NULL,NULL
activist_insight,2026-05-10 01:35:21.070,[dbo].[rawDirectorIdentifier_import20221104],dbo,rawDirectorIdentifier_import20221104,0,NULL,HEAP,0,0,0,0,0,NULL,0,PRIMARY,NULL,NULL,0,0,NULL,NULL,||,66022,1,2.77,0,0,0,0,0,NULL,0,NULL,NULL,NULL,NULL,NULL,NULL
activist_insight,2026-05-10 01:35:21.070,[dbo].[tblSc13d_form_headers],dbo,tblSc13d_form_headers,1,PK_tblSc13d_form_headers,CLUSTERED,1,1,0,0,0,NULL,0,PRIMARY,sc13d_form_header_id,NULL,1,4,sc13d_form_header_id,NULL,sc13d_form_header_id||,63382,1,20.79,0,0,0,0,0,NULL,0,NULL,NULL,NULL,NULL,"CREATE UNIQUE CLUSTERED INDEX [PK_tblSc13d_form_headers] ON [dbo].[tblSc13d_form_headers] ([sc13d_form_header_id] ASC) WITH (DROP_EXISTING = OFF, ONLINE = ON) ON [PRIMARY];","-- Constraint-backed, review before dropping: ALTER TABLE [dbo].[tblSc13d_form_headers] DROP CONSTRAINT [PK_tblSc13d_form_headers];"
activist_insight,2026-05-10 01:35:21.070,[dbo].[tblFiling_Details_Link],dbo,tblFiling_Details_Link,1,PK__tblFilin__690C77767354E3B0,CLUSTERED,1,1,0,0,0,NULL,0,PRIMARY,filing_details_link_id,NULL,1,4,filing_details_link_id,NULL,filing_details_link_id||,63205,1,8.52,0,389,16,464,405,0.87,-59,NULL,2026-09-02 08:58:03.450,2026-08-28 07:52:50.330,2026-09-02 02:42:45.113,"CREATE UNIQUE CLUSTERED INDEX [PK__tblFilin__690C77767354E3B0] ON [dbo].[tblFiling_Details_Link] ([filing_details_link_id] ASC) WITH (DROP_EXISTING = OFF, ONLINE = ON) ON [PRIMARY];","-- Constraint-backed, review before dropping: ALTER TABLE [dbo].[tblFiling_Details_Link] DROP CONSTRAINT [PK__tblFilin__690C77767354E3B0];"
activist_insight,2026-05-10 01:35:21.070,[dbo].[tblFiling_Details_Link],dbo,tblFiling_Details_Link,6,IX_tblFiling_Details_Link_Filing_Id,NONCLUSTERED,0,0,0,0,0,NULL,0,PRIMARY,filing_id,NULL,1,4,filing_id,NULL,filing_id||,63205,1,11.69,4123,0,0,464,4123,8.89,3659,2026-09-02 08:56:04.123,NULL,NULL,2026-09-02 02:42:45.113,"CREATE NONCLUSTERED INDEX [IX_tblFiling_Details_Link_Filing_Id] ON [dbo].[tblFiling_Details_Link] ([filing_id] ASC) WITH (DROP_EXISTING = OFF, ONLINE = ON) ON [PRIMARY];",DROP INDEX [IX_tblFiling_Details_Link_Filing_Id] ON [dbo].[tblFiling_Details_Link];
activist_insight,2026-05-10 01:35:21.070,[dbo].[tblTotalAuditorFees],dbo,tblTotalAuditorFees,1,PK__tblTotal__C8DAAB0EF0295AB7,CLUSTERED,1,1,0,0,0,NULL,0,PRIMARY,auditor_fees_id,NULL,1,4,auditor_fees_id,NULL,auditor_fees_id||,63157,1,6.41,580,10730,0,2282,11310,4.96,9028,2026-09-02 08:27:58.580,2026-09-02 08:45:53.770,NULL,2026-09-02 08:27:58.580,"CREATE UNIQUE CLUSTERED INDEX [PK__tblTotal__C8DAAB0EF0295AB7] ON [dbo].[tblTotalAuditorFees] ([auditor_fees_id] ASC) WITH (DROP_EXISTING = OFF, ONLINE = ON) ON [PRIMARY];","-- Constraint-backed, review before dropping: ALTER TABLE [dbo].[tblTotalAuditorFees] DROP CONSTRAINT [PK__tblTotal__C8DAAB0EF0295AB7];"
activist_insight,2026-05-10 01:35:21.070,[dbo].[tblNews_product_link],dbo,tblNews_product_link,1,PK_tblNews_site_link,CLUSTERED,1,1,0,0,0,NULL,0,PRIMARY,news_product_id,NULL,1,4,news_product_id,NULL,news_product_id||,62155,1,2.41,0,34490,0,4514,34490,7.64,29976,NULL,2026-09-02 09:02:51.417,NULL,2026-09-01 19:04:14.613,"CREATE UNIQUE CLUSTERED INDEX [PK_tblNews_site_link] ON [dbo].[tblNews_product_link] ([news_product_id] ASC) WITH (DROP_EXISTING = OFF, ONLINE = ON) ON [PRIMARY];","-- Constraint-backed, review before dropping: ALTER TABLE [dbo].[tblNews_product_link] DROP CONSTRAINT [PK_tblNews_site_link];"
activist_insight,2026-05-10 01:35:21.070,[dbo].[tblNews_product_link],dbo,tblNews_product_link,4,CvIndex-NewsComponent,NONCLUSTERED,0,0,0,0,0,NULL,0,PRIMARY,news_id,product_id,1,4,news_id,product_id,news_id|product_id|,62155,1,2.30,2428480384,1117194,0,4514,2429597578,538236.06,2429593064,2026-09-02 09:02:53.240,2026-09-02 09:02:52.883,NULL,2026-09-01 19:04:14.613,"CREATE NONCLUSTERED INDEX [CvIndex-NewsComponent] ON [dbo].[tblNews_product_link] ([news_id] ASC) INCLUDE (product_id) WITH (DROP_EXISTING = OFF, ONLINE = ON) ON [PRIMARY];",DROP INDEX [CvIndex-NewsComponent] ON [dbo].[tblNews_product_link];
activist_insight,2026-05-10 01:35:21.070,[dbo].[tblVulnerability_date_requests],dbo,tblVulnerability_date_requests,1,PK_tblVulnerability_date_requests,CLUSTERED,1,1,0,0,0,NULL,0,PRIMARY,vulnerability_date_request_id,NULL,1,4,vulnerability_date_request_id,NULL,vulnerability_date_request_id||,60662,1,1.60,0,2,0,0,2,NULL,2,NULL,2026-06-05 14:03:23.470,NULL,NULL,"CREATE UNIQUE CLUSTERED INDEX [PK_tblVulnerability_date_requests] ON [dbo].[tblVulnerability_date_requests] ([vulnerability_date_request_id] ASC) WITH (DROP_EXISTING = OFF, ONLINE = ON) ON [PRIMARY];","-- Constraint-backed, review before dropping: ALTER TABLE [dbo].[tblVulnerability_date_requests] DROP CONSTRAINT [PK_tblVulnerability_date_requests];"
activist_insight,2026-05-10 01:35:21.070,[dbo].[rawImportClarityAI_Peers],dbo,rawImportClarityAI_Peers,0,NULL,HEAP,0,0,0,0,0,NULL,0,PRIMARY,NULL,NULL,0,0,NULL,NULL,||,60487,1,20.70,0,6,0,3,6,2.00,3,NULL,2026-07-24 11:13:03.857,NULL,2026-07-24 11:12:36.490,NULL,NULL
activist_insight,2026-05-10 01:35:21.070,[dbo].[stgClarityAI_Peers],dbo,stgClarityAI_Peers,1,PK_stgClarityAI_Peers,CLUSTERED,1,1,0,0,0,NULL,0,PRIMARY,stgClarityAI_Peers_id,NULL,1,4,stgclarityai_peers_id,NULL,stgclarityai_peers_id||,60487,1,14.41,0,9,0,6,9,1.50,3,NULL,2026-07-24 11:13:13.650,NULL,2026-07-24 11:13:13.650,"CREATE UNIQUE CLUSTERED INDEX [PK_stgClarityAI_Peers] ON [dbo].[stgClarityAI_Peers] ([stgClarityAI_Peers_id] ASC) WITH (DROP_EXISTING = OFF, ONLINE = ON) ON [PRIMARY];","-- Constraint-backed, review before dropping: ALTER TABLE [dbo].[stgClarityAI_Peers] DROP CONSTRAINT [PK_stgClarityAI_Peers];"
activist_insight,2026-05-10 01:35:21.070,[dbo].[tblClarity_ESG_Peers],dbo,tblClarity_ESG_Peers,1,CDX_tblClarity_ESG_Peers_PermID,CLUSTERED,0,0,0,0,0,NULL,0,PRIMARY,PERM_ID,NULL,1,8,perm_id,NULL,perm_id||,60487,1,10.88,5551,560,0,1,6111,6111.00,6110,2026-09-02 08:46:29.530,2026-09-02 08:46:29.530,NULL,2026-07-24 11:13:10.847,"CREATE CLUSTERED INDEX [CDX_tblClarity_ESG_Peers_PermID] ON [dbo].[tblClarity_ESG_Peers] ([PERM_ID] ASC) WITH (DROP_EXISTING = OFF, ONLINE = ON) ON [PRIMARY];",DROP INDEX [CDX_tblClarity_ESG_Peers_PermID] ON [dbo].[tblClarity_ESG_Peers];
activist_insight,2026-05-10 01:35:21.070,[dbo].[tblClarity_ESG_Peers],dbo,tblClarity_ESG_Peers,15,PK__tblClari__FD977DF896F50277,NONCLUSTERED,1,1,0,0,0,NULL,0,PRIMARY,Clarity_Peers_ID,NULL,1,4,clarity_peers_id,NULL,clarity_peers_id||,60487,1,2.89,0,231,0,1,231,231.00,230,NULL,2026-09-02 05:01:22.060,NULL,2026-07-24 11:13:10.847,"CREATE UNIQUE NONCLUSTERED INDEX [PK__tblClari__FD977DF896F50277] ON [dbo].[tblClarity_ESG_Peers] ([Clarity_Peers_ID] ASC) WITH (DROP_EXISTING = OFF, ONLINE = ON) ON [PRIMARY];","-- Constraint-backed, review before dropping: ALTER TABLE [dbo].[tblClarity_ESG_Peers] DROP CONSTRAINT [PK__tblClari__FD977DF896F50277];"
activist_insight,2026-05-10 01:35:21.070,[dbo].[rawImportCGICompensationEMEA_AwardsPolicy],dbo,rawImportCGICompensationEMEA_AwardsPolicy,0,NULL,HEAP,0,0,0,0,0,NULL,0,PRIMARY,NULL,NULL,0,0,NULL,NULL,||,58642,1,22.77,0,2,0,58642,2,0.00,-58640,NULL,2026-09-02 02:44:42.253,NULL,2026-09-02 02:22:39.910,NULL,NULL
activist_insight,2026-05-10 01:35:21.070,[dbo].[tblNews],dbo,tblNews,1,PK_tblNews_1,CLUSTERED,1,1,0,0,0,NULL,0,PRIMARY,news_id,NULL,1,4,news_id,NULL,news_id||,58017,1,123.81,23891795,14397,92779,16418,23998971,1461.75,23982553,2026-09-02 09:02:52.810,2026-09-02 08:36:57.143,2026-09-02 08:58:04.410,2026-09-01 19:09:10.847,"CREATE UNIQUE CLUSTERED INDEX [PK_tblNews_1] ON [dbo].[tblNews] ([news_id] ASC) WITH (DROP_EXISTING = OFF, ONLINE = ON) ON [PRIMARY];","-- Constraint-backed, review before dropping: ALTER TABLE [dbo].[tblNews] DROP CONSTRAINT [PK_tblNews_1];"
activist_insight,2026-05-10 01:35:21.070,[dbo].[tblNews],dbo,tblNews,2,idx_news_date,NONCLUSTERED,0,0,0,0,0,NULL,0,PRIMARY,news_date,NULL,1,8,news_date,NULL,news_date||,58017,1,1.79,50752,373335,0,2282,424087,185.84,421805,2026-09-02 08:55:42.697,2026-09-02 09:02:52.883,NULL,2026-09-01 19:04:14.590,"CREATE NONCLUSTERED INDEX [idx_news_date] ON [dbo].[tblNews] ([news_date] ASC) WITH (DROP_EXISTING = OFF, ONLINE = ON) ON [PRIMARY];",DROP INDEX [idx_news_date] ON [dbo].[tblNews];
activist_insight,2026-05-10 01:35:21.070,[dbo].[tblNews],dbo,tblNews,3,idx_news_siteid,NONCLUSTERED,0,0,0,0,0,NULL,0,PRIMARY,site_id,NULL,1,4,site_id,NULL,site_id||,58017,1,1.52,13456,123379,0,3545,136835,38.60,133290,2026-09-02 08:02:07.847,2026-09-02 09:02:51.417,NULL,2026-09-01 19:04:14.613,"CREATE NONCLUSTERED INDEX [idx_news_siteid] ON [dbo].[tblNews] ([site_id] ASC) WITH (DROP_EXISTING = OFF, ONLINE = ON) ON [PRIMARY];",DROP INDEX [idx_news_siteid] ON [dbo].[tblNews];
activist_insight,2026-05-10 01:35:21.070,[dbo].[tblNews],dbo,tblNews,20,IX_tblNews_insert_date_includes,NONCLUSTERED,0,0,0,0,0,NULL,0,PRIMARY,insert_date,checked,1,8,insert_date,checked,insert_date|checked|,58017,1,2.05,3459869,0,0,2744,3459869,1260.89,3457125,2026-09-02 09:02:53.240,NULL,NULL,2026-09-01 19:04:14.590,"CREATE NONCLUSTERED INDEX [IX_tblNews_insert_date_includes] ON [dbo].[tblNews] ([insert_date] ASC) INCLUDE (checked) WITH (DROP_EXISTING = OFF, ONLINE = ON) ON [PRIMARY];",DROP INDEX [IX_tblNews_insert_date_includes] ON [dbo].[tblNews];
activist_insight,2026-05-10 01:35:21.070,[dbo].[tblNews_company_link],dbo,tblNews_company_link,1,PK_tblNews_company_link,CLUSTERED,1,1,0,0,0,NULL,0,PRIMARY,news_company_id,NULL,1,4,news_company_id,NULL,news_company_id||,56229,1,2.80,0,75409,705372,3137,780781,248.89,777644,NULL,2026-09-02 09:01:14.507,2026-09-02 09:02:52.137,2026-09-01 19:04:14.600,"CREATE UNIQUE CLUSTERED INDEX [PK_tblNews_company_link] ON [dbo].[tblNews_company_link] ([news_company_id] ASC) WITH (DROP_EXISTING = OFF, ONLINE = ON) ON [PRIMARY];","-- Constraint-backed, review before dropping: ALTER TABLE [dbo].[tblNews_company_link] DROP CONSTRAINT [PK_tblNews_company_link];"
activist_insight,2026-05-10 01:35:21.070,[dbo].[tblNews_company_link],dbo,tblNews_company_link,2,idx_news_id,NONCLUSTERED,0,0,0,0,0,NULL,0,PRIMARY,news_id,NULL,1,4,news_id,NULL,news_id||,56229,1,2.05,82209,0,0,3137,82209,26.21,79072,2026-09-02 08:59:25.293,NULL,NULL,2026-09-01 19:04:14.600,"CREATE NONCLUSTERED INDEX [idx_news_id] ON [dbo].[tblNews_company_link] ([news_id] ASC) WITH (DROP_EXISTING = OFF, ONLINE = ON) ON [PRIMARY];",DROP INDEX [idx_news_id] ON [dbo].[tblNews_company_link];
activist_insight,2026-05-10 01:35:21.070,[dbo].[tblNews_company_link],dbo,tblNews_company_link,3,idx_company_id,NONCLUSTERED,0,0,0,0,0,NULL,0,PRIMARY,company_id_todel,NULL,1,4,company_id_todel,NULL,company_id_todel||,56229,1,1.66,0,0,0,3137,0,0.00,-3137,NULL,NULL,NULL,2026-09-01 19:04:14.600,"CREATE NONCLUSTERED INDEX [idx_company_id] ON [dbo].[tblNews_company_link] ([company_id_todel] ASC) WITH (DROP_EXISTING = OFF, ONLINE = ON) ON [PRIMARY];",DROP INDEX [idx_company_id] ON [dbo].[tblNews_company_link];
activist_insight,2026-05-10 01:35:21.070,[dbo].[tblNews_company_link],dbo,tblNews_company_link,6,NonClusteredIndex-20210524-093012,NONCLUSTERED,0,0,0,0,0,NULL,0,PRIMARY,pid,NULL,1,4,pid,NULL,pid||,56229,1,1.99,624182,3,0,3137,624185,198.98,621048,2026-09-02 09:02:52.137,2026-06-18 10:11:23.307,NULL,2026-09-01 19:04:14.600,"CREATE NONCLUSTERED INDEX [NonClusteredIndex-20210524-093012] ON [dbo].[tblNews_company_link] ([pid] ASC) WITH (DROP_EXISTING = OFF, ONLINE = ON) ON [PRIMARY];",DROP INDEX [NonClusteredIndex-20210524-093012] ON [dbo].[tblNews_company_link];
activist_insight,2026-05-10 01:35:21.070,[dbo].[tblcompany_search_industry],dbo,tblcompany_search_industry,1,ClusteredIndex-20220329-153353,CLUSTERED,0,0,0,0,0,NULL,0,PRIMARY,company_search_industry_id,NULL,1,4,company_search_industry_id,NULL,company_search_industry_id||,54279,1,2.41,0,0,0,2774,0,0.00,-2774,NULL,NULL,NULL,2026-09-01 17:16:43.293,"CREATE CLUSTERED INDEX [ClusteredIndex-20220329-153353] ON [dbo].[tblcompany_search_industry] ([company_search_industry_id] ASC) WITH (DROP_EXISTING = OFF, ONLINE = ON) ON [PRIMARY];",DROP INDEX [ClusteredIndex-20220329-153353] ON [dbo].[tblcompany_search_industry];
activist_insight,2026-05-10 01:35:21.070,[dbo].[tblcompany_search_industry],dbo,tblcompany_search_industry,5,NonClusteredIndex-20220329-153403,NONCLUSTERED,0,0,0,0,0,NULL,0,PRIMARY,company_search_id,"industry_id, sector_id",1,4,company_search_id,"industry_id, sector_id","company_search_id|industry_id, sector_id|",54279,1,2.44,646637,9492,0,2774,656129,236.53,653355,2026-09-02 08:59:54.350,2026-05-19 16:12:15.340,NULL,2026-09-01 17:16:43.293,"CREATE NONCLUSTERED INDEX [NonClusteredIndex-20220329-153403] ON [dbo].[tblcompany_search_industry] ([company_search_id] ASC) INCLUDE (industry_id, sector_id) WITH (DROP_EXISTING = OFF, ONLINE = ON) ON [PRIMARY];",DROP INDEX [NonClusteredIndex-20220329-153403] ON [dbo].[tblcompany_search_industry];
activist_insight,2026-05-10 01:35:21.070,[dbo].[tblcompany_search_industry],dbo,tblcompany_search_industry,6,NonClusteredIndex-20220329-153416,NONCLUSTERED,0,0,0,0,0,NULL,0,PRIMARY,industry_id,company_search_id,1,4,industry_id,company_search_id,industry_id|company_search_id|,54279,1,2.34,23834,17836,0,2774,41670,15.02,38896,2026-08-18 01:55:29.017,2026-09-02 08:57:15.737,NULL,2026-09-01 17:16:43.293,"CREATE NONCLUSTERED INDEX [NonClusteredIndex-20220329-153416] ON [dbo].[tblcompany_search_industry] ([industry_id] ASC) INCLUDE (company_search_id) WITH (DROP_EXISTING = OFF, ONLINE = ON) ON [PRIMARY];",DROP INDEX [NonClusteredIndex-20220329-153416] ON [dbo].[tblcompany_search_industry];
activist_insight,2026-05-10 01:35:21.070,[dbo].[tblcompany_search_industry],dbo,tblcompany_search_industry,7,NonClusteredIndex-20220329-153430,NONCLUSTERED,0,0,0,0,0,NULL,0,PRIMARY,sector_id,"company_search_id, industry_id",1,4,sector_id,"company_search_id, industry_id","sector_id|company_search_id, industry_id|",54279,1,2.34,23834,55052,0,2774,78886,28.44,76112,2026-08-18 01:55:29.017,2026-08-22 01:45:21.990,NULL,2026-09-01 17:16:43.293,"CREATE NONCLUSTERED INDEX [NonClusteredIndex-20220329-153430] ON [dbo].[tblcompany_search_industry] ([sector_id] ASC) INCLUDE (company_search_id, industry_id) WITH (DROP_EXISTING = OFF, ONLINE = ON) ON [PRIMARY];",DROP INDEX [NonClusteredIndex-20220329-153430] ON [dbo].[tblcompany_search_industry];
activist_insight,2026-05-10 01:35:21.070,[dbo].[tblNews_activist_link],dbo,tblNews_activist_link,1,PK_tblNews_activist_link,CLUSTERED,1,1,0,0,0,NULL,0,PRIMARY,news_activist_id,NULL,1,4,news_activist_id,NULL,news_activist_id||,53780,1,2.16,0,68920,213224,3533,282144,79.86,278611,NULL,2026-09-02 09:01:14.507,2026-09-02 09:01:16.383,2026-09-01 19:04:14.597,"CREATE UNIQUE CLUSTERED INDEX [PK_tblNews_activist_link] ON [dbo].[tblNews_activist_link] ([news_activist_id] ASC) WITH (DROP_EXISTING = OFF, ONLINE = ON) ON [PRIMARY];","-- Constraint-backed, review before dropping: ALTER TABLE [dbo].[tblNews_activist_link] DROP CONSTRAINT [PK_tblNews_activist_link];"
activist_insight,2026-05-10 01:35:21.070,[dbo].[tblNews_activist_link],dbo,tblNews_activist_link,5,idx_news_id,NONCLUSTERED,0,0,0,0,0,NULL,0,PRIMARY,news_id,NULL,1,4,news_id,NULL,news_id||,53780,1,1.64,181759,21591,0,3533,203350,57.56,199817,2026-09-02 09:01:16.383,2026-08-31 02:12:30.650,NULL,2026-09-01 19:04:14.597,"CREATE NONCLUSTERED INDEX [idx_news_id] ON [dbo].[tblNews_activist_link] ([news_id] ASC) WITH (DROP_EXISTING = OFF, ONLINE = ON) ON [PRIMARY];",DROP INDEX [idx_news_id] ON [dbo].[tblNews_activist_link];
activist_insight,2026-05-10 01:35:21.070,[dbo].[tblNews_activist_link],dbo,tblNews_activist_link,6,idx_activist_id,NONCLUSTERED,0,0,0,0,0,NULL,0,PRIMARY,activist_id,NULL,1,4,activist_id,NULL,activist_id||,53780,1,2.00,83029,0,0,3533,83029,23.50,79496,2026-09-02 08:54:54.590,NULL,NULL,2026-09-01 19:04:14.597,"CREATE NONCLUSTERED INDEX [idx_activist_id] ON [dbo].[tblNews_activist_link] ([activist_id] ASC) WITH (DROP_EXISTING = OFF, ONLINE = ON) ON [PRIMARY];",DROP INDEX [idx_activist_id] ON [dbo].[tblNews_activist_link];
activist_insight,2026-05-10 01:35:21.070,[dbo].[tblShort_interest],dbo,tblShort_interest,1,PK_tblShort_interest,CLUSTERED,1,1,0,0,0,NULL,0,PRIMARY,short_interest_id,NULL,1,4,short_interest_id,NULL,short_interest_id||,53440,1,3.41,0,717,0,0,717,NULL,717,NULL,2026-09-01 13:25:17.970,NULL,NULL,"CREATE UNIQUE CLUSTERED INDEX [PK_tblShort_interest] ON [dbo].[tblShort_interest] ([short_interest_id] ASC) WITH (DROP_EXISTING = OFF, ONLINE = ON) ON [PRIMARY];","-- Constraint-backed, review before dropping: ALTER TABLE [dbo].[tblShort_interest] DROP CONSTRAINT [PK_tblShort_interest];"
activist_insight,2026-05-10 01:35:21.070,[dbo].[raw_RP_DMI_CompanyIdMapping_old],dbo,raw_RP_DMI_CompanyIdMapping_old,0,NULL,HEAP,0,0,0,0,0,NULL,0,PRIMARY,NULL,NULL,0,0,NULL,NULL,||,52249,1,5.23,0,0,0,0,0,NULL,0,NULL,NULL,NULL,NULL,NULL,NULL
activist_insight,2026-05-10 01:35:21.070,[dbo].[stgRPI_CompanyIdMapping],dbo,stgRPI_CompanyIdMapping,0,NULL,HEAP,0,0,0,0,0,NULL,0,PRIMARY,NULL,NULL,0,0,NULL,NULL,||,52249,1,6.35,0,2,0,0,2,NULL,2,NULL,2026-06-05 14:03:09.027,NULL,NULL,NULL,NULL
activist_insight,2026-05-10 01:35:21.070,[dbo].[tblMeetingShareholderInfo],dbo,tblMeetingShareholderInfo,1,PK__tblMeeti__C7B91CAB3BBECC5B,CLUSTERED,1,1,0,0,0,NULL,0,PRIMARY,meeting_id,NULL,1,4,meeting_id,NULL,meeting_id||,51742,1,12.24,1487,1619,0,918,3106,3.38,2188,2026-09-02 08:00:16.860,2026-08-31 08:19:49.043,NULL,2026-09-02 05:17:39.960,"CREATE UNIQUE CLUSTERED INDEX [PK__tblMeeti__C7B91CAB3BBECC5B] ON [dbo].[tblMeetingShareholderInfo] ([meeting_id] ASC) WITH (DROP_EXISTING = OFF, ONLINE = ON) ON [PRIMARY];","-- Constraint-backed, review before dropping: ALTER TABLE [dbo].[tblMeetingShareholderInfo] DROP CONSTRAINT [PK__tblMeeti__C7B91CAB3BBECC5B];"
activist_insight,2026-05-10 01:35:21.070,[dbo].[tblAddress],dbo,tblAddress,1,PK_tblAddress,CLUSTERED,1,1,0,0,0,NULL,0,PRIMARY,address_id,NULL,1,4,address_id,NULL,address_id||,51533,1,10.38,108829,58154,1586655,71211,1753638,24.63,1682427,2026-09-02 09:00:20.313,2026-09-02 09:00:44.613,2026-09-02 09:02:53.417,2026-09-02 08:56:02.573,"CREATE UNIQUE CLUSTERED INDEX [PK_tblAddress] ON [dbo].[tblAddress] ([address_id] ASC) WITH (DROP_EXISTING = OFF, ONLINE = ON) ON [PRIMARY];","-- Constraint-backed, review before dropping: ALTER TABLE [dbo].[tblAddress] DROP CONSTRAINT [PK_tblAddress];"
activist_insight,2026-05-10 01:35:21.070,[dbo].[tblAddress],dbo,tblAddress,6,idxCountryId,NONCLUSTERED,0,0,0,0,0,NULL,0,PRIMARY,country_id,NULL,1,20,country_id,NULL,country_id||,51533,1,4.29,0,2588,0,36200,2588,0.07,-33612,NULL,2026-09-02 09:00:38.157,NULL,2026-09-02 08:56:02.530,"CREATE NONCLUSTERED INDEX [idxCountryId] ON [dbo].[tblAddress] ([country_id] ASC) WITH (DROP_EXISTING = OFF, ONLINE = ON) ON [PRIMARY];",DROP INDEX [idxCountryId] ON [dbo].[tblAddress];
activist_insight,2026-05-10 01:35:21.070,[dbo].[tblAddress],dbo,tblAddress,14,idxCompanyid,NONCLUSTERED,0,0,0,0,0,NULL,0,PRIMARY,company_id,NULL,1,4,company_id,NULL,company_id||,51533,1,2.73,1586653,62,0,36200,1586715,43.83,1550515,2026-09-02 09:02:53.417,2026-08-31 13:44:27.227,NULL,2026-09-02 08:56:02.530,"CREATE NONCLUSTERED INDEX [idxCompanyid] ON [dbo].[tblAddress] ([company_id] ASC) WITH (DROP_EXISTING = OFF, ONLINE = ON) ON [PRIMARY];",DROP INDEX [idxCompanyid] ON [dbo].[tblAddress];
activist_insight,2026-05-10 01:35:21.070,[dbo].[tblAddress],dbo,tblAddress,16,idxHead_office,NONCLUSTERED,0,0,0,0,0,NULL,0,PRIMARY,head_office,NULL,1,1,head_office,NULL,head_office||,51533,1,2.52,0,2,0,36184,2,0.00,-36182,NULL,2026-07-27 13:08:42.163,NULL,2026-09-02 08:56:02.530,"CREATE NONCLUSTERED INDEX [idxHead_office] ON [dbo].[tblAddress] ([head_office] ASC) WITH (DROP_EXISTING = OFF, ONLINE = ON) ON [PRIMARY];",DROP INDEX [idxHead_office] ON [dbo].[tblAddress];
activist_insight,2026-05-10 01:35:21.070,[dbo].[tblAddress],dbo,tblAddress,17,idx_headoffice,NONCLUSTERED,0,0,0,0,0,NULL,0,PRIMARY,head_office,"company_id, country_id",1,1,head_office,"company_id, country_id","head_office|company_id, country_id|",51533,1,4.91,49187,46585,0,36206,95772,2.65,59566,2026-09-02 08:57:34.563,2026-09-02 09:02:51.127,NULL,2026-09-02 08:56:02.530,"CREATE NONCLUSTERED INDEX [idx_headoffice] ON [dbo].[tblAddress] ([head_office] ASC) INCLUDE (company_id, country_id) WITH (DROP_EXISTING = OFF, ONLINE = ON) ON [PRIMARY];",DROP INDEX [idx_headoffice] ON [dbo].[tblAddress];
activist_insight,2026-05-10 01:35:21.070,[dbo].[tblWp_gf_entry],dbo,tblWp_gf_entry,1,PK_tblWp_gf_entry,CLUSTERED,1,1,0,0,0,NULL,0,PRIMARY,Record_Id,NULL,1,4,record_id,NULL,record_id||,49776,1,13.13,0,10714,0,0,10714,NULL,10714,NULL,2026-05-22 11:25:19.510,NULL,NULL,"CREATE UNIQUE CLUSTERED INDEX [PK_tblWp_gf_entry] ON [dbo].[tblWp_gf_entry] ([Record_Id] ASC) WITH (DROP_EXISTING = OFF, ONLINE = ON) ON [PRIMARY];","-- Constraint-backed, review before dropping: ALTER TABLE [dbo].[tblWp_gf_entry] DROP CONSTRAINT [PK_tblWp_gf_entry];"
activist_insight,2026-05-10 01:35:21.070,[dbo].[tblCampaign_Summary],dbo,tblCampaign_Summary,1,pk_campaign_summary,CLUSTERED,1,1,0,0,0,NULL,0,PRIMARY,campaign_summary_id,NULL,1,4,campaign_summary_id,NULL,campaign_summary_id||,48087,1,12.63,9863541,56781,812236,12443,10732558,862.54,10720115,2026-09-02 09:02:30.340,2026-09-02 09:00:32.990,2026-09-02 09:02:53.717,2026-09-02 08:22:06.890,"CREATE UNIQUE CLUSTERED INDEX [pk_campaign_summary] ON [dbo].[tblCampaign_Summary] ([campaign_summary_id] ASC) WITH (DROP_EXISTING = OFF, ONLINE = ON) ON [PRIMARY];","-- Constraint-backed, review before dropping: ALTER TABLE [dbo].[tblCampaign_Summary] DROP CONSTRAINT [pk_campaign_summary];"
activist_insight,2026-05-10 01:35:21.070,[dbo].[tblCampaign_Summary],dbo,tblCampaign_Summary,2,idxTblCampaignSummary,NONCLUSTERED,0,0,0,0,0,NULL,0,PRIMARY,activist_id,"company_id, action_date",1,4,activist_id,"action_date, company_id","activist_id|action_date, company_id|",48087,1,2.64,620204,173232,0,4392,793436,180.65,789044,2026-09-02 09:02:53.717,2026-09-02 09:01:14.137,NULL,2026-09-02 08:22:06.890,"CREATE NONCLUSTERED INDEX [idxTblCampaignSummary] ON [dbo].[tblCampaign_Summary] ([activist_id] ASC) INCLUDE (company_id, action_date) WITH (DROP_EXISTING = OFF, ONLINE = ON) ON [PRIMARY];",DROP INDEX [idxTblCampaignSummary] ON [dbo].[tblCampaign_Summary];
activist_insight,2026-05-10 01:35:21.070,[dbo].[tblCampaign_Summary],dbo,tblCampaign_Summary,3,idxCompany_id,NONCLUSTERED,0,0,0,0,0,NULL,0,PRIMARY,company_id,"activist_id, action_date, action_id, outcome_id, response_id, response_date",1,4,company_id,"action_date, action_id, activist_id, outcome_id, response_date, response_id","company_id|action_date, action_id, activist_id, outcome_id, response_date, response_id|",48087,1,3.66,614354,67185,0,5188,681539,131.37,676351,2026-09-02 09:02:46.330,2026-09-02 09:00:15.447,NULL,2026-09-02 08:22:06.890,"CREATE NONCLUSTERED INDEX [idxCompany_id] ON [dbo].[tblCampaign_Summary] ([company_id] ASC) INCLUDE (activist_id, action_date, action_id, outcome_id, response_id, response_date) WITH (DROP_EXISTING = OFF, ONLINE = ON) ON [PRIMARY];",DROP INDEX [idxCompany_id] ON [dbo].[tblCampaign_Summary];
activist_insight,2026-05-10 01:35:21.070,[dbo].[tblCampaign_Summary],dbo,tblCampaign_Summary,4,idx_action_id,NONCLUSTERED,0,0,0,0,0,NULL,0,PRIMARY,action_id,"company_id, activist_id, action_date, campaign_summary_id, outcome_date, response_id, regulator_action, updated_at, created_at, response_date",1,4,action_id,"action_date, activist_id, campaign_summary_id, company_id, created_at, outcome_date, regulator_action, response_date, response_id, updated_at","action_id|action_date, activist_id, campaign_summary_id, company_id, created_at, outcome_date, regulator_action, response_date, response_id, updated_at|",48087,1,4.77,111819,35669,0,12443,147488,11.85,135045,2026-09-02 09:00:39.003,2026-09-02 08:56:51.073,NULL,2026-09-02 08:22:06.890,"CREATE NONCLUSTERED INDEX [idx_action_id] ON [dbo].[tblCampaign_Summary] ([action_id] ASC) INCLUDE (company_id, activist_id, action_date, campaign_summary_id, outcome_date, response_id, regulator_action, updated_at, created_at, response_date) WITH (DROP_EXISTING = OFF, ONLINE = ON) ON [PRIMARY];",DROP INDEX [idx_action_id] ON [dbo].[tblCampaign_Summary];
activist_insight,2026-05-10 01:35:21.070,[dbo].[tblCampaign_Summary],dbo,tblCampaign_Summary,21,NonClusteredIndex-20171122-120332,NONCLUSTERED,0,0,0,0,0,NULL,0,PRIMARY,action_id,"campaign_summary_id, company_id, activist_id, outcome_date, response_id, regulator_action, updated_at, created_at",1,4,action_id,"activist_id, campaign_summary_id, company_id, created_at, outcome_date, regulator_action, response_id, updated_at","action_id|activist_id, campaign_summary_id, company_id, created_at, outcome_date, regulator_action, response_id, updated_at|",48087,1,4.45,29248,2601,0,12443,31849,2.56,19406,2026-09-02 09:00:45.530,2026-09-02 08:52:52.823,NULL,2026-09-02 08:22:06.890,"CREATE NONCLUSTERED INDEX [NonClusteredIndex-20171122-120332] ON [dbo].[tblCampaign_Summary] ([action_id] ASC) INCLUDE (campaign_summary_id, company_id, activist_id, outcome_date, response_id, regulator_action, updated_at, created_at) WITH (DROP_EXISTING = OFF, ONLINE = ON) ON [PRIMARY];",DROP INDEX [NonClusteredIndex-20171122-120332] ON [dbo].[tblCampaign_Summary];
activist_insight,2026-05-10 01:35:21.070,[dbo].[tblCostsAndFees],dbo,tblCostsAndFees,1,PK__tblCosts__3213E83FA29F0536,CLUSTERED,1,1,0,0,0,NULL,0,PRIMARY,id,NULL,1,4,id,NULL,id||,46905,1,3.37,1820,9006,0,3407,10826,3.18,7419,2026-09-02 08:45:58.107,2026-09-02 08:45:53.780,NULL,2026-09-02 08:45:58.107,"CREATE UNIQUE CLUSTERED INDEX [PK__tblCosts__3213E83FA29F0536] ON [dbo].[tblCostsAndFees] ([id] ASC) WITH (DROP_EXISTING = OFF, ONLINE = ON) ON [PRIMARY];","-- Constraint-backed, review before dropping: ALTER TABLE [dbo].[tblCostsAndFees] DROP CONSTRAINT [PK__tblCosts__3213E83FA29F0536];"
activist_insight,2026-05-10 01:35:21.070,[dbo].[tblGov_comp_comm],dbo,tblGov_comp_comm,1,PK_tblGov_comp_comm,CLUSTERED,1,1,0,0,0,NULL,0,PRIMARY,gov_comp_comm_id,NULL,1,4,gov_comp_comm_id,NULL,gov_comp_comm_id||,45785,1,15.34,3775,15123,0,15039,18898,1.26,3859,2026-09-02 08:55:05.987,2026-06-28 02:00:02.730,NULL,2026-09-02 08:55:05.987,"CREATE UNIQUE CLUSTERED INDEX [PK_tblGov_comp_comm] ON [dbo].[tblGov_comp_comm] ([gov_comp_comm_id] ASC) WITH (DROP_EXISTING = OFF, ONLINE = ON) ON [PRIMARY];","-- Constraint-backed, review before dropping: ALTER TABLE [dbo].[tblGov_comp_comm] DROP CONSTRAINT [PK_tblGov_comp_comm];"
activist_insight,2026-05-10 01:35:21.070,[dbo].[tblGov_comp_comm],dbo,tblGov_comp_comm,8,IX_tblGov_comp_comm_PID_gov_comm_id,NONCLUSTERED,0,0,0,0,0,NULL,95,PRIMARY,"PID, gov_comm_id","URL, chair_director_id, chair2_director_id",2,8,"pid, gov_comm_id","chair_director_id, chair2_director_id, url","pid, gov_comm_id|chair_director_id, chair2_director_id, url|",45785,1,11.52,2177616,1820,0,15039,2179436,144.92,2164397,2026-09-02 09:02:53.823,2026-09-02 09:00:05.037,NULL,2026-09-02 08:55:05.987,"CREATE NONCLUSTERED INDEX [IX_tblGov_comp_comm_PID_gov_comm_id] ON [dbo].[tblGov_comp_comm] ([PID] ASC, [gov_comm_id] ASC) INCLUDE (URL, chair_director_id, chair2_director_id) WITH (DROP_EXISTING = OFF, ONLINE = ON, FILLFACTOR = 95) ON [PRIMARY];",DROP INDEX [IX_tblGov_comp_comm_PID_gov_comm_id] ON [dbo].[tblGov_comp_comm];
activist_insight,2026-05-10 01:35:21.070,[dbo].[tblInstitutional_investment_cache_past_quarters],dbo,tblInstitutional_investment_cache_past_quarters,1,PK_tblInstitutional_investment_cache_past_quarters,CLUSTERED,1,1,0,0,0,NULL,0,PRIMARY,Entry_id,NULL,1,4,entry_id,NULL,entry_id||,45510,1,1.73,0,2,0,0,2,NULL,2,NULL,2026-06-05 14:03:30.893,NULL,NULL,"CREATE UNIQUE CLUSTERED INDEX [PK_tblInstitutional_investment_cache_past_quarters] ON [dbo].[tblInstitutional_investment_cache_past_quarters] ([Entry_id] ASC) WITH (DROP_EXISTING = OFF, ONLINE = ON) ON [PRIMARY];","-- Constraint-backed, review before dropping: ALTER TABLE [dbo].[tblInstitutional_investment_cache_past_quarters] DROP CONSTRAINT [PK_tblInstitutional_investment_cache_past_quarters];"
activist_insight,2026-05-10 01:35:21.070,[dbo].[tblScraped_filings_raw],dbo,tblScraped_filings_raw,1,PK_tblScraped_filings_raw,CLUSTERED,1,1,0,0,0,NULL,0,PRIMARY,id,NULL,1,4,id,NULL,id||,45081,1,55.84,7,1310116,127069,719841,1437192,2.00,717351,2026-08-03 15:57:49.620,2026-09-02 09:02:27.480,2026-09-02 09:02:27.480,2026-09-02 09:02:27.837,"CREATE UNIQUE CLUSTERED INDEX [PK_tblScraped_filings_raw] ON [dbo].[tblScraped_filings_raw] ([id] ASC) WITH (DROP_EXISTING = OFF, ONLINE = ON) ON [PRIMARY];","-- Constraint-backed, review before dropping: ALTER TABLE [dbo].[tblScraped_filings_raw] DROP CONSTRAINT [PK_tblScraped_filings_raw];"
activist_insight,2026-05-10 01:35:21.070,[dbo].[tblScraped_filings_raw],dbo,tblScraped_filings_raw,14,IX_tblScraped_filings_raw_set_updated,NONCLUSTERED,0,0,0,0,0,NULL,0,PRIMARY,"scraped_filings_raw_set_id, updated",NULL,2,12,"scraped_filings_raw_set_id, updated",NULL,"scraped_filings_raw_set_id, updated||",45081,1,12.84,235964,26450,0,218109,262414,1.20,44305,2026-09-02 09:02:27.807,2026-09-02 09:02:27.837,NULL,2026-09-02 09:02:27.837,"CREATE NONCLUSTERED INDEX [IX_tblScraped_filings_raw_set_updated] ON [dbo].[tblScraped_filings_raw] ([scraped_filings_raw_set_id] ASC, [updated] ASC) WITH (DROP_EXISTING = OFF, ONLINE = ON) ON [PRIMARY];",DROP INDEX [IX_tblScraped_filings_raw_set_updated] ON [dbo].[tblScraped_filings_raw];
activist_insight,2026-05-10 01:35:21.070,[dbo].[tblFiling_FinancialDirector_link],dbo,tblFiling_FinancialDirector_link,1,PK__tblFilin__6EDBF407DD563CED,CLUSTERED,1,1,0,0,0,NULL,0,PRIMARY,filing_financialDirector_link_id,NULL,1,4,filing_financialdirector_link_id,NULL,filing_financialdirector_link_id||,44376,1,4.27,0,51326,0,9999,51326,5.13,41327,NULL,2026-09-02 08:59:57.333,NULL,2026-09-02 08:59:48.597,"CREATE UNIQUE CLUSTERED INDEX [PK__tblFilin__6EDBF407DD563CED] ON [dbo].[tblFiling_FinancialDirector_link] ([filing_financialDirector_link_id] ASC) WITH (DROP_EXISTING = OFF, ONLINE = ON) ON [PRIMARY];","-- Constraint-backed, review before dropping: ALTER TABLE [dbo].[tblFiling_FinancialDirector_link] DROP CONSTRAINT [PK__tblFilin__6EDBF407DD563CED];"
activist_insight,2026-05-10 01:35:21.070,[dbo].[rawImportCGICompensationEMEA_Planbased],dbo,rawImportCGICompensationEMEA_Planbased,0,NULL,HEAP,0,0,0,0,0,NULL,0,PRIMARY,NULL,NULL,0,0,NULL,NULL,||,44081,1,27.86,NULL,NULL,NULL,NULL,0,NULL,0,NULL,NULL,NULL,NULL,NULL,NULL
activist_insight,2026-05-10 01:35:21.070,[dbo].[tblinvestor_search],dbo,tblinvestor_search,0,NULL,HEAP,0,0,0,0,0,NULL,0,PRIMARY,NULL,NULL,0,0,NULL,NULL,||,43513,1,2.80,0,266056,264166,1452,530222,365.17,528770,NULL,2026-09-02 09:02:52.800,2026-09-02 09:02:53.077,2026-09-02 09:02:50.820,NULL,NULL
activist_insight,2026-05-10 01:35:21.070,[dbo].[tblinvestor_search],dbo,tblinvestor_search,2,NonClusteredIndex-20210707-095133,NONCLUSTERED,0,0,0,0,0,NULL,0,PRIMARY,investor_search_id,"aum_min, aum_max",1,4,investor_search_id,"aum_max, aum_min","investor_search_id|aum_max, aum_min|",43513,1,1.96,295205,2019,0,1449,297224,205.12,295775,2026-09-02 09:02:53.077,2026-05-19 16:12:17.807,NULL,2026-09-02 09:02:50.820,"CREATE NONCLUSTERED INDEX [NonClusteredIndex-20210707-095133] ON [dbo].[tblinvestor_search] ([investor_search_id] ASC) INCLUDE (aum_min, aum_max) WITH (DROP_EXISTING = OFF, ONLINE = ON) ON [PRIMARY];",DROP INDEX [NonClusteredIndex-20210707-095133] ON [dbo].[tblinvestor_search];
activist_insight,2026-05-10 01:35:21.070,[dbo].[tblMarket_caps_generated],dbo,tblMarket_caps_generated,1,PK_tblMarket_caps_generated,CLUSTERED,1,1,0,0,0,NULL,0,PRIMARY,PID,NULL,1,4,pid,NULL,pid||,43199,1,6.45,114814,388258,0,252,503072,1996.32,502820,2026-09-02 09:00:34.647,2026-09-02 09:00:32.323,NULL,2026-09-02 05:33:40.670,"CREATE UNIQUE CLUSTERED INDEX [PK_tblMarket_caps_generated] ON [dbo].[tblMarket_caps_generated] ([PID] ASC) WITH (DROP_EXISTING = OFF, ONLINE = ON) ON [PRIMARY];","-- Constraint-backed, review before dropping: ALTER TABLE [dbo].[tblMarket_caps_generated] DROP CONSTRAINT [PK_tblMarket_caps_generated];"
activist_insight,2026-05-10 01:35:21.070,[dbo].[tblV2a_stored_filing_elements],dbo,tblV2a_stored_filing_elements,1,PK_tblV2a_stored_filing_elements,CLUSTERED,1,1,0,0,0,NULL,0,PRIMARY,stored_filing_element_id,NULL,1,4,stored_filing_element_id,NULL,stored_filing_element_id||,43003,1,7.13,0,2,0,0,2,NULL,2,NULL,2026-06-05 14:03:35.607,NULL,NULL,"CREATE UNIQUE CLUSTERED INDEX [PK_tblV2a_stored_filing_elements] ON [dbo].[tblV2a_stored_filing_elements] ([stored_filing_element_id] ASC) WITH (DROP_EXISTING = OFF, ONLINE = ON) ON [PRIMARY];","-- Constraint-backed, review before dropping: ALTER TABLE [dbo].[tblV2a_stored_filing_elements] DROP CONSTRAINT [PK_tblV2a_stored_filing_elements];"
activist_insight,2026-05-10 01:35:21.070,[dbo].[tblVulnerability_scores_rpm_backup],dbo,tblVulnerability_scores_rpm_backup,1,PK_tblVulnerability_scores_rpm_backup,CLUSTERED,1,1,0,0,0,NULL,0,PRIMARY,vulnerability_score_id,NULL,1,4,vulnerability_score_id,NULL,vulnerability_score_id||,39179,1,1.95,0,2,0,0,2,NULL,2,NULL,2026-06-05 14:03:10.127,NULL,NULL,"CREATE UNIQUE CLUSTERED INDEX [PK_tblVulnerability_scores_rpm_backup] ON [dbo].[tblVulnerability_scores_rpm_backup] ([vulnerability_score_id] ASC) WITH (DROP_EXISTING = OFF, ONLINE = ON) ON [PRIMARY];","-- Constraint-backed, review before dropping: ALTER TABLE [dbo].[tblVulnerability_scores_rpm_backup] DROP CONSTRAINT [PK_tblVulnerability_scores_rpm_backup];"
activist_insight,2026-05-10 01:35:21.070,[dbo].[tblUsers_secure],dbo,tblUsers_secure,1,PK_tblUsers,CLUSTERED,1,1,0,0,0,NULL,0,PRIMARY,User_Id,NULL,1,4,user_id,NULL,user_id||,38680,1,28.45,2005592,11102,92299,201509,2108993,10.47,1907484,2026-09-02 09:02:53.763,2026-09-02 07:57:51.990,2026-09-02 09:02:51.813,2026-09-02 09:01:14.907,"CREATE UNIQUE CLUSTERED INDEX [PK_tblUsers] ON [dbo].[tblUsers_secure] ([User_Id] ASC) WITH (DROP_EXISTING = OFF, ONLINE = ON) ON [PRIMARY];","-- Constraint-backed, review before dropping: ALTER TABLE [dbo].[tblUsers_secure] DROP CONSTRAINT [PK_tblUsers];"
activist_insight,2026-05-10 01:35:21.070,[dbo].[tblUsers_secure],dbo,tblUsers_secure,34,UC_email,NONCLUSTERED,1,0,1,0,0,NULL,0,PRIMARY,Email,NULL,1,100,email,NULL,email||,38680,1,3.28,93065,447,0,1014,93512,92.22,92498,2026-09-02 09:02:51.813,2026-09-01 15:58:12.070,NULL,2026-09-02 07:58:37.143,"CREATE UNIQUE NONCLUSTERED INDEX [UC_email] ON [dbo].[tblUsers_secure] ([Email] ASC) WITH (DROP_EXISTING = OFF, ONLINE = ON) ON [PRIMARY];","-- Constraint-backed, review before dropping: ALTER TABLE [dbo].[tblUsers_secure] DROP CONSTRAINT [UC_email];"
activist_insight,2026-05-10 01:35:21.070,[dbo].[tblDashboard_widget_link],dbo,tblDashboard_widget_link,1,PK_tblDashboard_widget_link,CLUSTERED,1,1,0,0,0,NULL,0,PRIMARY,dashboard_widget_link_id,NULL,1,4,dashboard_widget_link_id,NULL,dashboard_widget_link_id||,38155,1,11.24,219179,293348,0,23542,512527,21.77,488985,2026-09-02 08:55:36.220,2026-09-02 09:02:52.500,NULL,2026-09-02 08:55:24.727,"CREATE UNIQUE CLUSTERED INDEX [PK_tblDashboard_widget_link] ON [dbo].[tblDashboard_widget_link] ([dashboard_widget_link_id] ASC) WITH (DROP_EXISTING = OFF, ONLINE = ON) ON [PRIMARY];","-- Constraint-backed, review before dropping: ALTER TABLE [dbo].[tblDashboard_widget_link] DROP CONSTRAINT [PK_tblDashboard_widget_link];"
activist_insight,2026-05-10 01:35:21.070,[dbo].[tblGroup_joint_demands_calculated],dbo,tblGroup_joint_demands_calculated,1,udx_tblGroup_joint_demands_calculated_campaign_number,CLUSTERED,1,0,0,0,0,NULL,0,PRIMARY,"campaign_number, campaign_summary_id",NULL,2,8,"campaign_number, campaign_summary_id",NULL,"campaign_number, campaign_summary_id||",36915,1,8.12,165446,239834,0,3266,405280,124.09,402014,2026-09-02 09:01:14.480,2026-09-02 09:01:14.137,NULL,2026-09-02 08:23:03.967,"CREATE UNIQUE CLUSTERED INDEX [udx_tblGroup_joint_demands_calculated_campaign_number] ON [dbo].[tblGroup_joint_demands_calculated] ([campaign_number] ASC, [campaign_summary_id] ASC) WITH (DROP_EXISTING = OFF, ONLINE = ON) ON [PRIMARY];",DROP INDEX [udx_tblGroup_joint_demands_calculated_campaign_number] ON [dbo].[tblGroup_joint_demands_calculated];
activist_insight,2026-05-10 01:35:21.070,[dbo].[tblSc13g_error_log],dbo,tblSc13g_error_log,1,PK_tblSc13g_error_log,CLUSTERED,1,1,0,0,0,NULL,0,PRIMARY,sc13g_error_log_id,NULL,1,4,sc13g_error_log_id,NULL,sc13g_error_log_id||,35863,1,2.84,0,0,0,0,0,NULL,0,NULL,NULL,NULL,NULL,"CREATE UNIQUE CLUSTERED INDEX [PK_tblSc13g_error_log] ON [dbo].[tblSc13g_error_log] ([sc13g_error_log_id] ASC) WITH (DROP_EXISTING = OFF, ONLINE = ON) ON [PRIMARY];","-- Constraint-backed, review before dropping: ALTER TABLE [dbo].[tblSc13g_error_log] DROP CONSTRAINT [PK_tblSc13g_error_log];"
activist_insight,2026-05-10 01:35:21.070,[dbo].[rawImportCGICompensationEMEA_DirectorCompensation],dbo,rawImportCGICompensationEMEA_DirectorCompensation,0,NULL,HEAP,0,0,0,0,0,NULL,0,PRIMARY,NULL,NULL,0,0,NULL,NULL,||,35331,1,7.05,0,116,0,0,116,NULL,116,NULL,2026-09-02 02:45:18.450,NULL,NULL,NULL,NULL
activist_insight,2026-05-10 01:35:21.070,[dbo].[tblleven_request],dbo,tblleven_request,0,NULL,HEAP,0,0,0,0,0,NULL,0,PRIMARY,NULL,NULL,0,0,NULL,NULL,||,35199,1,2.51,0,3781334,0,1161,3781334,3256.96,3780173,NULL,2026-09-02 09:02:50.700,NULL,2026-09-02 02:06:25.737,NULL,NULL
activist_insight,2026-05-10 01:35:21.070,[dbo].[tblrecent_downloads_pdf],dbo,tblrecent_downloads_pdf,1,CI_tblrecent_downloads_pdf_user_id_created_date,CLUSTERED,0,0,0,0,0,NULL,95,PRIMARY,"user_id, created_date",NULL,2,12,"user_id, created_date",NULL,"user_id, created_date||",33431,1,9.98,6485848,350,6908,6638,6493106,978.17,6486468,2026-09-02 09:02:53.303,2026-09-02 08:50:56.653,2026-09-02 08:58:32.670,2026-09-02 08:58:28.707,"CREATE CLUSTERED INDEX [CI_tblrecent_downloads_pdf_user_id_created_date] ON [dbo].[tblrecent_downloads_pdf] ([user_id] ASC, [created_date] DESC) WITH (DROP_EXISTING = OFF, ONLINE = ON, FILLFACTOR = 95) ON [PRIMARY];",DROP INDEX [CI_tblrecent_downloads_pdf_user_id_created_date] ON [dbo].[tblrecent_downloads_pdf];
activist_insight,2026-05-10 01:35:21.070,[dbo].[tblrecent_downloads_pdf],dbo,tblrecent_downloads_pdf,6,IX_tblrecent_downloads_pdf_user_id_expired,NONCLUSTERED,0,0,0,0,0,NULL,95,PRIMARY,"user_id, expired",created_date,2,8,"user_id, expired",created_date,"user_id, expired|created_date|",33431,1,1.98,0,0,0,3904,0,0.00,-3904,NULL,NULL,NULL,2026-09-02 08:57:32.220,"CREATE NONCLUSTERED INDEX [IX_tblrecent_downloads_pdf_user_id_expired] ON [dbo].[tblrecent_downloads_pdf] ([user_id] ASC, [expired] ASC) INCLUDE (created_date) WITH (DROP_EXISTING = OFF, ONLINE = ON, FILLFACTOR = 95) ON [PRIMARY];",DROP INDEX [IX_tblrecent_downloads_pdf_user_id_expired] ON [dbo].[tblrecent_downloads_pdf];
activist_insight,2026-05-10 01:35:21.070,[dbo].[tblrecent_downloads_pdf],dbo,tblrecent_downloads_pdf,7,PK_tblrecent_downloads_pdf,NONCLUSTERED,1,1,0,0,0,NULL,0,PRIMARY,recent_downloads_id,NULL,1,4,recent_downloads_id,NULL,recent_downloads_id||,33431,1,0.84,8270,0,0,3339,8270,2.48,4931,2026-09-02 08:58:32.670,NULL,NULL,2026-09-02 08:57:32.220,"CREATE UNIQUE NONCLUSTERED INDEX [PK_tblrecent_downloads_pdf] ON [dbo].[tblrecent_downloads_pdf] ([recent_downloads_id] ASC) WITH (DROP_EXISTING = OFF, ONLINE = ON) ON [PRIMARY];","-- Constraint-backed, review before dropping: ALTER TABLE [dbo].[tblrecent_downloads_pdf] DROP CONSTRAINT [PK_tblrecent_downloads_pdf];"
activist_insight,2026-05-10 01:35:21.070,[dbo].[tblCompany_assets],dbo,tblCompany_assets,1,PK_tblCompany_assets,CLUSTERED,1,1,0,0,0,NULL,0,PRIMARY,asset_id,NULL,1,4,asset_id,NULL,asset_id||,31853,1,2.50,0,108201,202858,1266,311059,245.70,309793,NULL,2026-09-02 08:56:52.630,2026-09-02 09:02:51.127,2026-08-11 14:32:00.590,"CREATE UNIQUE CLUSTERED INDEX [PK_tblCompany_assets] ON [dbo].[tblCompany_assets] ([asset_id] ASC) WITH (DROP_EXISTING = OFF, ONLINE = ON) ON [PRIMARY];","-- Constraint-backed, review before dropping: ALTER TABLE [dbo].[tblCompany_assets] DROP CONSTRAINT [PK_tblCompany_assets];"
activist_insight,2026-05-10 01:35:21.070,[dbo].[tblCompany_assets],dbo,tblCompany_assets,7,idx_asset_currency,NONCLUSTERED,0,0,0,0,0,NULL,0,PRIMARY,currency,NULL,1,3,currency,NULL,currency||,31853,1,1.12,0,0,0,1266,0,0.00,-1266,NULL,NULL,NULL,2026-08-11 14:32:00.590,"CREATE NONCLUSTERED INDEX [idx_asset_currency] ON [dbo].[tblCompany_assets] ([currency] ASC) WITH (DROP_EXISTING = OFF, ONLINE = ON) ON [PRIMARY];",DROP INDEX [idx_asset_currency] ON [dbo].[tblCompany_assets];
activist_insight,2026-05-10 01:35:21.070,[dbo].[tblCompany_assets],dbo,tblCompany_assets,8,NonClusteredIndex-20161013-121739,NONCLUSTERED,0,0,0,0,0,NULL,0,PRIMARY,company_id,NULL,1,4,company_id,NULL,company_id||,31853,1,1.10,1801,2,0,1266,1803,1.42,537,2026-09-02 07:09:05.690,2026-06-02 14:31:36.370,NULL,2026-08-11 14:32:00.590,"CREATE NONCLUSTERED INDEX [NonClusteredIndex-20161013-121739] ON [dbo].[tblCompany_assets] ([company_id] ASC) WITH (DROP_EXISTING = OFF, ONLINE = ON) ON [PRIMARY];",DROP INDEX [NonClusteredIndex-20161013-121739] ON [dbo].[tblCompany_assets];
activist_insight,2026-05-10 01:35:21.070,[dbo].[tblCompany_assets],dbo,tblCompany_assets,9,NonClusteredIndex-20161013-121756,NONCLUSTERED,0,0,0,0,0,NULL,0,PRIMARY,assets_date,NULL,1,3,assets_date,NULL,assets_date||,31853,1,1.41,0,0,0,1266,0,0.00,-1266,NULL,NULL,NULL,2026-08-11 14:32:00.590,"CREATE NONCLUSTERED INDEX [NonClusteredIndex-20161013-121756] ON [dbo].[tblCompany_assets] ([assets_date] ASC) WITH (DROP_EXISTING = OFF, ONLINE = ON) ON [PRIMARY];",DROP INDEX [NonClusteredIndex-20161013-121756] ON [dbo].[tblCompany_assets];
activist_insight,2026-05-10 01:35:21.070,[dbo].[tblCompany_assets],dbo,tblCompany_assets,11,NonClusteredIndex-20171006-125255,NONCLUSTERED,0,0,0,0,0,NULL,0,PRIMARY,"assets_date, company_id",assets_under_mgmt,2,7,"assets_date, company_id",assets_under_mgmt,"assets_date, company_id|assets_under_mgmt|",31853,1,1.88,18153,0,0,1266,18153,14.34,16887,2026-08-04 08:12:02.040,NULL,NULL,2026-08-11 14:32:00.590,"CREATE NONCLUSTERED INDEX [NonClusteredIndex-20171006-125255] ON [dbo].[tblCompany_assets] ([assets_date] DESC, [company_id] ASC) INCLUDE (assets_under_mgmt) WITH (DROP_EXISTING = OFF, ONLINE = ON) ON [PRIMARY];",DROP INDEX [NonClusteredIndex-20171006-125255] ON [dbo].[tblCompany_assets];
activist_insight,2026-05-10 01:35:21.070,[dbo].[tblCompany_assets],dbo,tblCompany_assets,13,NonClusteredIndex-20171212-164447,NONCLUSTERED,0,0,0,0,0,NULL,0,PRIMARY,"company_id, assets_date, assets_under_mgmt",NULL,3,11,"company_id, assets_date, assets_under_mgmt",NULL,"company_id, assets_date, assets_under_mgmt||",31853,1,1.45,262561,1488,0,1266,264049,208.57,262783,2026-09-02 09:02:51.260,2026-09-02 08:56:52.540,NULL,2026-08-11 14:32:00.590,"CREATE NONCLUSTERED INDEX [NonClusteredIndex-20171212-164447] ON [dbo].[tblCompany_assets] ([company_id] ASC, [assets_date] DESC, [assets_under_mgmt] DESC) WITH (DROP_EXISTING = OFF, ONLINE = ON) ON [PRIMARY];",DROP INDEX [NonClusteredIndex-20171212-164447] ON [dbo].[tblCompany_assets];
activist_insight,2026-05-10 01:35:21.070,[dbo].[tblAddress],dbo,tblAddress,20,U_Address_RP_AddressId,NONCLUSTERED,1,0,0,0,1,([RP_AddressId] IS NOT NULL),0,PRIMARY,RP_AddressId,NULL,1,40,rp_addressid,NULL,rp_addressid||([rp_addressid] is not null),30403,1,2.89,2,0,0,35038,2,0.00,-35036,2026-07-27 13:31:51.697,NULL,NULL,2026-09-02 08:56:02.530,"CREATE UNIQUE NONCLUSTERED INDEX [U_Address_RP_AddressId] ON [dbo].[tblAddress] ([RP_AddressId] ASC) WHERE ([RP_AddressId] IS NOT NULL) WITH (DROP_EXISTING = OFF, ONLINE = ON) ON [PRIMARY];",DROP INDEX [U_Address_RP_AddressId] ON [dbo].[tblAddress];
activist_insight,2026-05-10 01:35:21.070,[dbo].[tVoting_Sync_Status],dbo,tVoting_Sync_Status,4,IX_tVoting_Sync_Status_Pending,NONCLUSTERED,0,0,0,0,1,"([SyncStatus] IN ('Pending', 'Failed'))",0,PRIMARY,"RunID, SyncType, SyncStatus, InvestorID, MeetingYear",NULL,5,82,"runid, synctype, syncstatus, investorid, meetingyear",NULL,"runid, synctype, syncstatus, investorid, meetingyear||([syncstatus] in ('pending', 'failed'))",29558,1,2.42,NULL,NULL,NULL,NULL,0,NULL,0,NULL,NULL,NULL,NULL,"CREATE NONCLUSTERED INDEX [IX_tVoting_Sync_Status_Pending] ON [dbo].[tVoting_Sync_Status] ([RunID] ASC, [SyncType] ASC, [SyncStatus] ASC, [InvestorID] ASC, [MeetingYear] ASC) WHERE ([SyncStatus] IN ('Pending', 'Failed')) WITH (DROP_EXISTING = OFF, ONLINE = ON) ON [PRIMARY];",DROP INDEX [IX_tVoting_Sync_Status_Pending] ON [dbo].[tVoting_Sync_Status];
activist_insight,2026-05-10 01:35:21.070,[dbo].[tbl13d_data],dbo,tbl13d_data,1,PK_tbl13d_data,CLUSTERED,1,1,0,0,0,NULL,0,PRIMARY,filing_id,NULL,1,4,filing_id,NULL,filing_id||,29185,1,13.19,1601,22503,450464,1356,474568,349.98,473212,2026-09-02 08:59:09.190,2026-09-02 09:00:45.057,2026-09-02 09:01:16.440,2026-09-02 08:59:07.690,"CREATE UNIQUE CLUSTERED INDEX [PK_tbl13d_data] ON [dbo].[tbl13d_data] ([filing_id] ASC) WITH (DROP_EXISTING = OFF, ONLINE = ON) ON [PRIMARY];","-- Constraint-backed, review before dropping: ALTER TABLE [dbo].[tbl13d_data] DROP CONSTRAINT [PK_tbl13d_data];"
activist_insight,2026-05-10 01:35:21.070,[dbo].[tbl13d_data],dbo,tbl13d_data,26,NonClusteredIndex-20170203-164612,NONCLUSTERED,0,0,0,0,0,NULL,0,PRIMARY,"activist_id, company_id, filing_date",NULL,3,16,"activist_id, company_id, filing_date",NULL,"activist_id, company_id, filing_date||",29185,1,1.86,426818,131699,0,485,558517,1151.58,558032,2026-09-02 09:01:16.440,2026-09-02 09:01:14.993,NULL,2026-09-02 08:59:07.687,"CREATE NONCLUSTERED INDEX [NonClusteredIndex-20170203-164612] ON [dbo].[tbl13d_data] ([activist_id] ASC, [company_id] ASC, [filing_date] ASC) WITH (DROP_EXISTING = OFF, ONLINE = ON) ON [PRIMARY];",DROP INDEX [NonClusteredIndex-20170203-164612] ON [dbo].[tbl13d_data];
activist_insight,2026-05-10 01:35:21.070,[dbo].[tblDirector_Policy],dbo,tblDirector_Policy,1,PK__tblDirec__2E94D7780DF1E660,CLUSTERED,1,1,0,0,0,NULL,0,PRIMARY,director_policy_id,NULL,1,4,director_policy_id,NULL,director_policy_id||,27192,1,4.14,0,118,0,232,118,0.51,-114,NULL,2026-09-02 02:45:38.127,NULL,2026-09-02 02:45:38.487,"CREATE UNIQUE CLUSTERED INDEX [PK__tblDirec__2E94D7780DF1E660] ON [dbo].[tblDirector_Policy] ([director_policy_id] ASC) WITH (DROP_EXISTING = OFF, ONLINE = ON) ON [PRIMARY];","-- Constraint-backed, review before dropping: ALTER TABLE [dbo].[tblDirector_Policy] DROP CONSTRAINT [PK__tblDirec__2E94D7780DF1E660];"
activist_insight,2026-05-10 01:35:21.070,[dbo].[tblGov_shareholder_activism],dbo,tblGov_shareholder_activism,1,PK_tblGov_shareholder_activism,CLUSTERED,1,1,0,0,0,NULL,0,PRIMARY,shareholder_activism_id,NULL,1,4,shareholder_activism_id,NULL,shareholder_activism_id||,26741,1,23.01,1228,25491,22746,1298,49465,38.11,48167,2026-09-02 08:46:39.293,2026-09-02 09:02:41.693,2026-09-02 09:02:50.120,2026-09-02 08:46:39.293,"CREATE UNIQUE CLUSTERED INDEX [PK_tblGov_shareholder_activism] ON [dbo].[tblGov_shareholder_activism] ([shareholder_activism_id] ASC) WITH (DROP_EXISTING = OFF, ONLINE = ON) ON [PRIMARY];","-- Constraint-backed, review before dropping: ALTER TABLE [dbo].[tblGov_shareholder_activism] DROP CONSTRAINT [PK_tblGov_shareholder_activism];"
activist_insight,2026-05-10 01:35:21.070,[dbo].[tblGov_shareholder_activism],dbo,tblGov_shareholder_activism,11,NonClusteredIndex-20180823-171122,NONCLUSTERED,0,0,0,0,0,NULL,0,PRIMARY,"pid, gov_metric_id, date",yes_no_todel,3,16,"pid, gov_metric_id, date",yes_no_todel,"pid, gov_metric_id, date|yes_no_todel|",26741,1,1.79,129259,1713,0,1298,130972,100.90,129674,2026-09-02 09:02:50.120,2026-09-02 09:02:48.363,NULL,2026-09-02 08:46:39.293,"CREATE NONCLUSTERED INDEX [NonClusteredIndex-20180823-171122] ON [dbo].[tblGov_shareholder_activism] ([pid] ASC, [gov_metric_id] ASC, [date] DESC) INCLUDE (yes_no_todel) WITH (DROP_EXISTING = OFF, ONLINE = ON) ON [PRIMARY];",DROP INDEX [NonClusteredIndex-20180823-171122] ON [dbo].[tblGov_shareholder_activism];
activist_insight,2026-05-10 01:35:21.070,[dbo].[tbloutstanding_award_option_price_link],dbo,tbloutstanding_award_option_price_link,1,PK_tbloutstanding_award_option_price_link,CLUSTERED,1,1,0,0,0,NULL,0,PRIMARY,outstanding_award_id,NULL,1,4,outstanding_award_id,NULL,outstanding_award_id||,26576,1,2.77,8330,9565,0,9034,17895,1.98,8861,2026-09-02 08:56:04.123,2026-09-02 09:02:30.757,NULL,2026-09-02 09:02:30.757,"CREATE UNIQUE CLUSTERED INDEX [PK_tbloutstanding_award_option_price_link] ON [dbo].[tbloutstanding_award_option_price_link] ([outstanding_award_id] ASC) WITH (DROP_EXISTING = OFF, ONLINE = ON) ON [PRIMARY];","-- Constraint-backed, review before dropping: ALTER TABLE [dbo].[tbloutstanding_award_option_price_link] DROP CONSTRAINT [PK_tbloutstanding_award_option_price_link];"
activist_insight,2026-05-10 01:35:21.070,[dbo].[tblNotified_stakes],dbo,tblNotified_stakes,1,PK_tblNotified_stakes,CLUSTERED,1,1,0,0,0,NULL,0,PRIMARY,notified_id,NULL,1,4,notified_id,NULL,notified_id||,26321,1,9.44,7182,894233,149760,3050,1051175,344.65,1048125,2026-09-02 08:57:16.640,2026-09-02 09:02:53.333,2026-09-02 09:01:14.993,2026-09-02 08:57:08.127,"CREATE UNIQUE CLUSTERED INDEX [PK_tblNotified_stakes] ON [dbo].[tblNotified_stakes] ([notified_id] ASC) WITH (DROP_EXISTING = OFF, ONLINE = ON) ON [PRIMARY];","-- Constraint-backed, review before dropping: ALTER TABLE [dbo].[tblNotified_stakes] DROP CONSTRAINT [PK_tblNotified_stakes];"
activist_insight,2026-05-10 01:35:21.070,[dbo].[tblNotified_stakes],dbo,tblNotified_stakes,24,idx_tblNotified_stakes_activistidcompany_id,NONCLUSTERED,0,0,0,0,0,NULL,0,PRIMARY,"activist_id, company_id",NULL,2,8,"activist_id, company_id",NULL,"activist_id, company_id||",26321,1,1.19,140827,1951442,0,968,2092269,2161.43,2091301,2026-09-02 08:59:59.250,2026-09-02 09:02:50.670,NULL,2026-09-02 08:57:08.123,"CREATE NONCLUSTERED INDEX [idx_tblNotified_stakes_activistidcompany_id] ON [dbo].[tblNotified_stakes] ([activist_id] ASC, [company_id] ASC) WITH (DROP_EXISTING = OFF, ONLINE = ON) ON [PRIMARY];",DROP INDEX [idx_tblNotified_stakes_activistidcompany_id] ON [dbo].[tblNotified_stakes];
activist_insight,2026-05-10 01:35:21.070,[dbo].[tblHolding],dbo,tblHolding,1,PK_tblHolding,CLUSTERED,1,1,0,0,0,NULL,0,PRIMARY,holding_id,NULL,1,4,holding_id,NULL,holding_id||,25930,1,4.32,3792,905040,7585605,3109,8494437,2732.21,8491328,2026-09-02 08:33:51.437,2026-09-02 09:02:44.850,2026-09-02 09:02:53.717,2026-09-02 08:37:52.903,"CREATE UNIQUE CLUSTERED INDEX [PK_tblHolding] ON [dbo].[tblHolding] ([holding_id] ASC) WITH (DROP_EXISTING = OFF, ONLINE = ON) ON [PRIMARY];","-- Constraint-backed, review before dropping: ALTER TABLE [dbo].[tblHolding] DROP CONSTRAINT [PK_tblHolding];"
activist_insight,2026-05-10 01:35:21.070,[dbo].[tblHolding],dbo,tblHolding,2,longshort_idx,NONCLUSTERED,0,0,0,0,0,NULL,0,PRIMARY,LongShort,NULL,1,5,longshort,NULL,longshort||,25930,1,0.81,2538,264,0,1845,2802,1.52,957,2026-09-02 08:33:51.430,2026-08-11 02:10:02.017,NULL,2026-09-02 08:37:52.903,"CREATE NONCLUSTERED INDEX [longshort_idx] ON [dbo].[tblHolding] ([LongShort] ASC) WITH (DROP_EXISTING = OFF, ONLINE = ON) ON [PRIMARY];",DROP INDEX [longshort_idx] ON [dbo].[tblHolding];
activist_insight,2026-05-10 01:35:21.070,[dbo].[tblHolding],dbo,tblHolding,3,activistid_idx,NONCLUSTERED,0,0,0,0,0,NULL,0,PRIMARY,activist_id,NULL,1,4,activist_id,NULL,activist_id||,25930,1,1.20,513116,0,0,581,513116,883.16,512535,2026-09-02 09:01:29.517,NULL,NULL,2026-09-02 08:37:52.903,"CREATE NONCLUSTERED INDEX [activistid_idx] ON [dbo].[tblHolding] ([activist_id] ASC) WITH (DROP_EXISTING = OFF, ONLINE = ON) ON [PRIMARY];",DROP INDEX [activistid_idx] ON [dbo].[tblHolding];
activist_insight,2026-05-10 01:35:21.070,[dbo].[tblHolding],dbo,tblHolding,4,companyid_idx,NONCLUSTERED,0,0,0,0,0,NULL,0,PRIMARY,company_id,activist_id,1,4,company_id,activist_id,company_id|activist_id|,25930,1,1.37,7267384,5965,0,581,7273349,12518.67,7272768,2026-09-02 09:02:53.717,2026-09-02 09:00:00.487,NULL,2026-09-02 08:37:52.903,"CREATE NONCLUSTERED INDEX [companyid_idx] ON [dbo].[tblHolding] ([company_id] ASC) INCLUDE (activist_id) WITH (DROP_EXISTING = OFF, ONLINE = ON) ON [PRIMARY];",DROP INDEX [companyid_idx] ON [dbo].[tblHolding];
activist_insight,2026-05-10 01:35:21.070,[dbo].[tblHolding],dbo,tblHolding,5,current_idx,NONCLUSTERED,0,0,0,0,0,NULL,0,PRIMARY,current,NULL,1,1,current,NULL,current||,25930,1,1.12,0,4,0,1845,4,0.00,-1841,NULL,2026-06-19 04:31:10.760,NULL,2026-09-02 08:37:52.903,"CREATE NONCLUSTERED INDEX [current_idx] ON [dbo].[tblHolding] ([current] ASC) WITH (DROP_EXISTING = OFF, ONLINE = ON) ON [PRIMARY];",DROP INDEX [current_idx] ON [dbo].[tblHolding];
activist_insight,2026-05-10 01:35:21.070,[dbo].[tblHolding],dbo,tblHolding,6,idxLongShort_current,NONCLUSTERED,0,0,0,0,0,NULL,0,PRIMARY,"LongShort, current","activist_id, company_id",2,6,"longshort, current","activist_id, company_id","longshort, current|activist_id, company_id|",25930,1,1.77,28069,87691,0,1845,115760,62.74,113915,2026-09-02 09:00:45.530,2026-09-02 09:02:53.717,NULL,2026-09-02 08:37:52.903,"CREATE NONCLUSTERED INDEX [idxLongShort_current] ON [dbo].[tblHolding] ([LongShort] ASC, [current] ASC) INCLUDE (activist_id, company_id) WITH (DROP_EXISTING = OFF, ONLINE = ON) ON [PRIMARY];",DROP INDEX [idxLongShort_current] ON [dbo].[tblHolding];
activist_insight,2026-05-10 01:35:21.070,[dbo].[tblactivist_holdings],dbo,tblactivist_holdings,1,ClusteredIndex-20161108-082103,CLUSTERED,0,0,0,0,0,NULL,0,PRIMARY,"activist_id, company_id, holding_date",NULL,3,16,"activist_id, company_id, holding_date",NULL,"activist_id, company_id, holding_date||",25475,1,5.28,75961,10634,28,4870,86623,17.79,81753,2026-09-02 09:02:27.930,2026-09-02 09:00:24.483,2026-08-09 00:07:54.413,2026-09-02 09:00:24.483,"CREATE CLUSTERED INDEX [ClusteredIndex-20161108-082103] ON [dbo].[tblactivist_holdings] ([activist_id] ASC, [company_id] ASC, [holding_date] ASC) WITH (DROP_EXISTING = OFF, ONLINE = ON) ON [PRIMARY];",DROP INDEX [ClusteredIndex-20161108-082103] ON [dbo].[tblactivist_holdings];
activist_insight,2026-05-10 01:35:21.070,[dbo].[tblactivist_holdings],dbo,tblactivist_holdings,8,pcent_held,NONCLUSTERED,0,0,0,0,0,NULL,0,PRIMARY,pcent_held,company_id,1,9,pcent_held,company_id,pcent_held|company_id|,25475,1,2.67,0,2922,0,4870,2922,0.60,-1948,NULL,2026-09-02 08:56:17.520,NULL,2026-09-02 09:00:24.483,"CREATE NONCLUSTERED INDEX [pcent_held] ON [dbo].[tblactivist_holdings] ([pcent_held] ASC) INCLUDE (company_id) WITH (DROP_EXISTING = OFF, ONLINE = ON) ON [PRIMARY];",DROP INDEX [pcent_held] ON [dbo].[tblactivist_holdings];
activist_insight,2026-05-10 01:35:21.070,[dbo].[tblactivist_holdings],dbo,tblactivist_holdings,10,UQ_tblactivist_holdings_rowguid,NONCLUSTERED,1,0,1,0,0,NULL,0,PRIMARY,rowguid,NULL,1,16,rowguid,NULL,rowguid||,25475,1,2.82,0,0,0,4870,0,0.00,-4870,NULL,NULL,NULL,2026-09-02 09:00:24.483,"CREATE UNIQUE NONCLUSTERED INDEX [UQ_tblactivist_holdings_rowguid] ON [dbo].[tblactivist_holdings] ([rowguid] ASC) WITH (DROP_EXISTING = OFF, ONLINE = ON) ON [PRIMARY];","-- Constraint-backed, review before dropping: ALTER TABLE [dbo].[tblactivist_holdings] DROP CONSTRAINT [UQ_tblactivist_holdings_rowguid];"
activist_insight,2026-05-10 01:35:21.070,[dbo].[tblDetails_Follower_Nightly],dbo,tblDetails_Follower_Nightly,1,udx_tblDetails_Follower_Nightly,CLUSTERED,1,0,0,0,0,NULL,0,PRIMARY,"activist_id, company_id",NULL,2,8,"activist_id, company_id",NULL,"activist_id, company_id||",25464,1,8.31,8010,116,0,232,8126,35.03,7894,2026-09-02 08:53:49.913,2026-09-02 05:33:43.080,NULL,2026-09-02 05:33:43.080,"CREATE UNIQUE CLUSTERED INDEX [udx_tblDetails_Follower_Nightly] ON [dbo].[tblDetails_Follower_Nightly] ([activist_id] ASC, [company_id] ASC) WITH (DROP_EXISTING = OFF, ONLINE = ON) ON [PRIMARY];",DROP INDEX [udx_tblDetails_Follower_Nightly] ON [dbo].[tblDetails_Follower_Nightly];
activist_insight,2026-05-10 01:35:21.070,[dbo].[tblDetails_Follower_Nightly],dbo,tblDetails_Follower_Nightly,2,idxfollower_companyid,NONCLUSTERED,0,0,0,0,0,NULL,0,PRIMARY,company_id,NULL,1,4,company_id,NULL,company_id||,25464,1,0.73,0,234,0,232,234,1.01,2,NULL,2026-09-02 05:33:41.293,NULL,2026-09-02 05:33:43.080,"CREATE NONCLUSTERED INDEX [idxfollower_companyid] ON [dbo].[tblDetails_Follower_Nightly] ([company_id] ASC) WITH (DROP_EXISTING = OFF, ONLINE = ON) ON [PRIMARY];",DROP INDEX [idxfollower_companyid] ON [dbo].[tblDetails_Follower_Nightly];
activist_insight,2026-05-10 01:35:21.070,[dbo].[tblDetails_Follower_Nightly],dbo,tblDetails_Follower_Nightly,4,idxfollower_symbol,NONCLUSTERED,0,0,0,0,0,NULL,0,PRIMARY,symbol,NULL,1,106,symbol,NULL,symbol||,25464,1,1.16,0,0,0,232,0,0.00,-232,NULL,NULL,NULL,2026-09-02 05:33:43.080,"CREATE NONCLUSTERED INDEX [idxfollower_symbol] ON [dbo].[tblDetails_Follower_Nightly] ([symbol] ASC) WITH (DROP_EXISTING = OFF, ONLINE = ON) ON [PRIMARY];",DROP INDEX [idxfollower_symbol] ON [dbo].[tblDetails_Follower_Nightly];
activist_insight,2026-05-10 01:35:21.070,[dbo].[tvoting_votesync],dbo,tvoting_votesync,1,PK_tvoting_votesync,CLUSTERED,1,1,0,0,0,NULL,0,PRIMARY,votesync_id,NULL,1,8,votesync_id,NULL,votesync_id||,25296,1,2.49,0,0,56,225,56,0.25,-169,NULL,NULL,2026-09-02 02:36:06.433,2026-09-02 02:36:06.433,"CREATE UNIQUE CLUSTERED INDEX [PK_tvoting_votesync] ON [dbo].[tvoting_votesync] ([votesync_id] ASC) WITH (DROP_EXISTING = OFF, ONLINE = ON) ON [PRIMARY];","-- Constraint-backed, review before dropping: ALTER TABLE [dbo].[tvoting_votesync] DROP CONSTRAINT [PK_tvoting_votesync];"
activist_insight,2026-05-10 01:35:21.070,[dbo].[tvoting_votesync],dbo,tvoting_votesync,2,IX_tvoting_votesync_datasource_year_operation,NONCLUSTERED,0,0,0,0,0,NULL,0,PRIMARY,"datasource_id, year, operation_type","fund_id, proposal_id, vote_cast, vote_id, insert_date",3,9,"datasource_id, year, operation_type","fund_id, insert_date, proposal_id, vote_cast, vote_id","datasource_id, year, operation_type|fund_id, insert_date, proposal_id, vote_cast, vote_id|",25296,1,2.23,0,0,0,56,0,0.00,-56,NULL,NULL,NULL,2026-09-02 02:36:06.433,"CREATE NONCLUSTERED INDEX [IX_tvoting_votesync_datasource_year_operation] ON [dbo].[tvoting_votesync] ([datasource_id] ASC, [year] ASC, [operation_type] ASC) INCLUDE (fund_id, proposal_id, vote_cast, vote_id, insert_date) WITH (DROP_EXISTING = OFF, ONLINE = ON) ON [PRIMARY];",DROP INDEX [IX_tvoting_votesync_datasource_year_operation] ON [dbo].[tvoting_votesync];
activist_insight,2026-05-10 01:35:21.070,[dbo].[tvoting_votesync],dbo,tvoting_votesync,3,IX_tvoting_votesync_fund_proposal,NONCLUSTERED,0,0,0,0,0,NULL,0,PRIMARY,"fund_id, proposal_id","datasource_id, vote_cast, vote_id, year, operation_type, insert_date",2,8,"fund_id, proposal_id","datasource_id, insert_date, operation_type, vote_cast, vote_id, year","fund_id, proposal_id|datasource_id, insert_date, operation_type, vote_cast, vote_id, year|",25296,1,2.30,0,0,0,56,0,0.00,-56,NULL,NULL,NULL,2026-09-02 02:36:06.433,"CREATE NONCLUSTERED INDEX [IX_tvoting_votesync_fund_proposal] ON [dbo].[tvoting_votesync] ([fund_id] ASC, [proposal_id] ASC) INCLUDE (datasource_id, vote_cast, vote_id, year, operation_type, insert_date) WITH (DROP_EXISTING = OFF, ONLINE = ON) ON [PRIMARY];",DROP INDEX [IX_tvoting_votesync_fund_proposal] ON [dbo].[tvoting_votesync];
activist_insight,2026-05-10 01:35:21.070,[dbo].[tvoting_votesync],dbo,tvoting_votesync,4,IX_tvoting_votesync_insert_date,NONCLUSTERED,0,0,0,0,0,NULL,0,PRIMARY,insert_date,"datasource_id, fund_id, proposal_id, vote_cast, vote_id, operation_type",1,8,insert_date,"datasource_id, fund_id, operation_type, proposal_id, vote_cast, vote_id","insert_date|datasource_id, fund_id, operation_type, proposal_id, vote_cast, vote_id|",25296,1,1.95,0,0,0,56,0,0.00,-56,NULL,NULL,NULL,2026-09-02 02:36:06.433,"CREATE NONCLUSTERED INDEX [IX_tvoting_votesync_insert_date] ON [dbo].[tvoting_votesync] ([insert_date] ASC) INCLUDE (datasource_id, fund_id, proposal_id, vote_cast, vote_id, operation_type) WITH (DROP_EXISTING = OFF, ONLINE = ON) ON [PRIMARY];",DROP INDEX [IX_tvoting_votesync_insert_date] ON [dbo].[tvoting_votesync];
activist_insight,2026-05-10 01:35:21.070,[dbo].[tvoting_votesync],dbo,tvoting_votesync,5,IX_tvoting_votesync_votesyncstatus,NONCLUSTERED,0,0,0,0,0,NULL,0,PRIMARY,votesyncstatus,"votesync_id, datasource_id, fund_id, proposal_id, year",1,2,votesyncstatus,"datasource_id, fund_id, proposal_id, votesync_id, year","votesyncstatus|datasource_id, fund_id, proposal_id, votesync_id, year|",25296,1,1.73,225,0,0,225,225,1.00,0,2026-09-02 02:36:06.433,NULL,NULL,2026-09-02 02:36:06.433,"CREATE NONCLUSTERED INDEX [IX_tvoting_votesync_votesyncstatus] ON [dbo].[tvoting_votesync] ([votesyncstatus] ASC) INCLUDE (votesync_id, datasource_id, fund_id, proposal_id, year) WITH (DROP_EXISTING = OFF, ONLINE = ON) ON [PRIMARY];",DROP INDEX [IX_tvoting_votesync_votesyncstatus] ON [dbo].[tvoting_votesync];
activist_insight,2026-05-10 01:35:21.070,[dbo].[tblSc13d_error_log],dbo,tblSc13d_error_log,1,PK_tblSc13d_error_log,CLUSTERED,1,1,0,0,0,NULL,0,PRIMARY,sc13d_error_log_id,NULL,1,4,sc13d_error_log_id,NULL,sc13d_error_log_id||,24380,1,2.20,0,0,0,0,0,NULL,0,NULL,NULL,NULL,NULL,"CREATE UNIQUE CLUSTERED INDEX [PK_tblSc13d_error_log] ON [dbo].[tblSc13d_error_log] ([sc13d_error_log_id] ASC) WITH (DROP_EXISTING = OFF, ONLINE = ON) ON [PRIMARY];","-- Constraint-backed, review before dropping: ALTER TABLE [dbo].[tblSc13d_error_log] DROP CONSTRAINT [PK_tblSc13d_error_log];"
activist_insight,2026-05-10 01:35:21.070,[dbo].[tblleads],dbo,tblleads,0,NULL,HEAP,0,0,0,0,0,NULL,0,PRIMARY,NULL,NULL,0,0,NULL,NULL,||,24136,1,8.23,0,3854,0,0,3854,NULL,3854,NULL,2026-09-02 07:58:37.160,NULL,NULL,NULL,NULL
activist_insight,2026-05-10 01:35:21.070,[dbo].[tblleads],dbo,tblleads,24,leadid,NONCLUSTERED,0,0,0,0,0,NULL,0,PRIMARY,lead_id,NULL,1,4,lead_id,NULL,lead_id||,24136,1,0.63,3570,7140,0,0,10710,NULL,10710,2026-05-22 11:25:00.920,2026-05-22 11:25:19.377,NULL,NULL,"CREATE NONCLUSTERED INDEX [leadid] ON [dbo].[tblleads] ([lead_id] ASC) WITH (DROP_EXISTING = OFF, ONLINE = ON) ON [PRIMARY];",DROP INDEX [leadid] ON [dbo].[tblleads];
activist_insight,2026-05-10 01:35:21.070,[dbo].[stgFiling_agm_data],dbo,stgFiling_agm_data,0,NULL,HEAP,0,0,0,0,0,NULL,0,PRIMARY,NULL,NULL,0,0,NULL,NULL,||,23982,1,4.26,0,2,0,0,2,NULL,2,NULL,2026-06-05 14:07:29.090,NULL,NULL,NULL,NULL
activist_insight,2026-05-10 01:35:21.070,[dbo].[stgTotalAuditorFees],dbo,stgTotalAuditorFees,0,NULL,HEAP,0,0,0,0,0,NULL,0,PRIMARY,NULL,NULL,0,0,NULL,NULL,||,23982,1,2.41,0,2,0,0,2,NULL,2,NULL,2026-06-05 14:07:29.033,NULL,NULL,NULL,NULL
activist_insight,2026-05-10 01:35:21.070,[dbo].[tmpCIKs_in_calc_job],dbo,tmpCIKs_in_calc_job,1,PK_tmpCIKs_in_calc_job,CLUSTERED,1,1,0,0,0,NULL,0,PRIMARY,tmp_id,NULL,1,4,tmp_id,NULL,tmp_id||,23554,1,0.51,0,1050,0,63,1050,16.67,987,NULL,2026-09-02 09:02:39.147,NULL,2026-08-27 12:29:37.830,"CREATE UNIQUE CLUSTERED INDEX [PK_tmpCIKs_in_calc_job] ON [dbo].[tmpCIKs_in_calc_job] ([tmp_id] ASC) WITH (DROP_EXISTING = OFF, ONLINE = ON) ON [PRIMARY];","-- Constraint-backed, review before dropping: ALTER TABLE [dbo].[tmpCIKs_in_calc_job] DROP CONSTRAINT [PK_tmpCIKs_in_calc_job];"
activist_insight,2026-05-10 01:35:21.070,[dbo].[tblproxy_statement_meeting_address],dbo,tblproxy_statement_meeting_address,0,NULL,HEAP,0,0,0,0,0,NULL,0,PRIMARY,NULL,NULL,0,0,NULL,NULL,||,22851,1,1.00,0,8703,0,1133,8703,7.68,7570,NULL,2026-09-02 08:47:41.357,NULL,2026-09-02 07:28:49.843,NULL,NULL
activist_insight,2026-05-10 01:35:21.070,[dbo].[tblGovernance],dbo,tblGovernance,1,PK_tblGovernance,CLUSTERED,1,1,0,0,0,NULL,0,PRIMARY,Governance_id,NULL,1,4,governance_id,NULL,governance_id||,22476,1,3.18,835,80259,0,1478,81094,54.87,79616,2026-09-01 12:08:30.630,2026-09-02 09:01:53.187,NULL,2026-09-02 08:48:10.973,"CREATE UNIQUE CLUSTERED INDEX [PK_tblGovernance] ON [dbo].[tblGovernance] ([Governance_id] ASC) WITH (DROP_EXISTING = OFF, ONLINE = ON) ON [PRIMARY];","-- Constraint-backed, review before dropping: ALTER TABLE [dbo].[tblGovernance] DROP CONSTRAINT [PK_tblGovernance];"
activist_insight,2026-05-10 01:35:21.070,[dbo].[FormatTempTable],dbo,FormatTempTable,0,NULL,HEAP,0,0,0,0,0,NULL,0,PRIMARY,NULL,NULL,0,0,NULL,NULL,||,22093,1,2.37,0,0,0,0,0,NULL,0,NULL,NULL,NULL,NULL,NULL,NULL
activist_insight,2026-05-10 01:35:21.070,[dbo].[tmpNPORT],dbo,tmpNPORT,0,NULL,HEAP,0,0,0,0,0,NULL,0,PRIMARY,NULL,NULL,0,0,NULL,NULL,||,22093,1,3.64,0,0,0,0,0,NULL,0,NULL,NULL,NULL,NULL,NULL,NULL
activist_insight,2026-05-10 01:35:21.070,[dbo].[tVoting_FundVote_BySource_Exception],dbo,tVoting_FundVote_BySource_Exception,1,PK_tVoting_FundVote_BySource_Exception,CLUSTERED,1,1,0,0,0,NULL,0,PRIMARY,exception_id,NULL,1,8,exception_id,NULL,exception_id||,22075,1,4.90,0,0,0,0,0,NULL,0,NULL,NULL,NULL,NULL,"CREATE UNIQUE CLUSTERED INDEX [PK_tVoting_FundVote_BySource_Exception] ON [dbo].[tVoting_FundVote_BySource_Exception] ([exception_id] ASC) WITH (DROP_EXISTING = OFF, ONLINE = ON) ON [PRIMARY];","-- Constraint-backed, review before dropping: ALTER TABLE [dbo].[tVoting_FundVote_BySource_Exception] DROP CONSTRAINT [PK_tVoting_FundVote_BySource_Exception];"
activist_insight,2026-05-10 01:35:21.070,[dbo].[tVoting_FundVote_BySource_Exception],dbo,tVoting_FundVote_BySource_Exception,2,IX_tVoting_FundVote_BySource_Exception_category_status,NONCLUSTERED,0,0,0,0,0,NULL,0,PRIMARY,"exception_category, resolution_status","import_check_id, fund_id, new_proposal_id, exception_reason, insert_date",2,70,"exception_category, resolution_status","exception_reason, fund_id, import_check_id, insert_date, new_proposal_id","exception_category, resolution_status|exception_reason, fund_id, import_check_id, insert_date, new_proposal_id|",22075,1,2.80,0,0,0,0,0,NULL,0,NULL,NULL,NULL,NULL,"CREATE NONCLUSTERED INDEX [IX_tVoting_FundVote_BySource_Exception_category_status] ON [dbo].[tVoting_FundVote_BySource_Exception] ([exception_category] ASC, [resolution_status] ASC) INCLUDE (import_check_id, fund_id, new_proposal_id, exception_reason, insert_date) WITH (DROP_EXISTING = OFF, ONLINE = ON) ON [PRIMARY];",DROP INDEX [IX_tVoting_FundVote_BySource_Exception_category_status] ON [dbo].[tVoting_FundVote_BySource_Exception];
activist_insight,2026-05-10 01:35:21.070,[dbo].[tVoting_FundVote_BySource_Exception],dbo,tVoting_FundVote_BySource_Exception,3,IX_tVoting_FundVote_BySource_Exception_import_check_id,NONCLUSTERED,0,0,0,0,0,NULL,0,PRIMARY,import_check_id,"exception_reason, exception_category, resolution_status, insert_date",1,4,import_check_id,"exception_category, exception_reason, insert_date, resolution_status","import_check_id|exception_category, exception_reason, insert_date, resolution_status|",22075,1,2.57,0,0,0,0,0,NULL,0,NULL,NULL,NULL,NULL,"CREATE NONCLUSTERED INDEX [IX_tVoting_FundVote_BySource_Exception_import_check_id] ON [dbo].[tVoting_FundVote_BySource_Exception] ([import_check_id] ASC) INCLUDE (exception_reason, exception_category, resolution_status, insert_date) WITH (DROP_EXISTING = OFF, ONLINE = ON) ON [PRIMARY];",DROP INDEX [IX_tVoting_FundVote_BySource_Exception_import_check_id] ON [dbo].[tVoting_FundVote_BySource_Exception];
activist_insight,2026-05-10 01:35:21.070,[dbo].[tVoting_FundVote_BySource_Exception],dbo,tVoting_FundVote_BySource_Exception,4,IX_tVoting_FundVote_BySource_Exception_meeting_date,NONCLUSTERED,0,0,0,0,0,NULL,0,PRIMARY,"meeting_date, resolution_status","import_check_id, exception_reason, exception_category",2,28,"meeting_date, resolution_status","exception_category, exception_reason, import_check_id","meeting_date, resolution_status|exception_category, exception_reason, import_check_id|",22075,1,4.16,0,0,0,0,0,NULL,0,NULL,NULL,NULL,NULL,"CREATE NONCLUSTERED INDEX [IX_tVoting_FundVote_BySource_Exception_meeting_date] ON [dbo].[tVoting_FundVote_BySource_Exception] ([meeting_date] ASC, [resolution_status] ASC) INCLUDE (import_check_id, exception_reason, exception_category) WITH (DROP_EXISTING = OFF, ONLINE = ON) ON [PRIMARY];",DROP INDEX [IX_tVoting_FundVote_BySource_Exception_meeting_date] ON [dbo].[tVoting_FundVote_BySource_Exception];
activist_insight,2026-05-10 01:35:21.070,[dbo].[tblShareholder_Proposals],dbo,tblShareholder_Proposals,1,PK_tblShareholderProposals,CLUSTERED,1,1,0,0,0,NULL,0,PRIMARY,shareholder_proposal_id,NULL,1,4,shareholder_proposal_id,NULL,shareholder_proposal_id||,22037,1,29.86,600,51910,34587,1660,87097,52.47,85437,2026-08-24 15:56:12.380,2026-09-02 09:01:14.483,2026-09-02 08:46:51.133,2026-09-02 06:00:01.490,"CREATE UNIQUE CLUSTERED INDEX [PK_tblShareholderProposals] ON [dbo].[tblShareholder_Proposals] ([shareholder_proposal_id] ASC) WITH (DROP_EXISTING = OFF, ONLINE = ON) ON [PRIMARY];","-- Constraint-backed, review before dropping: ALTER TABLE [dbo].[tblShareholder_Proposals] DROP CONSTRAINT [PK_tblShareholderProposals];"
activist_insight,2026-05-10 01:35:21.070,[dbo].[tblShareholder_Proposals],dbo,tblShareholder_Proposals,7,idx_tblShareholder_Proposals_proposals,NONCLUSTERED,0,0,0,0,0,NULL,0,PRIMARY,proponent_id,proposal_id,1,4,proponent_id,proposal_id,proponent_id|proposal_id|,22037,1,0.89,22474,141840,0,1498,164314,109.69,162816,2026-09-02 08:53:49.137,2026-09-02 09:01:10.440,NULL,2026-09-02 06:00:01.490,"CREATE NONCLUSTERED INDEX [idx_tblShareholder_Proposals_proposals] ON [dbo].[tblShareholder_Proposals] ([proponent_id] ASC) INCLUDE (proposal_id) WITH (DROP_EXISTING = OFF, ONLINE = ON) ON [PRIMARY];",DROP INDEX [idx_tblShareholder_Proposals_proposals] ON [dbo].[tblShareholder_Proposals];
activist_insight,2026-05-10 01:35:21.070,[dbo].[tblShareholder_Proposals],dbo,tblShareholder_Proposals,8,NonClusteredIndex-20180207-153605,NONCLUSTERED,0,0,0,0,0,NULL,0,PRIMARY,"proposal_id, proponent_id",NULL,2,8,"proposal_id, proponent_id",NULL,"proposal_id, proponent_id||",22037,1,0.97,262196,7587,0,1498,269783,180.10,268285,2026-09-02 08:54:00.360,2026-07-30 08:24:06.877,NULL,2026-09-02 06:00:01.490,"CREATE NONCLUSTERED INDEX [NonClusteredIndex-20180207-153605] ON [dbo].[tblShareholder_Proposals] ([proposal_id] ASC, [proponent_id] ASC) WITH (DROP_EXISTING = OFF, ONLINE = ON) ON [PRIMARY];",DROP INDEX [NonClusteredIndex-20180207-153605] ON [dbo].[tblShareholder_Proposals];
activist_insight,2026-05-10 01:35:21.070,[dbo].[tblCampaign_Characteristic_Link],dbo,tblCampaign_Characteristic_Link,1,PK_Campaign_Characteristic_Link_id,CLUSTERED,1,1,0,0,0,NULL,0,PRIMARY,campaign_characteristic_link_id,NULL,1,4,campaign_characteristic_link_id,NULL,campaign_characteristic_link_id||,21836,1,115.35,53,311726,0,925,311779,337.06,310854,2026-09-02 07:49:41.693,2026-09-02 09:01:14.263,NULL,2026-09-02 07:48:18.957,"CREATE UNIQUE CLUSTERED INDEX [PK_Campaign_Characteristic_Link_id] ON [dbo].[tblCampaign_Characteristic_Link] ([campaign_characteristic_link_id] ASC) WITH (DROP_EXISTING = OFF, ONLINE = ON) ON [PRIMARY];","-- Constraint-backed, review before dropping: ALTER TABLE [dbo].[tblCampaign_Characteristic_Link] DROP CONSTRAINT [PK_Campaign_Characteristic_Link_id];"
activist_insight,2026-05-10 01:35:21.070,[dbo].[stgRPI_Company],dbo,stgRPI_Company,1,PK__stgRPI_C__FB0F909361308A6A,CLUSTERED,1,1,0,0,0,NULL,0,PRIMARY,rpcompany_id,NULL,1,50,rpcompany_id,NULL,rpcompany_id||,21788,1,98.25,125986,57,0,15336,126043,8.22,110707,2026-09-02 08:56:02.590,2026-07-27 13:03:53.683,NULL,2026-09-02 08:56:02.393,"CREATE UNIQUE CLUSTERED INDEX [PK__stgRPI_C__FB0F909361308A6A] ON [dbo].[stgRPI_Company] ([rpcompany_id] ASC) WITH (DROP_EXISTING = OFF, ONLINE = ON) ON [PRIMARY];","-- Constraint-backed, review before dropping: ALTER TABLE [dbo].[stgRPI_Company] DROP CONSTRAINT [PK__stgRPI_C__FB0F909361308A6A];"
activist_insight,2026-05-10 01:35:21.070,[dbo].[tblCompanyShell_spac],dbo,tblCompanyShell_spac,1,PK_tblCompanyShell_spac,CLUSTERED,1,1,0,0,0,NULL,0,PRIMARY,shell_spac_id,NULL,1,4,shell_spac_id,NULL,shell_spac_id||,21586,1,4.30,0,101834,0,6615,101834,15.39,95219,NULL,2026-09-02 09:01:50.077,NULL,2026-09-02 09:01:50.057,"CREATE UNIQUE CLUSTERED INDEX [PK_tblCompanyShell_spac] ON [dbo].[tblCompanyShell_spac] ([shell_spac_id] ASC) WITH (DROP_EXISTING = OFF, ONLINE = ON) ON [PRIMARY];","-- Constraint-backed, review before dropping: ALTER TABLE [dbo].[tblCompanyShell_spac] DROP CONSTRAINT [PK_tblCompanyShell_spac];"
activist_insight,2026-05-10 01:35:21.070,[dbo].[tblAiOFeed_holding_id],dbo,tblAiOFeed_holding_id,0,NULL,HEAP,0,0,0,0,0,NULL,0,PRIMARY,NULL,NULL,0,0,NULL,NULL,||,21353,1,1.50,0,5129,0,5544,5129,0.93,-415,NULL,2026-09-02 09:00:24.523,NULL,2026-09-02 09:00:24.523,NULL,NULL
activist_insight,2026-05-10 01:35:21.070,[dbo].[tblleads_all],dbo,tblleads_all,1,pk_tblleads_all,CLUSTERED,1,1,0,0,0,NULL,0,PRIMARY,lead_id,NULL,1,4,lead_id,NULL,lead_id||,20833,1,3.47,0,1813,0,0,1813,NULL,1813,NULL,2026-09-02 07:58:37.160,NULL,NULL,"CREATE UNIQUE CLUSTERED INDEX [pk_tblleads_all] ON [dbo].[tblleads_all] ([lead_id] ASC) WITH (DROP_EXISTING = OFF, ONLINE = ON) ON [PRIMARY];","-- Constraint-backed, review before dropping: ALTER TABLE [dbo].[tblleads_all] DROP CONSTRAINT [pk_tblleads_all];"
activist_insight,2026-05-10 01:35:21.070,[dbo].[tblleads_all],dbo,tblleads_all,2,idx_tblleads_all_source_leadid,NONCLUSTERED,0,0,0,0,0,NULL,0,PRIMARY,"source_id, entry_id",NULL,2,5,"source_id, entry_id",NULL,"source_id, entry_id||",20833,1,0.70,10710,0,0,0,10710,NULL,10710,2026-05-22 11:25:24.450,NULL,NULL,NULL,"CREATE NONCLUSTERED INDEX [idx_tblleads_all_source_leadid] ON [dbo].[tblleads_all] ([source_id] ASC, [entry_id] ASC) WITH (DROP_EXISTING = OFF, ONLINE = ON) ON [PRIMARY];",DROP INDEX [idx_tblleads_all_source_leadid] ON [dbo].[tblleads_all];
activist_insight,2026-05-10 01:35:21.070,[dbo].[tblfeature_access_audit],dbo,tblfeature_access_audit,1,PK__tblfeatu__5AF33E33014F434B,CLUSTERED,1,1,0,0,0,NULL,0,PRIMARY,audit_id,NULL,1,4,audit_id,NULL,audit_id||,19869,1,2.04,0,0,0,879,0,0.00,-879,NULL,NULL,NULL,2026-09-01 19:42:28.617,"CREATE UNIQUE CLUSTERED INDEX [PK__tblfeatu__5AF33E33014F434B] ON [dbo].[tblfeature_access_audit] ([audit_id] ASC) WITH (DROP_EXISTING = OFF, ONLINE = ON) ON [PRIMARY];","-- Constraint-backed, review before dropping: ALTER TABLE [dbo].[tblfeature_access_audit] DROP CONSTRAINT [PK__tblfeatu__5AF33E33014F434B];"
activist_insight,2026-05-10 01:35:21.070,[dbo].[tblQuarterlyIgnoreLink],dbo,tblQuarterlyIgnoreLink,0,NULL,HEAP,0,0,0,0,0,NULL,0,PRIMARY,NULL,NULL,0,0,NULL,NULL,||,19852,1,1.18,0,83,0,2,83,41.50,81,NULL,2026-08-20 07:52:10.813,NULL,2026-08-19 12:47:12.043,NULL,NULL
activist_insight,2026-05-10 01:35:21.070,[dbo].[tblNews_investor_link],dbo,tblNews_investor_link,1,PK_tblNews_investor_link,CLUSTERED,1,1,0,0,0,NULL,0,PRIMARY,news_investor_link_id,NULL,1,4,news_investor_link_id,NULL,news_investor_link_id||,19739,1,1.15,0,235887,0,3351,235887,70.39,232536,NULL,2026-09-02 09:01:16.383,NULL,2026-09-01 19:04:14.607,"CREATE UNIQUE CLUSTERED INDEX [PK_tblNews_investor_link] ON [dbo].[tblNews_investor_link] ([news_investor_link_id] ASC) WITH (DROP_EXISTING = OFF, ONLINE = ON) ON [PRIMARY];","-- Constraint-backed, review before dropping: ALTER TABLE [dbo].[tblNews_investor_link] DROP CONSTRAINT [PK_tblNews_investor_link];"
activist_insight,2026-05-10 01:35:21.070,[dbo].[tDHS_ScraperRun],dbo,tDHS_ScraperRun,1,PK__tDHS_Scr__2158F6D3E67FEC02,CLUSTERED,1,1,0,0,0,NULL,0,PRIMARY,scraperrun_id,NULL,1,8,scraperrun_id,NULL,scraperrun_id||,19315,1,2.32,425,6924,0,2872,7349,2.56,4477,2026-09-01 23:25:01.083,2026-09-02 03:01:01.360,NULL,2026-09-02 03:01:02.673,"CREATE UNIQUE CLUSTERED INDEX [PK__tDHS_Scr__2158F6D3E67FEC02] ON [dbo].[tDHS_ScraperRun] ([scraperrun_id] ASC) WITH (DROP_EXISTING = OFF, ONLINE = ON) ON [PRIMARY];","-- Constraint-backed, review before dropping: ALTER TABLE [dbo].[tDHS_ScraperRun] DROP CONSTRAINT [PK__tDHS_Scr__2158F6D3E67FEC02];"
activist_insight,2026-05-10 01:35:21.070,[dbo].[tblvoting_rationale],dbo,tblvoting_rationale,0,NULL,HEAP,0,0,0,0,0,NULL,0,PRIMARY,NULL,NULL,0,0,NULL,NULL,||,19307,1,6.05,0,0,0,0,0,NULL,0,NULL,NULL,NULL,NULL,NULL,NULL
activist_insight,2026-05-10 01:35:21.070,[dbo].[tblV2a_stored_filings],dbo,tblV2a_stored_filings,1,PK_tblV2a_stored_filings,CLUSTERED,1,1,0,0,0,NULL,0,PRIMARY,stored_filing_id,NULL,1,4,stored_filing_id,NULL,stored_filing_id||,18927,1,2.08,0,0,0,0,0,NULL,0,NULL,NULL,NULL,NULL,"CREATE UNIQUE CLUSTERED INDEX [PK_tblV2a_stored_filings] ON [dbo].[tblV2a_stored_filings] ([stored_filing_id] ASC) WITH (DROP_EXISTING = OFF, ONLINE = ON) ON [PRIMARY];","-- Constraint-backed, review before dropping: ALTER TABLE [dbo].[tblV2a_stored_filings] DROP CONSTRAINT [PK_tblV2a_stored_filings];"
activist_insight,2026-05-10 01:35:21.070,[dbo].[raw_RP_DMI_InvestorIdMapping],dbo,raw_RP_DMI_InvestorIdMapping,0,NULL,HEAP,0,0,0,0,0,NULL,0,PRIMARY,NULL,NULL,0,0,NULL,NULL,||,18855,1,1.56,0,0,0,0,0,NULL,0,NULL,NULL,NULL,NULL,NULL,NULL
activist_insight,2026-05-10 01:35:21.070,[dbo].[tblDHI_CapIQ_InvalidIdentifiers],dbo,tblDHI_CapIQ_InvalidIdentifiers,1,cdxDHI_CapIQ_InvalidIdentifiers,CLUSTERED,0,0,0,0,0,NULL,0,PRIMARY,"identifier, identifier_status",NULL,2,256,"identifier, identifier_status",NULL,"identifier, identifier_status||",18839,1,1.95,2995,7,0,2989,3002,1.00,13,2026-09-02 05:34:27.353,2026-09-02 04:01:26.677,NULL,2026-09-02 04:47:37.677,"CREATE CLUSTERED INDEX [cdxDHI_CapIQ_InvalidIdentifiers] ON [dbo].[tblDHI_CapIQ_InvalidIdentifiers] ([identifier] ASC, [identifier_status] ASC) WITH (DROP_EXISTING = OFF, ONLINE = ON) ON [PRIMARY];",DROP INDEX [cdxDHI_CapIQ_InvalidIdentifiers] ON [dbo].[tblDHI_CapIQ_InvalidIdentifiers];
activist_insight,2026-05-10 01:35:21.070,[dbo].[tblDHI_CapIQ_InvalidIdentifiers],dbo,tblDHI_CapIQ_InvalidIdentifiers,2,PK_tblDHI_CapIQ_InvalidIdentifiers,NONCLUSTERED,1,1,0,0,0,NULL,0,PRIMARY,ii_id,NULL,1,4,ii_id,NULL,ii_id||,18839,1,0.75,0,220,0,2989,220,0.07,-2769,NULL,2026-08-27 05:40:18.577,NULL,2026-09-02 04:47:37.677,"CREATE UNIQUE NONCLUSTERED INDEX [PK_tblDHI_CapIQ_InvalidIdentifiers] ON [dbo].[tblDHI_CapIQ_InvalidIdentifiers] ([ii_id] ASC) WITH (DROP_EXISTING = OFF, ONLINE = ON) ON [PRIMARY];","-- Constraint-backed, review before dropping: ALTER TABLE [dbo].[tblDHI_CapIQ_InvalidIdentifiers] DROP CONSTRAINT [PK_tblDHI_CapIQ_InvalidIdentifiers];"
activist_insight,2026-05-10 01:35:21.070,[dbo].[tblFeature_Access],dbo,tblFeature_Access,1,PK__tblFeatu__8FA1CC76E09A8F83,CLUSTERED,1,1,0,0,0,NULL,0,PRIMARY,feature_access_id,NULL,1,4,feature_access_id,NULL,feature_access_id||,18654,1,2.25,0,324,46308,879,46632,53.05,45753,NULL,2026-09-01 15:54:08.307,2026-09-02 09:02:51.823,2026-09-01 19:42:28.617,"CREATE UNIQUE CLUSTERED INDEX [PK__tblFeatu__8FA1CC76E09A8F83] ON [dbo].[tblFeature_Access] ([feature_access_id] ASC) WITH (DROP_EXISTING = OFF, ONLINE = ON) ON [PRIMARY];","-- Constraint-backed, review before dropping: ALTER TABLE [dbo].[tblFeature_Access] DROP CONSTRAINT [PK__tblFeatu__8FA1CC76E09A8F83];"
activist_insight,2026-05-10 01:35:21.070,[dbo].[tblFeature_Access],dbo,tblFeature_Access,2,NCDX_tblFeature_Access_UserID_FeatureID,NONCLUSTERED,0,0,0,0,0,NULL,0,PRIMARY,"user_id, feature_id",NULL,2,8,"user_id, feature_id",NULL,"user_id, feature_id||",18654,1,1.06,46308,0,0,879,46308,52.68,45429,2026-09-02 09:02:51.823,NULL,NULL,2026-09-01 19:42:28.617,"CREATE NONCLUSTERED INDEX [NCDX_tblFeature_Access_UserID_FeatureID] ON [dbo].[tblFeature_Access] ([user_id] ASC, [feature_id] ASC) WITH (DROP_EXISTING = OFF, ONLINE = ON) ON [PRIMARY];",DROP INDEX [NCDX_tblFeature_Access_UserID_FeatureID] ON [dbo].[tblFeature_Access];
activist_insight,2026-05-10 01:35:21.070,[dbo].[tblDirector_nationality],dbo,tblDirector_nationality,1,PK__tblDirec__8F83BDB7FA0F6D72,CLUSTERED,1,1,0,0,0,NULL,0,PRIMARY,Director_nationality_id,NULL,1,4,director_nationality_id,NULL,director_nationality_id||,18622,1,1.16,0,36194,0,22355,36194,1.62,13839,NULL,2026-09-02 08:58:03.213,NULL,2026-09-02 08:58:03.213,"CREATE UNIQUE CLUSTERED INDEX [PK__tblDirec__8F83BDB7FA0F6D72] ON [dbo].[tblDirector_nationality] ([Director_nationality_id] ASC) WITH (DROP_EXISTING = OFF, ONLINE = ON) ON [PRIMARY];","-- Constraint-backed, review before dropping: ALTER TABLE [dbo].[tblDirector_nationality] DROP CONSTRAINT [PK__tblDirec__8F83BDB7FA0F6D72];"
activist_insight,2026-05-10 01:35:21.070,[dbo].[tbl13F_CUSIP_Match],dbo,tbl13F_CUSIP_Match,0,NULL,HEAP,0,0,0,0,0,NULL,0,PRIMARY,NULL,NULL,0,0,NULL,NULL,||,18591,1,1.77,0,0,0,0,0,NULL,0,NULL,NULL,NULL,NULL,NULL,NULL
activist_insight,2026-05-10 01:35:21.070,[dbo].[tblGov_auditor_link],dbo,tblGov_auditor_link,1,PK_tblGov_auditor_link,CLUSTERED,1,1,0,0,0,NULL,0,PRIMARY,gov_auditor_link_id,NULL,1,4,gov_auditor_link_id,NULL,gov_auditor_link_id||,18498,1,1.34,1078,87598,0,1801,88676,49.24,86875,2026-09-02 08:38:27.750,2026-09-02 09:01:53.130,NULL,2026-09-02 08:38:27.750,"CREATE UNIQUE CLUSTERED INDEX [PK_tblGov_auditor_link] ON [dbo].[tblGov_auditor_link] ([gov_auditor_link_id] ASC) WITH (DROP_EXISTING = OFF, ONLINE = ON) ON [PRIMARY];","-- Constraint-backed, review before dropping: ALTER TABLE [dbo].[tblGov_auditor_link] DROP CONSTRAINT [PK_tblGov_auditor_link];"
activist_insight,2026-05-10 01:35:21.070,[dbo].[raw_STG_RP_DMI_InvestorIdMapping],dbo,raw_STG_RP_DMI_InvestorIdMapping,0,NULL,HEAP,0,0,0,0,0,NULL,0,PRIMARY,NULL,NULL,0,0,NULL,NULL,||,18492,1,1.70,0,0,0,0,0,NULL,0,NULL,NULL,NULL,NULL,NULL,NULL
activist_insight,2026-05-10 01:35:21.070,[dbo].[tblContact],dbo,tblContact,1,PK_tblContact,CLUSTERED,1,1,0,0,0,NULL,0,PRIMARY,contact_id,NULL,1,4,contact_id,NULL,contact_id||,17888,1,12.57,16355,104760,71715,13053,192830,14.77,179777,2026-09-02 08:45:12.047,2026-09-02 09:01:29.413,2026-09-02 08:55:45.827,2026-09-02 08:38:48.337,"CREATE UNIQUE CLUSTERED INDEX [PK_tblContact] ON [dbo].[tblContact] ([contact_id] ASC) WITH (DROP_EXISTING = OFF, ONLINE = ON) ON [PRIMARY];","-- Constraint-backed, review before dropping: ALTER TABLE [dbo].[tblContact] DROP CONSTRAINT [PK_tblContact];"
activist_insight,2026-05-10 01:35:21.070,[dbo].[tblContact],dbo,tblContact,24,idx_tblcontact_active,NONCLUSTERED,0,0,0,0,0,NULL,0,PRIMARY,"active, company_id","Insert_date, updated_at",2,5,"active, company_id","insert_date, updated_at","active, company_id|insert_date, updated_at|",17888,1,1.56,64975,9867,0,9210,74842,8.13,65632,2026-09-02 08:54:55.947,2026-09-02 08:55:45.827,NULL,2026-09-02 08:38:48.337,"CREATE NONCLUSTERED INDEX [idx_tblcontact_active] ON [dbo].[tblContact] ([active] ASC, [company_id] ASC) INCLUDE (Insert_date, updated_at) WITH (DROP_EXISTING = OFF, ONLINE = ON) ON [PRIMARY];",DROP INDEX [idx_tblcontact_active] ON [dbo].[tblContact];
activist_insight,2026-05-10 01:35:21.070,[dbo].[tblDailyNewsSummaries],dbo,tblDailyNewsSummaries,0,NULL,HEAP,0,0,0,0,0,NULL,0,PRIMARY,NULL,NULL,0,0,NULL,NULL,||,17859,1,214.51,0,326040,0,1643,326040,198.44,324397,NULL,2026-09-02 09:02:43.857,NULL,2026-09-01 21:11:31.557,NULL,NULL
activist_insight,2026-05-10 01:35:21.070,[dbo].[tblStock_symbols],dbo,tblStock_symbols,0,NULL,HEAP,0,0,0,0,0,NULL,0,PRIMARY,NULL,NULL,0,0,NULL,NULL,||,17752,1,1.13,0,1,0,0,1,NULL,1,NULL,2026-08-24 15:11:52.980,NULL,NULL,NULL,NULL
activist_insight,2026-05-10 01:35:21.070,[dbo].[tblFIGIHistory],dbo,tblFIGIHistory,1,PK_tblFIGIHistory,CLUSTERED,1,1,0,0,0,NULL,0,PRIMARY,hash,NULL,1,128,hash,NULL,hash||,17376,1,10.57,0,0,0,7,0,0.00,-7,NULL,NULL,NULL,2026-05-18 15:36:07.840,"CREATE UNIQUE CLUSTERED INDEX [PK_tblFIGIHistory] ON [dbo].[tblFIGIHistory] ([hash] ASC) WITH (DROP_EXISTING = OFF, ONLINE = ON) ON [PRIMARY];","-- Constraint-backed, review before dropping: ALTER TABLE [dbo].[tblFIGIHistory] DROP CONSTRAINT [PK_tblFIGIHistory];"
activist_insight,2026-05-10 01:35:21.070,[dbo].[tblScraped_filings_raw_sets],dbo,tblScraped_filings_raw_sets,1,PK_tblScraped_filings_raw_sets,CLUSTERED,1,1,0,0,0,NULL,0,PRIMARY,scraped_filings_raw_set_id,NULL,1,4,scraped_filings_raw_set_id,NULL,scraped_filings_raw_set_id||,17239,1,8.63,417946,1333576,0,1134386,1751522,1.54,617136,2026-09-02 09:02:27.807,2026-09-02 09:02:34.973,NULL,2026-09-02 09:02:27.843,"CREATE UNIQUE CLUSTERED INDEX [PK_tblScraped_filings_raw_sets] ON [dbo].[tblScraped_filings_raw_sets] ([scraped_filings_raw_set_id] ASC) WITH (DROP_EXISTING = OFF, ONLINE = ON) ON [PRIMARY];","-- Constraint-backed, review before dropping: ALTER TABLE [dbo].[tblScraped_filings_raw_sets] DROP CONSTRAINT [PK_tblScraped_filings_raw_sets];"
activist_insight,2026-05-10 01:35:21.070,[dbo].[tblFiling_Checked],dbo,tblFiling_Checked,1,PK__tblFilin__995FE1A38E15027A,CLUSTERED,1,1,0,0,0,NULL,0,PRIMARY,filing_checked_id,NULL,1,4,filing_checked_id,NULL,filing_checked_id||,16382,1,1.33,0,52,0,0,52,NULL,52,NULL,2026-08-28 07:52:45.983,NULL,NULL,"CREATE UNIQUE CLUSTERED INDEX [PK__tblFilin__995FE1A38E15027A] ON [dbo].[tblFiling_Checked] ([filing_checked_id] ASC) WITH (DROP_EXISTING = OFF, ONLINE = ON) ON [PRIMARY];","-- Constraint-backed, review before dropping: ALTER TABLE [dbo].[tblFiling_Checked] DROP CONSTRAINT [PK__tblFilin__995FE1A38E15027A];"
activist_insight,2026-05-10 01:35:21.070,[dbo].[tblcompany_search_exchange],dbo,tblcompany_search_exchange,1,ClusteredIndex-20220329-153203,CLUSTERED,0,0,0,0,0,NULL,0,PRIMARY,"company_search_id, exchange_id",NULL,2,8,"company_search_id, exchange_id",NULL,"company_search_id, exchange_id||",16143,1,0.77,354938,9492,0,1714,364430,212.62,362716,2026-09-02 08:59:54.350,2026-05-19 16:12:15.340,NULL,2026-09-02 06:33:29.697,"CREATE CLUSTERED INDEX [ClusteredIndex-20220329-153203] ON [dbo].[tblcompany_search_exchange] ([company_search_id] DESC, [exchange_id] ASC) WITH (DROP_EXISTING = OFF, ONLINE = ON) ON [PRIMARY];",DROP INDEX [ClusteredIndex-20220329-153203] ON [dbo].[tblcompany_search_exchange];
activist_insight,2026-05-10 01:35:21.070,[dbo].[tblcompany_search_exchange],dbo,tblcompany_search_exchange,4,NonClusteredIndex-20220329-153224,NONCLUSTERED,0,0,0,0,0,NULL,0,PRIMARY,exchange_id,company_search_id,1,4,exchange_id,company_search_id,exchange_id|company_search_id|,16143,1,0.73,82378,72888,0,1714,155266,90.59,153552,2026-09-02 08:57:15.923,2026-09-02 08:57:15.737,NULL,2026-09-02 06:33:29.697,"CREATE NONCLUSTERED INDEX [NonClusteredIndex-20220329-153224] ON [dbo].[tblcompany_search_exchange] ([exchange_id] ASC) INCLUDE (company_search_id) WITH (DROP_EXISTING = OFF, ONLINE = ON) ON [PRIMARY];",DROP INDEX [NonClusteredIndex-20220329-153224] ON [dbo].[tblcompany_search_exchange];
activist_insight,2026-05-10 01:35:21.070,[dbo].[tblGovCompanyByLaws],dbo,tblGovCompanyByLaws,0,NULL,HEAP,0,0,0,0,0,NULL,0,PRIMARY,NULL,NULL,0,0,NULL,NULL,||,15914,1,2.78,0,35555,0,443,35555,80.26,35112,NULL,2026-09-02 09:01:53.200,NULL,2026-09-02 08:32:22.650,NULL,NULL
activist_insight,2026-05-10 01:35:21.070,[dbo].[tSQL_Transaction_Log],dbo,tSQL_Transaction_Log,1,PK_tSQL_Transaction_Log,CLUSTERED,1,1,0,0,0,NULL,0,PRIMARY,id,NULL,1,4,id,NULL,id||,15263,1,330.02,0,0,0,0,0,NULL,0,NULL,NULL,NULL,NULL,"CREATE UNIQUE CLUSTERED INDEX [PK_tSQL_Transaction_Log] ON [dbo].[tSQL_Transaction_Log] ([id] ASC) WITH (DROP_EXISTING = OFF, ONLINE = ON) ON [PRIMARY];","-- Constraint-backed, review before dropping: ALTER TABLE [dbo].[tSQL_Transaction_Log] DROP CONSTRAINT [PK_tSQL_Transaction_Log];"
activist_insight,2026-05-10 01:35:21.070,[dbo].[tblcampaign_proposal_id_link],dbo,tblcampaign_proposal_id_link,1,PK_tblcampaign_proposal_id_link,CLUSTERED,1,1,0,0,0,NULL,0,PRIMARY,campaign_proposal_id_link_id,NULL,1,4,campaign_proposal_id_link_id,NULL,campaign_proposal_id_link_id||,15156,1,0.63,0,12677,0,42,12677,301.83,12635,NULL,2026-09-02 08:53:31.097,NULL,2026-07-30 11:42:55.987,"CREATE UNIQUE CLUSTERED INDEX [PK_tblcampaign_proposal_id_link] ON [dbo].[tblcampaign_proposal_id_link] ([campaign_proposal_id_link_id] ASC) WITH (DROP_EXISTING = OFF, ONLINE = ON) ON [PRIMARY];","-- Constraint-backed, review before dropping: ALTER TABLE [dbo].[tblcampaign_proposal_id_link] DROP CONSTRAINT [PK_tblcampaign_proposal_id_link];"
activist_insight,2026-05-10 01:35:21.070,[dbo].[tblIntermediary_Link],dbo,tblIntermediary_Link,1,PK_tblIntermediary_Link,CLUSTERED,1,1,0,0,0,NULL,0,PRIMARY,Intermediary_link_id,NULL,1,4,intermediary_link_id,NULL,intermediary_link_id||,14887,1,1.53,12511,405743,0,441,418254,948.42,417813,2026-09-02 08:28:16.180,2026-09-02 09:01:29.377,NULL,2026-09-02 08:28:16.180,"CREATE UNIQUE CLUSTERED INDEX [PK_tblIntermediary_Link] ON [dbo].[tblIntermediary_Link] ([Intermediary_link_id] ASC) WITH (DROP_EXISTING = OFF, ONLINE = ON) ON [PRIMARY];","-- Constraint-backed, review before dropping: ALTER TABLE [dbo].[tblIntermediary_Link] DROP CONSTRAINT [PK_tblIntermediary_Link];"
activist_insight,2026-05-10 01:35:21.070,[dbo].[tblPublic_Company],dbo,tblPublic_Company,1,PK_tblPublic_Company,CLUSTERED,1,1,0,0,0,NULL,0,PRIMARY,public_company_id,NULL,1,4,public_company_id,NULL,public_company_id||,14851,1,0.99,0,18,958031,0,958049,NULL,958049,NULL,2026-05-27 13:33:26.007,2026-09-02 09:02:53.417,NULL,"CREATE UNIQUE CLUSTERED INDEX [PK_tblPublic_Company] ON [dbo].[tblPublic_Company] ([public_company_id] ASC) WITH (DROP_EXISTING = OFF, ONLINE = ON) ON [PRIMARY];","-- Constraint-backed, review before dropping: ALTER TABLE [dbo].[tblPublic_Company] DROP CONSTRAINT [PK_tblPublic_Company];"
activist_insight,2026-05-10 01:35:21.070,[dbo].[tblPublic_Company],dbo,tblPublic_Company,2,IDX_CIK,NONCLUSTERED,0,0,0,0,0,NULL,0,PRIMARY,CIK,NULL,1,4,cik,NULL,cik||,14851,1,0.27,0,0,0,0,0,NULL,0,NULL,NULL,NULL,NULL,"CREATE NONCLUSTERED INDEX [IDX_CIK] ON [dbo].[tblPublic_Company] ([CIK] ASC) WITH (DROP_EXISTING = OFF, ONLINE = ON) ON [PRIMARY];",DROP INDEX [IDX_CIK] ON [dbo].[tblPublic_Company];
activist_insight,2026-05-10 01:35:21.070,[dbo].[tblPublic_Company],dbo,tblPublic_Company,3,idxtblpublicCompany_SymbolCompany_id,NONCLUSTERED,0,0,0,0,0,NULL,0,PRIMARY,symbol,company_id,1,15,symbol,company_id,symbol|company_id|,14851,1,0.33,0,960687,0,0,960687,NULL,960687,NULL,2026-09-02 09:02:53.417,NULL,NULL,"CREATE NONCLUSTERED INDEX [idxtblpublicCompany_SymbolCompany_id] ON [dbo].[tblPublic_Company] ([symbol] ASC) INCLUDE (company_id) WITH (DROP_EXISTING = OFF, ONLINE = ON) ON [PRIMARY];",DROP INDEX [idxtblpublicCompany_SymbolCompany_id] ON [dbo].[tblPublic_Company];
activist_insight,2026-05-10 01:35:21.070,[dbo].[tblCampaign_gbr_Slate],dbo,tblCampaign_gbr_Slate,1,PK_tblCampaign_gbr_Slate,CLUSTERED,1,1,0,0,0,NULL,0,PRIMARY,campaign_gbr_Slate_id,NULL,1,4,campaign_gbr_slate_id,NULL,campaign_gbr_slate_id||,14676,1,1.78,1068,11818,0,5465,12886,2.36,7421,2026-09-01 16:05:55.480,2026-09-02 08:55:45.870,NULL,2026-09-02 08:19:43.277,"CREATE UNIQUE CLUSTERED INDEX [PK_tblCampaign_gbr_Slate] ON [dbo].[tblCampaign_gbr_Slate] ([campaign_gbr_Slate_id] ASC) WITH (DROP_EXISTING = OFF, ONLINE = ON) ON [PRIMARY];","-- Constraint-backed, review before dropping: ALTER TABLE [dbo].[tblCampaign_gbr_Slate] DROP CONSTRAINT [PK_tblCampaign_gbr_Slate];"
activist_insight,2026-05-10 01:35:21.070,[dbo].[tmpIssuer],dbo,tmpIssuer,0,NULL,HEAP,0,0,0,0,0,NULL,0,PRIMARY,NULL,NULL,0,0,NULL,NULL,||,14634,1,1.69,0,0,0,0,0,NULL,0,NULL,NULL,NULL,NULL,NULL,NULL
activist_insight,2026-05-10 01:35:21.070,[dbo].[tblCEO_pay_ratio],dbo,tblCEO_pay_ratio,1,PK__tblCEO_p__47022B53D344CC92,CLUSTERED,1,1,0,0,0,NULL,0,PRIMARY,CEO_pay_ratio_id,NULL,1,4,ceo_pay_ratio_id,NULL,ceo_pay_ratio_id||,14422,1,7.45,0,2070,0,232,2070,8.92,1838,NULL,2026-09-02 02:28:51.567,NULL,2026-09-02 02:28:51.567,"CREATE UNIQUE CLUSTERED INDEX [PK__tblCEO_p__47022B53D344CC92] ON [dbo].[tblCEO_pay_ratio] ([CEO_pay_ratio_id] ASC) WITH (DROP_EXISTING = OFF, ONLINE = ON) ON [PRIMARY];","-- Constraint-backed, review before dropping: ALTER TABLE [dbo].[tblCEO_pay_ratio] DROP CONSTRAINT [PK__tblCEO_p__47022B53D344CC92];"
activist_insight,2026-05-10 01:35:21.070,[dbo].[stgCommittee_summary],dbo,stgCommittee_summary,0,NULL,HEAP,0,0,0,0,0,NULL,0,PRIMARY,NULL,NULL,0,0,NULL,NULL,||,14000,1,1.26,0,2,0,0,2,NULL,2,NULL,2026-06-05 14:03:26.467,NULL,NULL,NULL,NULL
activist_insight,2026-05-10 01:35:21.070,[dbo].[tblv3a_alert_suboption_link],dbo,tblv3a_alert_suboption_link,0,NULL,HEAP,0,0,0,0,0,NULL,0,PRIMARY,NULL,NULL,0,0,NULL,NULL,||,13820,1,0.68,0,0,159,1112,159,0.14,-953,NULL,NULL,2026-08-25 23:37:34.920,2026-08-27 14:34:36.480,NULL,NULL
activist_insight,2026-05-10 01:35:21.070,[dbo].[tblv3a_alert_suboption_link],dbo,tblv3a_alert_suboption_link,6,IX_tblv3a_alert_suboption_link_option_link_suboption_value,NONCLUSTERED,0,0,0,0,0,NULL,0,PRIMARY,"alert_option_link_id, alert_suboption_id, value",NULL,3,12,"alert_option_link_id, alert_suboption_id, value",NULL,"alert_option_link_id, alert_suboption_id, value||",13820,1,0.47,10757,144567,0,1112,155324,139.68,154212,2026-09-01 11:03:56.197,2026-09-02 08:57:16.620,NULL,2026-08-27 14:34:36.480,"CREATE NONCLUSTERED INDEX [IX_tblv3a_alert_suboption_link_option_link_suboption_value] ON [dbo].[tblv3a_alert_suboption_link] ([alert_option_link_id] ASC, [alert_suboption_id] ASC, [value] ASC) WITH (DROP_EXISTING = OFF, ONLINE = ON) ON [PRIMARY];",DROP INDEX [IX_tblv3a_alert_suboption_link_option_link_suboption_value] ON [dbo].[tblv3a_alert_suboption_link];
activist_insight,2026-05-10 01:35:21.070,[dbo].[tblCampaign_Strategy_Selected],dbo,tblCampaign_Strategy_Selected,1,PK_tblCampaign_Strategy_Selected,CLUSTERED,1,1,0,0,0,NULL,0,PRIMARY,campaign_strategy_id,NULL,1,4,campaign_strategy_id,NULL,campaign_strategy_id||,13249,1,0.77,0,3572582,0,1878,3572582,1902.33,3570704,NULL,2026-09-02 09:01:14.210,NULL,2026-09-02 08:20:16.597,"CREATE UNIQUE CLUSTERED INDEX [PK_tblCampaign_Strategy_Selected] ON [dbo].[tblCampaign_Strategy_Selected] ([campaign_strategy_id] ASC) WITH (DROP_EXISTING = OFF, ONLINE = ON) ON [PRIMARY];","-- Constraint-backed, review before dropping: ALTER TABLE [dbo].[tblCampaign_Strategy_Selected] DROP CONSTRAINT [PK_tblCampaign_Strategy_Selected];"
activist_insight,2026-05-10 01:35:21.070,[dbo].[tblGT_computers],dbo,tblGT_computers,1,PK_tblGT_computers,CLUSTERED,1,1,0,0,0,NULL,0,PRIMARY,gt_computer_id,NULL,1,4,gt_computer_id,NULL,gt_computer_id||,13221,1,2.10,0,0,0,0,0,NULL,0,NULL,NULL,NULL,NULL,"CREATE UNIQUE CLUSTERED INDEX [PK_tblGT_computers] ON [dbo].[tblGT_computers] ([gt_computer_id] ASC) WITH (DROP_EXISTING = OFF, ONLINE = ON) ON [PRIMARY];","-- Constraint-backed, review before dropping: ALTER TABLE [dbo].[tblGT_computers] DROP CONSTRAINT [PK_tblGT_computers];"
activist_insight,2026-05-10 01:35:21.070,[dbo].[tblvotingImport_meeting_match],dbo,tblvotingImport_meeting_match,1,CDX_tblvotingImport_meeting_match_company_name,CLUSTERED,0,0,0,0,0,NULL,0,PRIMARY,"company_name, meeting_date, meeting_type, record_status",NULL,4,309,"company_name, meeting_date, meeting_type, record_status",NULL,"company_name, meeting_date, meeting_type, record_status||",12769,1,4.28,178,0,207,0,385,NULL,385,2026-09-01 23:25:01.083,NULL,2026-09-01 18:44:52.703,NULL,"CREATE CLUSTERED INDEX [CDX_tblvotingImport_meeting_match_company_name] ON [dbo].[tblvotingImport_meeting_match] ([company_name] ASC, [meeting_date] ASC, [meeting_type] ASC, [record_status] ASC) WITH (DROP_EXISTING = OFF, ONLINE = ON) ON [PRIMARY];",DROP INDEX [CDX_tblvotingImport_meeting_match_company_name] ON [dbo].[tblvotingImport_meeting_match];
activist_insight,2026-05-10 01:35:21.070,[dbo].[tblvotingImport_meeting_match],dbo,tblvotingImport_meeting_match,2,PK_tblvotingImport_meeting_match,NONCLUSTERED,1,1,0,0,0,NULL,0,PRIMARY,meeting_match_id,NULL,1,4,meeting_match_id,NULL,meeting_match_id||,12769,1,0.68,0,207,0,0,207,NULL,207,NULL,2026-09-01 18:44:52.703,NULL,NULL,"CREATE UNIQUE NONCLUSTERED INDEX [PK_tblvotingImport_meeting_match] ON [dbo].[tblvotingImport_meeting_match] ([meeting_match_id] ASC) WITH (DROP_EXISTING = OFF, ONLINE = ON) ON [PRIMARY];","-- Constraint-backed, review before dropping: ALTER TABLE [dbo].[tblvotingImport_meeting_match] DROP CONSTRAINT [PK_tblvotingImport_meeting_match];"
activist_insight,2026-05-10 01:35:21.070,[dbo].[tblv3a_alert_option_link],dbo,tblv3a_alert_option_link,0,NULL,HEAP,0,0,0,0,0,NULL,0,PRIMARY,NULL,NULL,0,0,NULL,NULL,||,12616,1,0.55,0,149836,5648,459,155484,338.75,155025,NULL,2026-09-02 08:57:16.620,2026-09-01 11:00:59.280,2026-08-27 14:34:36.177,NULL,NULL
activist_insight,2026-05-10 01:35:21.070,[dbo].[tblv3a_alert_option_link],dbo,tblv3a_alert_option_link,5,IX_tblv3a_alert_option_link_alert_id_alert_option_id,NONCLUSTERED,0,0,0,0,0,NULL,0,PRIMARY,"alert_id, alert_option_id",NULL,2,8,"alert_id, alert_option_id",NULL,"alert_id, alert_option_id||",12616,1,0.35,213266,163148,0,459,376414,820.07,375955,2026-09-02 08:57:16.610,2026-09-02 08:57:16.610,NULL,2026-08-27 14:34:36.177,"CREATE NONCLUSTERED INDEX [IX_tblv3a_alert_option_link_alert_id_alert_option_id] ON [dbo].[tblv3a_alert_option_link] ([alert_id] ASC, [alert_option_id] ASC) WITH (DROP_EXISTING = OFF, ONLINE = ON) ON [PRIMARY];",DROP INDEX [IX_tblv3a_alert_option_link_alert_id_alert_option_id] ON [dbo].[tblv3a_alert_option_link];
activist_insight,2026-05-10 01:35:21.070,[dbo].[tblFundamental_warnings],dbo,tblFundamental_warnings,0,NULL,HEAP,0,0,0,0,0,NULL,0,PRIMARY,NULL,NULL,0,0,NULL,NULL,||,11947,1,1.82,0,2325679,0,1162824,2325679,2.00,1162855,NULL,2026-09-02 09:02:53.277,NULL,2026-09-02 09:02:53.277,NULL,NULL
activist_insight,2026-05-10 01:35:21.070,[dbo].[tblAISECSearch_FilingDocumentDetails],dbo,tblAISECSearch_FilingDocumentDetails,0,NULL,HEAP,0,0,0,0,0,NULL,0,PRIMARY,NULL,NULL,0,0,NULL,NULL,||,11921,1,3.16,0,0,0,0,0,NULL,0,NULL,NULL,NULL,NULL,NULL,NULL
activist_insight,2026-05-10 01:35:21.070,[dbo].[tblIndex_values],dbo,tblIndex_values,1,PK_tblIndex_values,CLUSTERED,1,1,0,0,0,NULL,0,PRIMARY,index_value_id,NULL,1,4,index_value_id,NULL,index_value_id||,11635,1,0.88,0,0,0,0,0,NULL,0,NULL,NULL,NULL,NULL,"CREATE UNIQUE CLUSTERED INDEX [PK_tblIndex_values] ON [dbo].[tblIndex_values] ([index_value_id] ASC) WITH (DROP_EXISTING = OFF, ONLINE = ON) ON [PRIMARY];","-- Constraint-backed, review before dropping: ALTER TABLE [dbo].[tblIndex_values] DROP CONSTRAINT [PK_tblIndex_values];"
activist_insight,2026-05-10 01:35:21.070,[dbo].[tblIndex_values],dbo,tblIndex_values,10,idx_tblIndex_values_symbolDate,NONCLUSTERED,0,0,0,0,0,NULL,0,PRIMARY,"symbol, date",close_value,2,13,"symbol, date",close_value,"symbol, date|close_value|",11635,1,0.35,15169224,94,0,0,15169318,NULL,15169318,2026-09-02 05:34:08.860,2026-08-11 06:08:52.040,NULL,NULL,"CREATE NONCLUSTERED INDEX [idx_tblIndex_values_symbolDate] ON [dbo].[tblIndex_values] ([symbol] ASC, [date] ASC) INCLUDE (close_value) WITH (DROP_EXISTING = OFF, ONLINE = ON) ON [PRIMARY];",DROP INDEX [idx_tblIndex_values_symbolDate] ON [dbo].[tblIndex_values];
activist_insight,2026-05-10 01:35:21.070,[dbo].[tblMarket_Caps],dbo,tblMarket_Caps,0,NULL,HEAP,0,0,0,0,0,NULL,0,PRIMARY,NULL,NULL,0,0,NULL,NULL,||,11335,1,1.08,0,53683,16,7242,53699,7.41,46457,NULL,2026-09-02 09:00:29.983,2026-07-16 12:59:57.260,2026-09-02 09:01:49.993,NULL,NULL
activist_insight,2026-05-10 01:35:21.070,[dbo].[tblMarket_Caps],dbo,tblMarket_Caps,4,market_caps,NONCLUSTERED,0,0,0,0,0,NULL,0,PRIMARY,company_id,NULL,1,4,company_id,NULL,company_id||,11335,1,0.77,6734,2,0,7242,6736,0.93,-506,2026-09-02 09:01:49.993,2026-06-02 14:31:35.983,NULL,2026-09-02 09:01:49.993,"CREATE NONCLUSTERED INDEX [market_caps] ON [dbo].[tblMarket_Caps] ([company_id] ASC) WITH (DROP_EXISTING = OFF, ONLINE = ON) ON [PRIMARY];",DROP INDEX [market_caps] ON [dbo].[tblMarket_Caps];
activist_insight,2026-05-10 01:35:21.070,[dbo].[tblGT_goal_events],dbo,tblGT_goal_events,1,PK_tblGT_goal_events,CLUSTERED,1,1,0,0,0,NULL,0,PRIMARY,gt_goal_event_id,NULL,1,4,gt_goal_event_id,NULL,gt_goal_event_id||,11189,1,0.38,0,0,0,0,0,NULL,0,NULL,NULL,NULL,NULL,"CREATE UNIQUE CLUSTERED INDEX [PK_tblGT_goal_events] ON [dbo].[tblGT_goal_events] ([gt_goal_event_id] ASC) WITH (DROP_EXISTING = OFF, ONLINE = ON) ON [PRIMARY];","-- Constraint-backed, review before dropping: ALTER TABLE [dbo].[tblGT_goal_events] DROP CONSTRAINT [PK_tblGT_goal_events];"
activist_insight,2026-05-10 01:35:21.070,[dbo].[tblAiOFeed_company_id],dbo,tblAiOFeed_company_id,0,NULL,HEAP,0,0,0,0,0,NULL,0,PRIMARY,NULL,NULL,0,0,NULL,NULL,||,10948,1,0.46,0,97566,0,4331,97566,22.53,93235,NULL,2026-09-02 09:01:50.007,NULL,2026-09-02 08:33:51.430,NULL,NULL
activist_insight,2026-05-10 01:35:21.070,[dbo].[tblV2a_processed_news_triggers],dbo,tblV2a_processed_news_triggers,1,PK_tblV2a_processed_news_triggers,CLUSTERED,1,1,0,0,0,NULL,0,PRIMARY,processed_news_trigger_id,NULL,1,4,processed_news_trigger_id,NULL,processed_news_trigger_id||,10535,1,0.39,0,867404,0,1268,867404,684.07,866136,NULL,2026-09-02 09:02:48.010,NULL,2026-09-01 19:08:22.887,"CREATE UNIQUE CLUSTERED INDEX [PK_tblV2a_processed_news_triggers] ON [dbo].[tblV2a_processed_news_triggers] ([processed_news_trigger_id] ASC) WITH (DROP_EXISTING = OFF, ONLINE = ON) ON [PRIMARY];","-- Constraint-backed, review before dropping: ALTER TABLE [dbo].[tblV2a_processed_news_triggers] DROP CONSTRAINT [PK_tblV2a_processed_news_triggers];"
activist_insight,2026-05-10 01:35:21.070,[dbo].[tblEmail_Click],dbo,tblEmail_Click,0,NULL,HEAP,0,0,0,0,0,NULL,0,PRIMARY,NULL,NULL,0,0,NULL,NULL,||,10388,1,0.37,0,1,0,0,1,NULL,1,NULL,2026-07-28 15:51:47.707,NULL,NULL,NULL,NULL
activist_insight,2026-05-10 01:35:21.070,[dbo].[rawImportCGICompensationEMEA_FixedPolicy],dbo,rawImportCGICompensationEMEA_FixedPolicy,0,NULL,HEAP,0,0,0,0,0,NULL,0,PRIMARY,NULL,NULL,0,0,NULL,NULL,||,10186,1,5.02,0,116,0,0,116,NULL,116,NULL,2026-09-02 02:44:25.723,NULL,NULL,NULL,NULL
activist_insight,2026-05-10 01:35:21.070,[dbo].[tblNonCompliantProvisions],dbo,tblNonCompliantProvisions,1,PK_tblNonCompliantProvisions,CLUSTERED,1,1,0,0,0,NULL,0,PRIMARY,Id,NULL,1,4,id,NULL,id||,9981,1,0.45,0,106700,0,0,106700,NULL,106700,NULL,2026-09-02 09:01:12.720,NULL,NULL,"CREATE UNIQUE CLUSTERED INDEX [PK_tblNonCompliantProvisions] ON [dbo].[tblNonCompliantProvisions] ([Id] ASC) WITH (DROP_EXISTING = OFF, ONLINE = ON) ON [PRIMARY];","-- Constraint-backed, review before dropping: ALTER TABLE [dbo].[tblNonCompliantProvisions] DROP CONSTRAINT [PK_tblNonCompliantProvisions];"
activist_insight,2026-05-10 01:35:21.070,[dbo].[tblGovCertOfIncorp],dbo,tblGovCertOfIncorp,0,NULL,HEAP,0,0,0,0,0,NULL,0,PRIMARY,NULL,NULL,0,0,NULL,NULL,||,9929,1,1.66,0,35705,0,437,35705,81.70,35268,NULL,2026-09-02 09:01:53.193,NULL,2026-09-02 08:32:28.693,NULL,NULL
activist_insight,2026-05-10 01:35:21.070,[dbo].[stgCostAndFees],dbo,stgCostAndFees,0,NULL,HEAP,0,0,0,0,0,NULL,0,PRIMARY,NULL,NULL,0,0,NULL,NULL,||,9921,1,0.85,0,2,0,0,2,NULL,2,NULL,2026-06-05 14:04:07.730,NULL,NULL,NULL,NULL
activist_insight,2026-05-10 01:35:21.070,[dbo].[tblGT_landing_page_events],dbo,tblGT_landing_page_events,1,PK_tblGT_landing_page_events,CLUSTERED,1,1,0,0,0,NULL,0,PRIMARY,gt_landing_page_event_id,NULL,1,4,gt_landing_page_event_id,NULL,gt_landing_page_event_id||,9762,1,0.30,0,0,0,0,0,NULL,0,NULL,NULL,NULL,NULL,"CREATE UNIQUE CLUSTERED INDEX [PK_tblGT_landing_page_events] ON [dbo].[tblGT_landing_page_events] ([gt_landing_page_event_id] ASC) WITH (DROP_EXISTING = OFF, ONLINE = ON) ON [PRIMARY];","-- Constraint-backed, review before dropping: ALTER TABLE [dbo].[tblGT_landing_page_events] DROP CONSTRAINT [PK_tblGT_landing_page_events];"
activist_insight,2026-05-10 01:35:21.070,[dbo].[tblVulnerability_comparison_precalculated_values_fundamentals],dbo,tblVulnerability_comparison_precalculated_values_fundamentals,1,CI_tblVulnerability_comparison_precalculated_values_fundamentals_peer_group_metric,CLUSTERED,0,0,0,0,0,NULL,95,PRIMARY,"peer_group_id, metric_id",NULL,2,8,"peer_group_id, metric_id",NULL,"peer_group_id, metric_id||",9727,1,1.43,61861,546,0,116,62407,537.99,62291,2026-09-02 09:02:47.660,2026-09-02 08:02:07.847,NULL,2026-09-02 07:01:53.570,"CREATE CLUSTERED INDEX [CI_tblVulnerability_comparison_precalculated_values_fundamentals_peer_group_metric] ON [dbo].[tblVulnerability_comparison_precalculated_values_fundamentals] ([peer_group_id] ASC, [metric_id] ASC) WITH (DROP_EXISTING = OFF, ONLINE = ON, FILLFACTOR = 95) ON [PRIMARY];",DROP INDEX [CI_tblVulnerability_comparison_precalculated_values_fundamentals_peer_group_metric] ON [dbo].[tblVulnerability_comparison_precalculated_values_fundamentals];
activist_insight,2026-05-10 01:35:21.070,[dbo].[tblVulnerability_comparison_precalculated_values_fundamentals],dbo,tblVulnerability_comparison_precalculated_values_fundamentals,8,PK_tblVulnerability_comparison_precalculated_values_fundamentals,NONCLUSTERED,1,1,0,0,0,NULL,0,PRIMARY,precalculated_result_id,NULL,1,4,precalculated_result_id,NULL,precalculated_result_id||,9727,1,0.66,0,6,0,116,6,0.05,-110,NULL,2026-08-13 11:38:08.730,NULL,2026-09-02 07:01:53.570,"CREATE UNIQUE NONCLUSTERED INDEX [PK_tblVulnerability_comparison_precalculated_values_fundamentals] ON [dbo].[tblVulnerability_comparison_precalculated_values_fundamentals] ([precalculated_result_id] ASC) WITH (DROP_EXISTING = OFF, ONLINE = ON) ON [PRIMARY];","-- Constraint-backed, review before dropping: ALTER TABLE [dbo].[tblVulnerability_comparison_precalculated_values_fundamentals] DROP CONSTRAINT [PK_tblVulnerability_comparison_precalculated_values_fundamentals];"
activist_insight,2026-05-10 01:35:21.070,[dbo].[tblV2a_processed_sf_triggers_copy],dbo,tblV2a_processed_sf_triggers_copy,1,PK_tblV2a_processed_sf_triggers_copy,CLUSTERED,1,1,0,0,0,NULL,0,PRIMARY,processed_sf_trigger_id,NULL,1,4,processed_sf_trigger_id,NULL,processed_sf_trigger_id||,9630,1,0.48,0,0,0,0,0,NULL,0,NULL,NULL,NULL,NULL,"CREATE UNIQUE CLUSTERED INDEX [PK_tblV2a_processed_sf_triggers_copy] ON [dbo].[tblV2a_processed_sf_triggers_copy] ([processed_sf_trigger_id] ASC) WITH (DROP_EXISTING = OFF, ONLINE = ON) ON [PRIMARY];","-- Constraint-backed, review before dropping: ALTER TABLE [dbo].[tblV2a_processed_sf_triggers_copy] DROP CONSTRAINT [PK_tblV2a_processed_sf_triggers_copy];"
activist_insight,2026-05-10 01:35:21.070,[dbo].[tblVulnerability_date_requests_rpm_backup],dbo,tblVulnerability_date_requests_rpm_backup,1,PK_tblVulnerability_date_requests_rpm_backup,CLUSTERED,1,1,0,0,0,NULL,0,PRIMARY,vulnerability_date_request_id,NULL,1,4,vulnerability_date_request_id,NULL,vulnerability_date_request_id||,9146,1,0.26,0,2,0,0,2,NULL,2,NULL,2026-06-05 14:03:23.393,NULL,NULL,"CREATE UNIQUE CLUSTERED INDEX [PK_tblVulnerability_date_requests_rpm_backup] ON [dbo].[tblVulnerability_date_requests_rpm_backup] ([vulnerability_date_request_id] ASC) WITH (DROP_EXISTING = OFF, ONLINE = ON) ON [PRIMARY];","-- Constraint-backed, review before dropping: ALTER TABLE [dbo].[tblVulnerability_date_requests_rpm_backup] DROP CONSTRAINT [PK_tblVulnerability_date_requests_rpm_backup];"
activist_insight,2026-05-10 01:35:21.070,[dbo].[tmpCIKs_in_scrape_job],dbo,tmpCIKs_in_scrape_job,1,PK_tmpCIKs_in_scrape_job,CLUSTERED,1,1,0,0,0,NULL,0,PRIMARY,tmp_id,NULL,1,4,tmp_id,NULL,tmp_id||,8738,1,0.20,0,1449,0,3,1449,483.00,1446,NULL,2026-09-02 09:02:39.070,NULL,2026-08-31 19:08:01.440,"CREATE UNIQUE CLUSTERED INDEX [PK_tmpCIKs_in_scrape_job] ON [dbo].[tmpCIKs_in_scrape_job] ([tmp_id] ASC) WITH (DROP_EXISTING = OFF, ONLINE = ON) ON [PRIMARY];","-- Constraint-backed, review before dropping: ALTER TABLE [dbo].[tmpCIKs_in_scrape_job] DROP CONSTRAINT [PK_tmpCIKs_in_scrape_job];"
activist_insight,2026-05-10 01:35:21.070,[dbo].[tblcompany_search],dbo,tblcompany_search,13,IX_tblcompany_search_is_saved,NONCLUSTERED,0,0,0,0,1,([is_saved]=(1)),0,PRIMARY,company_search_id,"market_cap_min, market_cap_max, pid",1,4,company_search_id,"market_cap_max, market_cap_min, pid","company_search_id|market_cap_max, market_cap_min, pid|([is_saved]=(1))",8480,1,0.48,111093,793871,0,13688,904964,66.11,891276,2026-09-02 08:57:15.923,2026-09-02 08:57:15.737,NULL,2026-09-02 09:02:50.710,"CREATE NONCLUSTERED INDEX [IX_tblcompany_search_is_saved] ON [dbo].[tblcompany_search] ([company_search_id] ASC) INCLUDE (market_cap_min, market_cap_max, pid) WHERE ([is_saved]=(1)) WITH (DROP_EXISTING = OFF, ONLINE = ON) ON [PRIMARY];",DROP INDEX [IX_tblcompany_search_is_saved] ON [dbo].[tblcompany_search];
activist_insight,2026-05-10 01:35:21.070,[dbo].[tblReporting_records],dbo,tblReporting_records,1,PK_tblReporting_records,CLUSTERED,1,1,0,0,0,NULL,0,PRIMARY,reporting_record_id,NULL,1,4,reporting_record_id,NULL,reporting_record_id||,8463,1,1.61,0,0,0,0,0,NULL,0,NULL,NULL,NULL,NULL,"CREATE UNIQUE CLUSTERED INDEX [PK_tblReporting_records] ON [dbo].[tblReporting_records] ([reporting_record_id] ASC) WITH (DROP_EXISTING = OFF, ONLINE = ON) ON [PRIMARY];","-- Constraint-backed, review before dropping: ALTER TABLE [dbo].[tblReporting_records] DROP CONSTRAINT [PK_tblReporting_records];"
activist_insight,2026-05-10 01:35:21.070,[dbo].[tblAISECSearch_FilingDetails],dbo,tblAISECSearch_FilingDetails,0,NULL,HEAP,0,0,0,0,0,NULL,0,PRIMARY,NULL,NULL,0,0,NULL,NULL,||,8355,1,7.58,0,0,0,0,0,NULL,0,NULL,NULL,NULL,NULL,NULL,NULL
activist_insight,2026-05-10 01:35:21.070,[dbo].[tblV2a_processed_sf_trigger_unmatched_elements_copy],dbo,tblV2a_processed_sf_trigger_unmatched_elements_copy,1,PK_tblV2a_processed_sf_trigger_unmatched_elements_copy,CLUSTERED,1,1,0,0,0,NULL,0,PRIMARY,processed_sf_trigger_unmatched_id,NULL,1,4,processed_sf_trigger_unmatched_id,NULL,processed_sf_trigger_unmatched_id||,8313,1,1.09,0,0,0,0,0,NULL,0,NULL,NULL,NULL,NULL,"CREATE UNIQUE CLUSTERED INDEX [PK_tblV2a_processed_sf_trigger_unmatched_elements_copy] ON [dbo].[tblV2a_processed_sf_trigger_unmatched_elements_copy] ([processed_sf_trigger_unmatched_id] ASC) WITH (DROP_EXISTING = OFF, ONLINE = ON) ON [PRIMARY];","-- Constraint-backed, review before dropping: ALTER TABLE [dbo].[tblV2a_processed_sf_trigger_unmatched_elements_copy] DROP CONSTRAINT [PK_tblV2a_processed_sf_trigger_unmatched_elements_copy];"
activist_insight,2026-05-10 01:35:21.070,[dbo].[tblSignatories],dbo,tblSignatories,1,PK_tblSignatories,CLUSTERED,1,1,0,0,0,NULL,0,PRIMARY,signatory_id,NULL,1,4,signatory_id,NULL,signatory_id||,8203,1,0.63,0,0,0,0,0,NULL,0,NULL,NULL,NULL,NULL,"CREATE UNIQUE CLUSTERED INDEX [PK_tblSignatories] ON [dbo].[tblSignatories] ([signatory_id] ASC) WITH (DROP_EXISTING = OFF, ONLINE = ON) ON [PRIMARY];","-- Constraint-backed, review before dropping: ALTER TABLE [dbo].[tblSignatories] DROP CONSTRAINT [PK_tblSignatories];"
activist_insight,2026-05-10 01:35:21.070,[dbo].[tblActivist],dbo,tblActivist,1,PK_tblActivist,CLUSTERED,1,1,0,0,0,NULL,0,PRIMARY,activist_id,NULL,1,4,activist_id,NULL,activist_id||,8120,1,4.14,22732445,10933,65105,848,22808483,26896.80,22807635,2026-09-02 09:02:53.823,2026-09-02 09:00:32.927,2026-09-02 08:54:54.590,2026-09-02 08:38:24.340,"CREATE UNIQUE CLUSTERED INDEX [PK_tblActivist] ON [dbo].[tblActivist] ([activist_id] ASC) WITH (DROP_EXISTING = OFF, ONLINE = ON) ON [PRIMARY];","-- Constraint-backed, review before dropping: ALTER TABLE [dbo].[tblActivist] DROP CONSTRAINT [PK_tblActivist];"
activist_insight,2026-05-10 01:35:21.070,[dbo].[tblActivist],dbo,tblActivist,19,idx_tblactivist_active,NONCLUSTERED,0,0,0,0,0,NULL,0,PRIMARY,"active, company_id",NULL,2,5,"active, company_id",NULL,"active, company_id||",8120,1,0.32,61823,514638,0,359,576461,1605.74,576102,2026-09-02 09:02:47.787,2026-09-02 09:02:50.877,NULL,2026-09-02 08:38:24.340,"CREATE NONCLUSTERED INDEX [idx_tblactivist_active] ON [dbo].[tblActivist] ([active] DESC, [company_id] ASC) WITH (DROP_EXISTING = OFF, ONLINE = ON) ON [PRIMARY];",DROP INDEX [idx_tblactivist_active] ON [dbo].[tblActivist];
activist_insight,2026-05-10 01:35:21.070,[dbo].[tblActivist],dbo,tblActivist,21,idx_tblActivist_companyid_INCLUDES,NONCLUSTERED,0,0,0,0,0,NULL,0,PRIMARY,company_id,focused_id,1,4,company_id,focused_id,company_id|focused_id|,8120,1,0.53,1776017,228308,0,359,2004325,5583.08,2003966,2026-09-02 09:02:53.417,2026-09-02 09:02:53.717,NULL,2026-09-02 08:38:24.340,"CREATE NONCLUSTERED INDEX [idx_tblActivist_companyid_INCLUDES] ON [dbo].[tblActivist] ([company_id] ASC) INCLUDE (focused_id) WITH (DROP_EXISTING = OFF, ONLINE = ON) ON [PRIMARY];",DROP INDEX [idx_tblActivist_companyid_INCLUDES] ON [dbo].[tblActivist];
activist_insight,2026-05-10 01:35:21.070,[dbo].[tblISC],dbo,tblISC,1,ClusteredIndex-20161102-122924,CLUSTERED,0,0,0,0,0,NULL,0,PRIMARY,"Company_id, isc_date, ISC",NULL,3,20,"company_id, isc_date, isc",NULL,"company_id, isc_date, isc||",8045,1,0.38,0,0,0,0,0,NULL,0,NULL,NULL,NULL,NULL,"CREATE CLUSTERED INDEX [ClusteredIndex-20161102-122924] ON [dbo].[tblISC] ([Company_id] ASC, [isc_date] ASC, [ISC] ASC) WITH (DROP_EXISTING = OFF, ONLINE = ON) ON [PRIMARY];",DROP INDEX [ClusteredIndex-20161102-122924] ON [dbo].[tblISC];
activist_insight,2026-05-10 01:35:21.070,[dbo].[tblISC],dbo,tblISC,6,NonClusteredIndex-20161102-122234,NONCLUSTERED,0,0,0,0,0,NULL,0,PRIMARY,"Company_id, isc_date",ISC,2,12,"company_id, isc_date",isc,"company_id, isc_date|isc|",8045,1,0.23,0,2,0,0,2,NULL,2,NULL,2026-06-02 14:31:35.897,NULL,NULL,"CREATE NONCLUSTERED INDEX [NonClusteredIndex-20161102-122234] ON [dbo].[tblISC] ([Company_id] ASC, [isc_date] ASC) INCLUDE (ISC) WITH (DROP_EXISTING = OFF, ONLINE = ON) ON [PRIMARY];",DROP INDEX [NonClusteredIndex-20161102-122234] ON [dbo].[tblISC];
activist_insight,2026-05-10 01:35:21.070,[dbo].[tblVulnerability_comparison_companies_provisional],dbo,tblVulnerability_comparison_companies_provisional,1,PK_tblVulnerability_comparison_companies_provisional,CLUSTERED,1,1,0,0,0,NULL,0,PRIMARY,vulnerability_comparison_company_provisional_id,NULL,1,4,vulnerability_comparison_company_provisional_id,NULL,vulnerability_comparison_company_provisional_id||,7865,1,0.84,0,3753,0,6976,3753,0.54,-3223,NULL,2026-09-01 21:19:23.417,NULL,2026-09-01 21:19:23.407,"CREATE UNIQUE CLUSTERED INDEX [PK_tblVulnerability_comparison_companies_provisional] ON [dbo].[tblVulnerability_comparison_companies_provisional] ([vulnerability_comparison_company_provisional_id] ASC) WITH (DROP_EXISTING = OFF, ONLINE = ON) ON [PRIMARY];","-- Constraint-backed, review before dropping: ALTER TABLE [dbo].[tblVulnerability_comparison_companies_provisional] DROP CONSTRAINT [PK_tblVulnerability_comparison_companies_provisional];"
activist_insight,2026-05-10 01:35:21.070,[dbo].[tblVulnerability_comparison_companies],dbo,tblVulnerability_comparison_companies,1,PK_tblVulnerability_comparison_companies,CLUSTERED,1,1,0,0,0,NULL,0,PRIMARY,vulnerability_comparison_company_id,NULL,1,4,vulnerability_comparison_company_id,NULL,vulnerability_comparison_company_id||,7826,1,0.70,0,7141,0,3604,7141,1.98,3537,NULL,2026-09-01 21:19:23.810,NULL,2026-09-01 21:19:23.637,"CREATE UNIQUE CLUSTERED INDEX [PK_tblVulnerability_comparison_companies] ON [dbo].[tblVulnerability_comparison_companies] ([vulnerability_comparison_company_id] ASC) WITH (DROP_EXISTING = OFF, ONLINE = ON) ON [PRIMARY];","-- Constraint-backed, review before dropping: ALTER TABLE [dbo].[tblVulnerability_comparison_companies] DROP CONSTRAINT [PK_tblVulnerability_comparison_companies];"
activist_insight,2026-05-10 01:35:21.070,[dbo].[tblV2a_processed_sf_trigger_company_elements_copy],dbo,tblV2a_processed_sf_trigger_company_elements_copy,1,PK_tblV2a_processed_sf_trigger_company_elements_copy,CLUSTERED,1,1,0,0,0,NULL,0,PRIMARY,processed_sf_trigger_company_id,NULL,1,4,processed_sf_trigger_company_id,NULL,processed_sf_trigger_company_id||,7728,1,1.02,0,2,0,0,2,NULL,2,NULL,2026-06-05 14:02:43.667,NULL,NULL,"CREATE UNIQUE CLUSTERED INDEX [PK_tblV2a_processed_sf_trigger_company_elements_copy] ON [dbo].[tblV2a_processed_sf_trigger_company_elements_copy] ([processed_sf_trigger_company_id] ASC) WITH (DROP_EXISTING = OFF, ONLINE = ON) ON [PRIMARY];","-- Constraint-backed, review before dropping: ALTER TABLE [dbo].[tblV2a_processed_sf_trigger_company_elements_copy] DROP CONSTRAINT [PK_tblV2a_processed_sf_trigger_company_elements_copy];"
activist_insight,2026-05-10 01:35:21.070,[dbo].[tblgbr_director_appointments],dbo,tblgbr_director_appointments,0,NULL,HEAP,0,0,0,0,0,NULL,0,PRIMARY,NULL,NULL,0,0,NULL,NULL,||,7602,1,0.56,0,5204,0,4781,5204,1.09,423,NULL,2026-09-02 08:20:00.127,NULL,2026-09-02 08:20:00.127,NULL,NULL
activist_insight,2026-05-10 01:35:21.070,[dbo].[tblDashboard],dbo,tblDashboard,1,PK_lDashboard,CLUSTERED,1,1,0,0,0,NULL,0,PRIMARY,Dashboard_id,NULL,1,4,dashboard_id,NULL,dashboard_id||,7586,1,0.91,17741,606454,0,8445,624195,73.91,615750,2026-09-02 08:55:24.727,2026-09-02 09:02:52.500,NULL,2026-09-02 08:55:22.840,"CREATE UNIQUE CLUSTERED INDEX [PK_lDashboard] ON [dbo].[tblDashboard] ([Dashboard_id] ASC) WITH (DROP_EXISTING = OFF, ONLINE = ON) ON [PRIMARY];","-- Constraint-backed, review before dropping: ALTER TABLE [dbo].[tblDashboard] DROP CONSTRAINT [PK_lDashboard];"
activist_insight,2026-05-10 01:35:21.070,[dbo].[tblCampaign_Directors],dbo,tblCampaign_Directors,1,PK_tblCampaign_Directors,CLUSTERED,1,1,0,0,0,NULL,0,PRIMARY,campaign_directors_id,NULL,1,4,campaign_directors_id,NULL,campaign_directors_id||,7518,1,0.60,0,107997,0,739,107997,146.14,107258,NULL,2026-09-02 09:01:14.277,NULL,2026-09-02 08:20:16.587,"CREATE UNIQUE CLUSTERED INDEX [PK_tblCampaign_Directors] ON [dbo].[tblCampaign_Directors] ([campaign_directors_id] ASC) WITH (DROP_EXISTING = OFF, ONLINE = ON) ON [PRIMARY];","-- Constraint-backed, review before dropping: ALTER TABLE [dbo].[tblCampaign_Directors] DROP CONSTRAINT [PK_tblCampaign_Directors];"
activist_insight,2026-05-10 01:35:21.070,[dbo].[tblV3a_alerts],dbo,tblV3a_alerts,1,PK_tblV3a_alerts,CLUSTERED,1,1,0,0,0,NULL,0,PRIMARY,alert_id,NULL,1,4,alert_id,NULL,alert_id||,7390,1,0.77,48160090,1053564,113900,2066495,49327554,23.87,47261059,2026-09-02 09:02:51.023,2026-09-02 09:02:44.207,2026-09-02 08:57:16.610,2026-09-02 08:57:23.273,"CREATE UNIQUE CLUSTERED INDEX [PK_tblV3a_alerts] ON [dbo].[tblV3a_alerts] ([alert_id] ASC) WITH (DROP_EXISTING = OFF, ONLINE = ON) ON [PRIMARY];","-- Constraint-backed, review before dropping: ALTER TABLE [dbo].[tblV3a_alerts] DROP CONSTRAINT [PK_tblV3a_alerts];"
activist_insight,2026-05-10 01:35:21.070,[dbo].[tblV3a_alerts],dbo,tblV3a_alerts,11,idx_tblV3a_alerts_userid,NONCLUSTERED,0,0,0,0,0,NULL,0,PRIMARY,"user_id, notify_me_instant_alert",NULL,2,5,"user_id, notify_me_instant_alert",NULL,"user_id, notify_me_instant_alert||",7390,1,0.26,16883190,2406,0,232,16885596,72782.74,16885364,2026-09-02 09:02:53.300,2026-09-02 08:57:16.620,NULL,2026-08-27 14:34:30.090,"CREATE NONCLUSTERED INDEX [idx_tblV3a_alerts_userid] ON [dbo].[tblV3a_alerts] ([user_id] ASC, [notify_me_instant_alert] ASC) WITH (DROP_EXISTING = OFF, ONLINE = ON) ON [PRIMARY];",DROP INDEX [idx_tblV3a_alerts_userid] ON [dbo].[tblV3a_alerts];
activist_insight,2026-05-10 01:35:21.070,[dbo].[tbl13f_data_old],dbo,tbl13f_data_old,0,NULL,HEAP,0,0,0,0,0,NULL,0,PRIMARY,NULL,NULL,0,0,NULL,NULL,||,7317,1,0.52,0,2,0,0,2,NULL,2,NULL,2026-06-02 14:31:36.650,NULL,NULL,NULL,NULL
activist_insight,2026-05-10 01:35:21.070,[dbo].[tblVotingDisclosure],dbo,tblVotingDisclosure,1,CDX_tblVotingDisclosure_CompanyId_DisclosureType_Year,CLUSTERED,0,0,0,0,0,NULL,0,PRIMARY,"company_id, disclosuretype_id, year",NULL,3,12,"company_id, disclosuretype_id, year",NULL,"company_id, disclosuretype_id, year||",7309,1,1.10,199864,114321,0,51,314185,6160.49,314134,2026-09-02 08:59:14.530,2026-09-02 09:00:29.970,NULL,2026-08-13 07:55:10.637,"CREATE CLUSTERED INDEX [CDX_tblVotingDisclosure_CompanyId_DisclosureType_Year] ON [dbo].[tblVotingDisclosure] ([company_id] ASC, [disclosuretype_id] ASC, [year] ASC) WITH (DROP_EXISTING = OFF, ONLINE = ON) ON [PRIMARY];",DROP INDEX [CDX_tblVotingDisclosure_CompanyId_DisclosureType_Year] ON [dbo].[tblVotingDisclosure];
activist_insight,2026-05-10 01:35:21.070,[dbo].[tblVotingDisclosure],dbo,tblVotingDisclosure,2,PK__tblVotin__F6B145D2F2006006,NONCLUSTERED,1,1,0,0,0,NULL,0,PRIMARY,disclosure_id,NULL,1,4,disclosure_id,NULL,disclosure_id||,7309,1,0.30,0,2,0,51,2,0.04,-49,NULL,2026-06-02 14:31:36.250,NULL,2026-08-13 07:55:10.637,"CREATE UNIQUE NONCLUSTERED INDEX [PK__tblVotin__F6B145D2F2006006] ON [dbo].[tblVotingDisclosure] ([disclosure_id] ASC) WITH (DROP_EXISTING = OFF, ONLINE = ON) ON [PRIMARY];","-- Constraint-backed, review before dropping: ALTER TABLE [dbo].[tblVotingDisclosure] DROP CONSTRAINT [PK__tblVotin__F6B145D2F2006006];"
activist_insight,2026-05-10 01:35:21.070,[dbo].[raw_RP_InvestorPolicies],dbo,raw_RP_InvestorPolicies,0,NULL,HEAP,0,0,0,0,0,NULL,0,PRIMARY,NULL,NULL,0,0,NULL,NULL,||,7009,1,1.48,0,0,0,0,0,NULL,0,NULL,NULL,NULL,NULL,NULL,NULL
activist_insight,2026-05-10 01:35:21.070,[dbo].[raw_RP_InvestorPolicies_1015],dbo,raw_RP_InvestorPolicies_1015,0,NULL,HEAP,0,0,0,0,0,NULL,0,PRIMARY,NULL,NULL,0,0,NULL,NULL,||,7009,1,1.48,0,0,0,0,0,NULL,0,NULL,NULL,NULL,NULL,NULL,NULL
activist_insight,2026-05-10 01:35:21.070,[dbo].[tblgov_company],dbo,tblgov_company,1,PK_tblgov_company,CLUSTERED,1,1,0,0,0,NULL,0,PRIMARY,pid,NULL,1,4,pid,NULL,pid||,6949,1,0.56,0,431387,0,287590,431387,1.50,143797,NULL,2026-09-02 09:02:01.120,NULL,2026-09-02 09:02:01.120,"CREATE UNIQUE CLUSTERED INDEX [PK_tblgov_company] ON [dbo].[tblgov_company] ([pid] ASC) WITH (DROP_EXISTING = OFF, ONLINE = ON) ON [PRIMARY];","-- Constraint-backed, review before dropping: ALTER TABLE [dbo].[tblgov_company] DROP CONSTRAINT [PK_tblgov_company];"
activist_insight,2026-05-10 01:35:21.070,[dbo].[tmptbl_ASR_activism_summaries],dbo,tmptbl_ASR_activism_summaries,0,NULL,HEAP,0,0,0,0,0,NULL,0,PRIMARY,NULL,NULL,0,0,NULL,NULL,||,6934,1,4.49,0,0,0,0,0,NULL,0,NULL,NULL,NULL,NULL,NULL,NULL
activist_insight,2026-05-10 01:35:21.070,[dbo].[tblInstitutional_investment_cache],dbo,tblInstitutional_investment_cache,1,PK_tblInstitutional_investment_cache,CLUSTERED,1,1,0,0,0,NULL,0,PRIMARY,PID,NULL,1,4,pid,NULL,pid||,6906,1,0.52,401047,2364,0,580,403411,695.54,402831,2026-09-02 09:02:49.700,2026-09-02 08:02:07.847,NULL,2026-09-02 05:34:13.287,"CREATE UNIQUE CLUSTERED INDEX [PK_tblInstitutional_investment_cache] ON [dbo].[tblInstitutional_investment_cache] ([PID] ASC) WITH (DROP_EXISTING = OFF, ONLINE = ON) ON [PRIMARY];","-- Constraint-backed, review before dropping: ALTER TABLE [dbo].[tblInstitutional_investment_cache] DROP CONSTRAINT [PK_tblInstitutional_investment_cache];"
activist_insight,2026-05-10 01:35:21.070,[dbo].[tblcampaign_gbr],dbo,tblcampaign_gbr,1,PK_tblcampaign_gbr,CLUSTERED,1,1,0,0,0,NULL,0,PRIMARY,campaign_gbr_id,NULL,1,4,campaign_gbr_id,NULL,campaign_gbr_id||,6634,1,3.93,0,14768,0,758,14768,19.48,14010,NULL,2026-09-02 08:56:20.003,NULL,2026-09-02 08:22:06.890,"CREATE UNIQUE CLUSTERED INDEX [PK_tblcampaign_gbr] ON [dbo].[tblcampaign_gbr] ([campaign_gbr_id] ASC) WITH (DROP_EXISTING = OFF, ONLINE = ON) ON [PRIMARY];","-- Constraint-backed, review before dropping: ALTER TABLE [dbo].[tblcampaign_gbr] DROP CONSTRAINT [PK_tblcampaign_gbr];"
activist_insight,2026-05-10 01:35:21.070,[dbo].[tblAiOFeed_activists_id],dbo,tblAiOFeed_activists_id,0,NULL,HEAP,0,0,0,0,0,NULL,0,PRIMARY,NULL,NULL,0,0,NULL,NULL,||,6516,1,0.30,0,19813,0,4329,19813,4.58,15484,NULL,2026-09-02 09:00:45.530,NULL,2026-09-02 08:33:51.437,NULL,NULL
activist_insight,2026-05-10 01:35:21.070,[dbo].[tblV2a_alerts],dbo,tblV2a_alerts,1,PK_tblV2a_alerts,CLUSTERED,1,1,0,0,0,NULL,0,PRIMARY,alert_id,NULL,1,4,alert_id,NULL,alert_id||,6464,1,6.84,1,208134,0,0,208135,NULL,208135,2026-05-14 10:28:47.483,2026-09-02 09:02:53.763,NULL,NULL,"CREATE UNIQUE CLUSTERED INDEX [PK_tblV2a_alerts] ON [dbo].[tblV2a_alerts] ([alert_id] ASC) WITH (DROP_EXISTING = OFF, ONLINE = ON) ON [PRIMARY];","-- Constraint-backed, review before dropping: ALTER TABLE [dbo].[tblV2a_alerts] DROP CONSTRAINT [PK_tblV2a_alerts];"
activist_insight,2026-05-10 01:35:21.070,[dbo].[tblV2a_alerts],dbo,tblV2a_alerts,14,NonClusteredIndex-20190208-163220,NONCLUSTERED,0,0,0,0,0,NULL,0,PRIMARY,"created, send_filing_alerts, alert_paused","alert_id, company_query",3,3,"created, send_filing_alerts, alert_paused","alert_id, company_query","created, send_filing_alerts, alert_paused|alert_id, company_query|",6464,1,2.85,0,0,0,0,0,NULL,0,NULL,NULL,NULL,NULL,"CREATE NONCLUSTERED INDEX [NonClusteredIndex-20190208-163220] ON [dbo].[tblV2a_alerts] ([created] ASC, [send_filing_alerts] ASC, [alert_paused] ASC) INCLUDE (alert_id, company_query) WITH (DROP_EXISTING = OFF, ONLINE = ON) ON [PRIMARY];",DROP INDEX [NonClusteredIndex-20190208-163220] ON [dbo].[tblV2a_alerts];
activist_insight,2026-05-10 01:35:21.070,[dbo].[tblPrice_count_Nightly],dbo,tblPrice_count_Nightly,1,PK_tblPrice_count_Nightly,CLUSTERED,1,1,0,0,0,NULL,0,PRIMARY,date,NULL,1,3,date,NULL,date||,6366,1,0.17,0,1525,0,116,1525,13.15,1409,NULL,2026-09-02 08:53:49.920,NULL,2026-09-02 05:33:43.473,"CREATE UNIQUE CLUSTERED INDEX [PK_tblPrice_count_Nightly] ON [dbo].[tblPrice_count_Nightly] ([date] ASC) WITH (DROP_EXISTING = OFF, ONLINE = ON) ON [PRIMARY];","-- Constraint-backed, review before dropping: ALTER TABLE [dbo].[tblPrice_count_Nightly] DROP CONSTRAINT [PK_tblPrice_count_Nightly];"
activist_insight,2026-05-10 01:35:21.070,[dbo].[stgDHI_CGS_Import],dbo,stgDHI_CGS_Import,3,IX_stgDHI_CGS_Import_Unprocessed,NONCLUSTERED,0,0,0,0,1,([ImportStatus]=(1)),90,PRIMARY,"ImportStatus, ResponseStatus","PID, CUSIP, ISIN",2,54,"importstatus, responsestatus","cusip, isin, pid","importstatus, responsestatus|cusip, isin, pid|([importstatus]=(1))",6213,1,1.45,416,0,0,844569,416,0.00,-844153,2026-09-01 02:23:51.597,NULL,NULL,2026-09-02 01:54:54.903,"CREATE NONCLUSTERED INDEX [IX_stgDHI_CGS_Import_Unprocessed] ON [dbo].[stgDHI_CGS_Import] ([ImportStatus] ASC, [ResponseStatus] ASC) INCLUDE (PID, CUSIP, ISIN) WHERE ([ImportStatus]=(1)) WITH (DROP_EXISTING = OFF, ONLINE = ON, FILLFACTOR = 90) ON [PRIMARY];",DROP INDEX [IX_stgDHI_CGS_Import_Unprocessed] ON [dbo].[stgDHI_CGS_Import];
activist_insight,2026-05-10 01:35:21.070,[dbo].[tblGovernance_backup],dbo,tblGovernance_backup,0,NULL,HEAP,0,0,0,0,0,NULL,0,PRIMARY,NULL,NULL,0,0,NULL,NULL,||,6126,1,0.96,0,2,0,0,2,NULL,2,NULL,2026-06-05 14:03:37.137,NULL,NULL,NULL,NULL
activist_insight,2026-05-10 01:35:21.070,[dbo].[tblVulnerability_custom_peer_group_members],dbo,tblVulnerability_custom_peer_group_members,1,PK_tblVulnerability_custom_peer_group_members,CLUSTERED,1,1,0,0,0,NULL,0,PRIMARY,custom_peer_group_member_id,NULL,1,4,custom_peer_group_member_id,NULL,custom_peer_group_member_id||,5879,1,0.17,0,2,0,0,2,NULL,2,NULL,2026-06-05 14:03:08.887,NULL,NULL,"CREATE UNIQUE CLUSTERED INDEX [PK_tblVulnerability_custom_peer_group_members] ON [dbo].[tblVulnerability_custom_peer_group_members] ([custom_peer_group_member_id] ASC) WITH (DROP_EXISTING = OFF, ONLINE = ON) ON [PRIMARY];","-- Constraint-backed, review before dropping: ALTER TABLE [dbo].[tblVulnerability_custom_peer_group_members] DROP CONSTRAINT [PK_tblVulnerability_custom_peer_group_members];"
activist_insight,2026-05-10 01:35:21.070,[dbo].[tblActivist_nominee],dbo,tblActivist_nominee,1,PK_tblActivist_nominee,CLUSTERED,1,1,0,0,0,NULL,0,PRIMARY,Activist_nominee_id,NULL,1,4,activist_nominee_id,NULL,activist_nominee_id||,5596,1,0.44,0,9185575,0,80540,9185575,114.05,9105035,NULL,2026-09-02 09:02:53.823,NULL,2026-09-02 09:00:00.627,"CREATE UNIQUE CLUSTERED INDEX [PK_tblActivist_nominee] ON [dbo].[tblActivist_nominee] ([Activist_nominee_id] ASC) WITH (DROP_EXISTING = OFF, ONLINE = ON) ON [PRIMARY];","-- Constraint-backed, review before dropping: ALTER TABLE [dbo].[tblActivist_nominee] DROP CONSTRAINT [PK_tblActivist_nominee];"
activist_insight,2026-05-10 01:35:21.070,[dbo].[tblAigScore],dbo,tblAigScore,1,PK_tblAigScore_pid,CLUSTERED,1,1,0,0,0,NULL,0,PRIMARY,pid,NULL,1,4,pid,NULL,pid||,5545,1,1.20,42593,56511,0,8304,99104,11.93,90800,2026-09-02 09:01:13.203,2026-09-02 09:02:52.570,NULL,2026-09-02 09:00:42.800,"CREATE UNIQUE CLUSTERED INDEX [PK_tblAigScore_pid] ON [dbo].[tblAigScore] ([pid] ASC) WITH (DROP_EXISTING = OFF, ONLINE = ON) ON [PRIMARY];","-- Constraint-backed, review before dropping: ALTER TABLE [dbo].[tblAigScore] DROP CONSTRAINT [PK_tblAigScore_pid];"
activist_insight,2026-05-10 01:35:21.070,[dbo].[tblSec_lookup],dbo,tblSec_lookup,1,PK_tblSec_lookup,CLUSTERED,1,1,0,0,0,NULL,0,PRIMARY,sec_lookup_id,NULL,1,4,sec_lookup_id,NULL,sec_lookup_id||,5493,1,0.20,2,1157860,546077,168,1703939,10142.49,1703771,2026-09-02 07:48:49.453,2026-09-02 09:02:47.787,2026-09-02 08:57:41.470,2026-09-02 07:48:49.453,"CREATE UNIQUE CLUSTERED INDEX [PK_tblSec_lookup] ON [dbo].[tblSec_lookup] ([sec_lookup_id] ASC) WITH (DROP_EXISTING = OFF, ONLINE = ON) ON [PRIMARY];","-- Constraint-backed, review before dropping: ALTER TABLE [dbo].[tblSec_lookup] DROP CONSTRAINT [PK_tblSec_lookup];"
activist_insight,2026-05-10 01:35:21.070,[dbo].[tblSec_lookup],dbo,tblSec_lookup,4,idxSECLookup_sec_id,NONCLUSTERED,0,0,0,0,0,NULL,0,PRIMARY,sec_id,NULL,1,4,sec_id,NULL,sec_id||,5493,1,0.18,534977,116,0,168,535093,3185.08,534925,2026-09-02 02:00:35.267,2026-09-02 05:34:13.287,NULL,2026-09-02 07:48:49.453,"CREATE NONCLUSTERED INDEX [idxSECLookup_sec_id] ON [dbo].[tblSec_lookup] ([sec_id] ASC) WITH (DROP_EXISTING = OFF, ONLINE = ON) ON [PRIMARY];",DROP INDEX [idxSECLookup_sec_id] ON [dbo].[tblSec_lookup];
activist_insight,2026-05-10 01:35:21.070,[dbo].[tblSec_lookup],dbo,tblSec_lookup,5,idexSECLookup_activist,NONCLUSTERED,0,0,0,0,0,NULL,0,PRIMARY,activist_id,NULL,1,4,activist_id,NULL,activist_id||,5493,1,0.19,11100,116,0,168,11216,66.76,11048,2026-09-02 08:57:41.470,2026-09-02 05:32:52.593,NULL,2026-09-02 07:48:49.453,"CREATE NONCLUSTERED INDEX [idexSECLookup_activist] ON [dbo].[tblSec_lookup] ([activist_id] ASC) WITH (DROP_EXISTING = OFF, ONLINE = ON) ON [PRIMARY];",DROP INDEX [idexSECLookup_activist] ON [dbo].[tblSec_lookup];
activist_insight,2026-05-10 01:35:21.070,[dbo].[tblAiGFeed_PIDs],dbo,tblAiGFeed_PIDs,1,PK__tblAiGFe__1726EBA61CC268CD,CLUSTERED,1,1,0,0,0,NULL,0,PRIMARY,AiGFeed_PIDs_ID,NULL,1,4,aigfeed_pids_id,NULL,aigfeed_pids_id||,5432,1,0.11,0,2,0,0,2,NULL,2,NULL,2026-06-05 14:03:25.240,NULL,NULL,"CREATE UNIQUE CLUSTERED INDEX [PK__tblAiGFe__1726EBA61CC268CD] ON [dbo].[tblAiGFeed_PIDs] ([AiGFeed_PIDs_ID] ASC) WITH (DROP_EXISTING = OFF, ONLINE = ON) ON [PRIMARY];","-- Constraint-backed, review before dropping: ALTER TABLE [dbo].[tblAiGFeed_PIDs] DROP CONSTRAINT [PK__tblAiGFe__1726EBA61CC268CD];"
activist_insight,2026-05-10 01:35:21.070,[dbo].[tmpVulScoreCalcs],dbo,tmpVulScoreCalcs,1,PK_tmpVulScoreCalcs,CLUSTERED,1,1,0,0,0,NULL,0,PRIMARY,PID,NULL,1,4,pid,NULL,pid||,5258,1,2.38,62916956,7863663,0,65681913,70780619,1.08,5098706,2026-09-02 09:02:49.330,2026-09-02 09:02:52.920,NULL,2026-09-02 09:02:49.453,"CREATE UNIQUE CLUSTERED INDEX [PK_tmpVulScoreCalcs] ON [dbo].[tmpVulScoreCalcs] ([PID] ASC) WITH (DROP_EXISTING = OFF, ONLINE = ON) ON [PRIMARY];","-- Constraint-backed, review before dropping: ALTER TABLE [dbo].[tmpVulScoreCalcs] DROP CONSTRAINT [PK_tmpVulScoreCalcs];"
activist_insight,2026-05-10 01:35:21.070,[dbo].[tblQuery_track],dbo,tblQuery_track,0,NULL,HEAP,0,0,0,0,0,NULL,0,PRIMARY,NULL,NULL,0,0,NULL,NULL,||,5253,1,10.16,0,0,0,0,0,NULL,0,NULL,NULL,NULL,NULL,NULL,NULL
activist_insight,2026-05-10 01:35:21.070,[dbo].[tblAicdScore],dbo,tblAicdScore,1,PK_tblAicdScore_pid,CLUSTERED,1,1,0,0,0,NULL,0,PRIMARY,pid,NULL,1,4,pid,NULL,pid||,5229,1,2.33,249139,3001,0,2768,252140,91.09,249372,2026-09-02 09:02:44.193,2026-09-02 09:01:51.953,NULL,2026-09-02 09:01:51.953,"CREATE UNIQUE CLUSTERED INDEX [PK_tblAicdScore_pid] ON [dbo].[tblAicdScore] ([pid] ASC) WITH (DROP_EXISTING = OFF, ONLINE = ON) ON [PRIMARY];","-- Constraint-backed, review before dropping: ALTER TABLE [dbo].[tblAicdScore] DROP CONSTRAINT [PK_tblAicdScore_pid];"
activist_insight,2026-05-10 01:35:21.070,[dbo].[tmoMarket_caps_generated],dbo,tmoMarket_caps_generated,0,NULL,HEAP,0,0,0,0,0,NULL,0,PRIMARY,NULL,NULL,0,0,NULL,NULL,||,5080,1,0.32,0,4,0,0,4,NULL,4,NULL,2026-06-05 14:03:03.000,NULL,NULL,NULL,NULL
activist_insight,2026-05-10 01:35:21.070,[dbo].[tblARRequest],dbo,tblARRequest,0,NULL,HEAP,0,0,0,0,0,NULL,0,PRIMARY,NULL,NULL,0,0,NULL,NULL,||,5065,1,0.80,0,0,0,0,0,NULL,0,NULL,NULL,NULL,NULL,NULL,NULL
activist_insight,2026-05-10 01:35:21.070,[dbo].[tblFixed_Rem_Policy],dbo,tblFixed_Rem_Policy,1,PK__tblFixed__1B6E79A60A6E1FBA,CLUSTERED,1,1,0,0,0,NULL,0,PRIMARY,fixed_rem_policy_id,NULL,1,4,fixed_rem_policy_id,NULL,fixed_rem_policy_id||,5016,1,2.09,0,118,0,232,118,0.51,-114,NULL,2026-09-02 02:44:40.680,NULL,2026-09-02 02:44:40.767,"CREATE UNIQUE CLUSTERED INDEX [PK__tblFixed__1B6E79A60A6E1FBA] ON [dbo].[tblFixed_Rem_Policy] ([fixed_rem_policy_id] ASC) WITH (DROP_EXISTING = OFF, ONLINE = ON) ON [PRIMARY];","-- Constraint-backed, review before dropping: ALTER TABLE [dbo].[tblFixed_Rem_Policy] DROP CONSTRAINT [PK__tblFixed__1B6E79A60A6E1FBA];"
activist_insight,2026-05-10 01:35:21.070,[dbo].[tmpMax_holding],dbo,tmpMax_holding,0,NULL,HEAP,0,0,0,0,0,NULL,0,PRIMARY,NULL,NULL,0,0,NULL,NULL,||,4867,1,0.38,0,0,0,0,0,NULL,0,NULL,NULL,NULL,NULL,NULL,NULL
activist_insight,2026-05-10 01:35:21.070,[dbo].[tmpStep_Tracker],dbo,tmpStep_Tracker,0,NULL,HEAP,0,0,0,0,0,NULL,0,PRIMARY,NULL,NULL,0,0,NULL,NULL,||,4805,1,0.13,NULL,NULL,NULL,NULL,0,NULL,0,NULL,NULL,NULL,NULL,NULL,NULL
activist_insight,2026-05-10 01:35:21.070,[dbo].[tblcampaign_links],dbo,tblcampaign_links,1,PK__tblcampa__912FAE06C936CFFA,CLUSTERED,1,1,0,0,0,NULL,0,PRIMARY,campaign_links_id,NULL,1,4,campaign_links_id,NULL,campaign_links_id||,4717,1,0.21,7116,28364,0,117,35480,303.25,35363,2026-09-02 08:21:42.090,2026-09-02 09:00:37.343,NULL,2026-08-26 11:03:03.820,"CREATE UNIQUE CLUSTERED INDEX [PK__tblcampa__912FAE06C936CFFA] ON [dbo].[tblcampaign_links] ([campaign_links_id] ASC) WITH (DROP_EXISTING = OFF, ONLINE = ON) ON [PRIMARY];","-- Constraint-backed, review before dropping: ALTER TABLE [dbo].[tblcampaign_links] DROP CONSTRAINT [PK__tblcampa__912FAE06C936CFFA];"
activist_insight,2026-05-10 01:35:21.070,[dbo].[tblinvestor_search_country],dbo,tblinvestor_search_country,0,NULL,HEAP,0,0,0,0,0,NULL,0,PRIMARY,NULL,NULL,0,0,NULL,NULL,||,4635,1,0.31,0,10859,0,148,10859,73.37,10711,NULL,2026-09-02 08:57:16.313,NULL,2026-09-01 06:26:04.200,NULL,NULL
activist_insight,2026-05-10 01:35:21.070,[dbo].[tblinvestor_search_country],dbo,tblinvestor_search_country,2,NonClusteredIndex-20210707-094939,NONCLUSTERED,0,0,0,0,0,NULL,0,PRIMARY,investor_search_id,"country_id, region_id",1,4,investor_search_id,"country_id, region_id","investor_search_id|country_id, region_id|",4635,1,0.34,83458,2019,0,148,85477,577.55,85329,2026-09-02 09:02:51.127,2026-05-19 16:12:17.807,NULL,2026-09-01 06:26:04.200,"CREATE NONCLUSTERED INDEX [NonClusteredIndex-20210707-094939] ON [dbo].[tblinvestor_search_country] ([investor_search_id] ASC) INCLUDE (country_id, region_id) WITH (DROP_EXISTING = OFF, ONLINE = ON) ON [PRIMARY];",DROP INDEX [NonClusteredIndex-20210707-094939] ON [dbo].[tblinvestor_search_country];
activist_insight,2026-05-10 01:35:21.070,[dbo].[tmpDemands],dbo,tmpDemands,0,NULL,HEAP,0,0,0,0,0,NULL,0,PRIMARY,NULL,NULL,0,0,NULL,NULL,||,4620,1,0.24,0,0,0,0,0,NULL,0,NULL,NULL,NULL,NULL,NULL,NULL
activist_insight,2026-05-10 01:35:21.070,[dbo].[tmp13f_latest_filing],dbo,tmp13f_latest_filing,0,NULL,HEAP,0,0,0,0,0,NULL,0,PRIMARY,NULL,NULL,0,0,NULL,NULL,||,4549,1,0.21,0,0,0,0,0,NULL,0,NULL,NULL,NULL,NULL,NULL,NULL
activist_insight,2026-05-10 01:35:21.070,[dbo].[tvoting_investorsync],dbo,tvoting_investorsync,1,PK_tvoting_investorsync,CLUSTERED,1,1,0,0,0,NULL,0,PRIMARY,investorsync_id,NULL,1,8,investorsync_id,NULL,investorsync_id||,4486,1,0.50,0,3,0,8216,3,0.00,-8213,NULL,2026-05-28 08:51:22.260,NULL,2026-09-01 08:55:55.670,"CREATE UNIQUE CLUSTERED INDEX [PK_tvoting_investorsync] ON [dbo].[tvoting_investorsync] ([investorsync_id] ASC) WITH (DROP_EXISTING = OFF, ONLINE = ON) ON [PRIMARY];","-- Constraint-backed, review before dropping: ALTER TABLE [dbo].[tvoting_investorsync] DROP CONSTRAINT [PK_tvoting_investorsync];"
activist_insight,2026-05-10 01:35:21.070,[dbo].[tvoting_investorsync],dbo,tvoting_investorsync,2,IX_tvoting_investorsync_insert_date,NONCLUSTERED,0,0,0,0,0,NULL,0,PRIMARY,insert_date,"investor_id, year, investorsyncstatus",1,8,insert_date,"investor_id, investorsyncstatus, year","insert_date|investor_id, investorsyncstatus, year|",4486,1,0.24,0,0,0,8216,0,0.00,-8216,NULL,NULL,NULL,2026-09-01 08:55:55.670,"CREATE NONCLUSTERED INDEX [IX_tvoting_investorsync_insert_date] ON [dbo].[tvoting_investorsync] ([insert_date] ASC) INCLUDE (investor_id, year, investorsyncstatus) WITH (DROP_EXISTING = OFF, ONLINE = ON) ON [PRIMARY];",DROP INDEX [IX_tvoting_investorsync_insert_date] ON [dbo].[tvoting_investorsync];
activist_insight,2026-05-10 01:35:21.070,[dbo].[tvoting_investorsync],dbo,tvoting_investorsync,3,IX_tvoting_investorsync_investor_year,NONCLUSTERED,0,0,0,0,0,NULL,0,PRIMARY,"investor_id, year","investorsyncstatus, reason, insert_date, update_date",2,8,"investor_id, year","insert_date, investorsyncstatus, reason, update_date","investor_id, year|insert_date, investorsyncstatus, reason, update_date|",4486,1,0.73,0,2,0,8216,2,0.00,-8214,NULL,2026-05-28 08:51:29.483,NULL,2026-09-01 08:55:55.670,"CREATE NONCLUSTERED INDEX [IX_tvoting_investorsync_investor_year] ON [dbo].[tvoting_investorsync] ([investor_id] ASC, [year] ASC) INCLUDE (investorsyncstatus, reason, insert_date, update_date) WITH (DROP_EXISTING = OFF, ONLINE = ON) ON [PRIMARY];",DROP INDEX [IX_tvoting_investorsync_investor_year] ON [dbo].[tvoting_investorsync];
activist_insight,2026-05-10 01:35:21.070,[dbo].[tvoting_investorsync],dbo,tvoting_investorsync,4,IX_tvoting_investorsync_status,NONCLUSTERED,0,0,0,0,0,NULL,0,PRIMARY,"investorsyncstatus, year","investor_id, insert_date",2,6,"investorsyncstatus, year","insert_date, investor_id","investorsyncstatus, year|insert_date, investor_id|",4486,1,0.24,0,0,0,8216,0,0.00,-8216,NULL,NULL,NULL,2026-09-01 08:55:55.670,"CREATE NONCLUSTERED INDEX [IX_tvoting_investorsync_status] ON [dbo].[tvoting_investorsync] ([investorsyncstatus] ASC, [year] DESC) INCLUDE (investor_id, insert_date) WITH (DROP_EXISTING = OFF, ONLINE = ON) ON [PRIMARY];",DROP INDEX [IX_tvoting_investorsync_status] ON [dbo].[tvoting_investorsync];
activist_insight,2026-05-10 01:35:21.070,[dbo].[tblDirector_Ethnicity_Custom],dbo,tblDirector_Ethnicity_Custom,1,PK__tblDirector_Ethn__789E9DA1,CLUSTERED,1,1,0,0,0,NULL,0,PRIMARY,Ethnicity_custom_id,NULL,1,4,ethnicity_custom_id,NULL,ethnicity_custom_id||,4480,1,1.36,0,30021,0,15557,30021,1.93,14464,NULL,2026-09-02 08:50:48.603,NULL,2026-09-02 08:50:48.603,"CREATE UNIQUE CLUSTERED INDEX [PK__tblDirector_Ethn__789E9DA1] ON [dbo].[tblDirector_Ethnicity_Custom] ([Ethnicity_custom_id] ASC) WITH (DROP_EXISTING = OFF, ONLINE = ON) ON [PRIMARY];","-- Constraint-backed, review before dropping: ALTER TABLE [dbo].[tblDirector_Ethnicity_Custom] DROP CONSTRAINT [PK__tblDirector_Ethn__789E9DA1];"
activist_insight,2026-05-10 01:35:21.070,[dbo].[tblReporting_phase2_problem_steps],dbo,tblReporting_phase2_problem_steps,1,PK_tblReporting_phase2_problem_steps,CLUSTERED,1,1,0,0,0,NULL,0,PRIMARY,reporting_phase2_step_id,NULL,1,4,reporting_phase2_step_id,NULL,reporting_phase2_step_id||,4382,1,2.13,0,0,0,0,0,NULL,0,NULL,NULL,NULL,NULL,"CREATE UNIQUE CLUSTERED INDEX [PK_tblReporting_phase2_problem_steps] ON [dbo].[tblReporting_phase2_problem_steps] ([reporting_phase2_step_id] ASC) WITH (DROP_EXISTING = OFF, ONLINE = ON) ON [PRIMARY];","-- Constraint-backed, review before dropping: ALTER TABLE [dbo].[tblReporting_phase2_problem_steps] DROP CONSTRAINT [PK_tblReporting_phase2_problem_steps];"
activist_insight,2026-05-10 01:35:21.070,[dbo].[tblGov_comm],dbo,tblGov_comm,1,PK_tblGov_comm,CLUSTERED,1,1,0,0,0,NULL,0,PRIMARY,gov_comm_id,NULL,1,4,gov_comm_id,NULL,gov_comm_id||,4322,1,0.52,1238092,67516,0,73,1305608,17885.04,1305535,2026-09-02 09:02:53.823,2026-09-02 09:02:53.760,NULL,2026-08-27 04:22:12.943,"CREATE UNIQUE CLUSTERED INDEX [PK_tblGov_comm] ON [dbo].[tblGov_comm] ([gov_comm_id] ASC) WITH (DROP_EXISTING = OFF, ONLINE = ON) ON [PRIMARY];","-- Constraint-backed, review before dropping: ALTER TABLE [dbo].[tblGov_comm] DROP CONSTRAINT [PK_tblGov_comm];"
activist_insight,2026-05-10 01:35:21.070,[dbo].[tblcomp_company],dbo,tblcomp_company,1,PK_tblcomp_company,CLUSTERED,1,1,0,0,0,NULL,0,PRIMARY,pid,NULL,1,4,pid,NULL,pid||,4307,1,0.17,0,414,0,181,414,2.29,233,NULL,2026-09-02 05:01:18.960,NULL,2026-08-29 08:37:02.190,"CREATE UNIQUE CLUSTERED INDEX [PK_tblcomp_company] ON [dbo].[tblcomp_company] ([pid] ASC) WITH (DROP_EXISTING = OFF, ONLINE = ON) ON [PRIMARY];","-- Constraint-backed, review before dropping: ALTER TABLE [dbo].[tblcomp_company] DROP CONSTRAINT [PK_tblcomp_company];"
activist_insight,2026-05-10 01:35:21.070,[dbo].[tblKorean_translations_cache],dbo,tblKorean_translations_cache,1,PK_tblKorean_translations_cache,CLUSTERED,1,1,0,0,0,NULL,0,PRIMARY,translated_phrase_id,NULL,1,4,translated_phrase_id,NULL,translated_phrase_id||,4241,1,2.08,0,0,0,0,0,NULL,0,NULL,NULL,NULL,NULL,"CREATE UNIQUE CLUSTERED INDEX [PK_tblKorean_translations_cache] ON [dbo].[tblKorean_translations_cache] ([translated_phrase_id] ASC) WITH (DROP_EXISTING = OFF, ONLINE = ON) ON [PRIMARY];","-- Constraint-backed, review before dropping: ALTER TABLE [dbo].[tblKorean_translations_cache] DROP CONSTRAINT [PK_tblKorean_translations_cache];"
activist_insight,2026-05-10 01:35:21.070,[dbo].[rawLeadDirectorImport23122025],dbo,rawLeadDirectorImport23122025,0,NULL,HEAP,0,0,0,0,0,NULL,0,PRIMARY,NULL,NULL,0,0,NULL,NULL,||,4137,1,1.03,0,0,0,0,0,NULL,0,NULL,NULL,NULL,NULL,NULL,NULL
activist_insight,2026-05-10 01:35:21.070,[dbo].[tblV3a_alerts],dbo,tblV3a_alerts,15,IX_tblV3a_alerts_company_search_id,NONCLUSTERED,0,0,0,0,1,([company_search_id] IS NOT NULL),0,PRIMARY,company_search_id,NULL,1,4,company_search_id,NULL,company_search_id||([company_search_id] is not null),4018,1,0.13,3560,0,0,232,3560,15.34,3328,2026-09-01 18:43:44.380,NULL,NULL,2026-08-27 14:34:30.090,"CREATE NONCLUSTERED INDEX [IX_tblV3a_alerts_company_search_id] ON [dbo].[tblV3a_alerts] ([company_search_id] ASC) WHERE ([company_search_id] IS NOT NULL) WITH (DROP_EXISTING = OFF, ONLINE = ON) ON [PRIMARY];",DROP INDEX [IX_tblV3a_alerts_company_search_id] ON [dbo].[tblV3a_alerts];
activist_insight,2026-05-10 01:35:21.070,[dbo].[tblInstitutional_investment_cache2],dbo,tblInstitutional_investment_cache2,0,NULL,HEAP,0,0,0,0,0,NULL,0,PRIMARY,NULL,NULL,0,0,NULL,NULL,||,3946,1,0.13,0,2,0,0,2,NULL,2,NULL,2026-06-05 14:03:26.570,NULL,NULL,NULL,NULL
activist_insight,2026-05-10 01:35:21.070,[dbo].[tblcompany_search_market_cap],dbo,tblcompany_search_market_cap,1,ClusteredIndex-20220329-153506,CLUSTERED,0,0,0,0,0,NULL,0,PRIMARY,"company_search_id, market_cap_group_id",NULL,2,8,"company_search_id, market_cap_group_id",NULL,"company_search_id, market_cap_group_id||",3936,1,0.22,4597,0,0,206,4597,22.32,4391,2026-09-02 08:55:40.700,NULL,NULL,2026-08-26 17:00:08.890,"CREATE CLUSTERED INDEX [ClusteredIndex-20220329-153506] ON [dbo].[tblcompany_search_market_cap] ([company_search_id] DESC, [market_cap_group_id] DESC) WITH (DROP_EXISTING = OFF, ONLINE = ON) ON [PRIMARY];",DROP INDEX [ClusteredIndex-20220329-153506] ON [dbo].[tblcompany_search_market_cap];
activist_insight,2026-05-10 01:35:21.070,[dbo].[tblcompany_search_market_cap],dbo,tblcompany_search_market_cap,4,NonClusteredIndex-20220329-153520,NONCLUSTERED,0,0,0,0,0,NULL,0,PRIMARY,company_search_id,market_cap_group_id,1,4,company_search_id,market_cap_group_id,company_search_id|market_cap_group_id|,3936,1,0.20,349669,82380,0,206,432049,2097.33,431843,2026-09-02 08:59:54.350,2026-09-02 08:57:15.737,NULL,2026-08-26 17:00:08.890,"CREATE NONCLUSTERED INDEX [NonClusteredIndex-20220329-153520] ON [dbo].[tblcompany_search_market_cap] ([company_search_id] DESC) INCLUDE (market_cap_group_id) WITH (DROP_EXISTING = OFF, ONLINE = ON) ON [PRIMARY];",DROP INDEX [NonClusteredIndex-20220329-153520] ON [dbo].[tblcompany_search_market_cap];
activist_insight,2026-05-10 01:35:21.070,[dbo].[tblcompany_search_market_cap],dbo,tblcompany_search_market_cap,5,NonClusteredIndex-20220329-153543,NONCLUSTERED,0,0,0,0,0,NULL,0,PRIMARY,market_cap_group_id,company_search_id,1,4,market_cap_group_id,company_search_id,market_cap_group_id|company_search_id|,3936,1,0.23,82378,0,0,206,82378,399.89,82172,2026-09-02 08:57:15.923,NULL,NULL,2026-08-26 17:00:08.890,"CREATE NONCLUSTERED INDEX [NonClusteredIndex-20220329-153543] ON [dbo].[tblcompany_search_market_cap] ([market_cap_group_id] DESC) INCLUDE (company_search_id) WITH (DROP_EXISTING = OFF, ONLINE = ON) ON [PRIMARY];",DROP INDEX [NonClusteredIndex-20220329-153543] ON [dbo].[tblcompany_search_market_cap];
activist_insight,2026-05-10 01:35:21.070,[dbo].[tblfundamental_metrics_precalculated],dbo,tblfundamental_metrics_precalculated,0,NULL,HEAP,0,0,0,0,0,NULL,0,PRIMARY,NULL,NULL,0,0,NULL,NULL,||,3928,1,0.18,0,116,0,116,116,1.00,0,NULL,2026-09-02 07:00:32.410,NULL,2026-09-02 07:00:32.410,NULL,NULL
activist_insight,2026-05-10 01:35:21.070,[dbo].[tblV2a_processed_nsof_triggers],dbo,tblV2a_processed_nsof_triggers,1,PK_tblV2a_processed_filing_triggers,CLUSTERED,1,1,0,0,0,NULL,0,PRIMARY,processed_nsof_trigger_id,NULL,1,4,processed_nsof_trigger_id,NULL,processed_nsof_trigger_id||,3902,1,0.16,0,1214,0,607,1214,2.00,607,NULL,2026-09-02 08:57:30.577,NULL,2026-09-02 08:57:30.577,"CREATE UNIQUE CLUSTERED INDEX [PK_tblV2a_processed_filing_triggers] ON [dbo].[tblV2a_processed_nsof_triggers] ([processed_nsof_trigger_id] ASC) WITH (DROP_EXISTING = OFF, ONLINE = ON) ON [PRIMARY];","-- Constraint-backed, review before dropping: ALTER TABLE [dbo].[tblV2a_processed_nsof_triggers] DROP CONSTRAINT [PK_tblV2a_processed_filing_triggers];"
activist_insight,2026-05-10 01:35:21.070,[dbo].[tblProxyStatement_Audit],dbo,tblProxyStatement_Audit,1,PK_tblProxyStatement_Audit,CLUSTERED,1,1,0,0,0,NULL,0,PRIMARY,proxy_statement_complete_id,NULL,1,4,proxy_statement_complete_id,NULL,proxy_statement_complete_id||,3898,1,0.45,0,1,0,807,1,0.00,-806,NULL,2026-08-06 15:38:02.363,NULL,2026-09-01 18:06:49.790,"CREATE UNIQUE CLUSTERED INDEX [PK_tblProxyStatement_Audit] ON [dbo].[tblProxyStatement_Audit] ([proxy_statement_complete_id] ASC) WITH (DROP_EXISTING = OFF, ONLINE = ON) ON [PRIMARY];","-- Constraint-backed, review before dropping: ALTER TABLE [dbo].[tblProxyStatement_Audit] DROP CONSTRAINT [PK_tblProxyStatement_Audit];"
activist_insight,2026-05-10 01:35:21.070,[dbo].[tblCampaign_MandA_Slate],dbo,tblCampaign_MandA_Slate,0,NULL,HEAP,0,0,0,0,0,NULL,0,PRIMARY,NULL,NULL,0,0,NULL,NULL,||,3869,1,0.30,0,3812,0,3990,3812,0.96,-178,NULL,2026-08-24 16:06:10.000,NULL,2026-08-28 10:33:28.780,NULL,NULL
activist_insight,2026-05-10 01:35:21.070,[dbo].[tblproponent],dbo,tblproponent,1,PK_tblproponent,CLUSTERED,1,1,0,0,0,NULL,0,PRIMARY,proponent_id,NULL,1,4,proponent_id,NULL,proponent_id||,3844,1,0.29,2109397,236265,0,30,2345662,78188.73,2345632,2026-09-02 09:02:44.900,2026-09-02 09:01:10.440,NULL,2026-08-17 07:34:38.290,"CREATE UNIQUE CLUSTERED INDEX [PK_tblproponent] ON [dbo].[tblproponent] ([proponent_id] ASC) WITH (DROP_EXISTING = OFF, ONLINE = ON) ON [PRIMARY];","-- Constraint-backed, review before dropping: ALTER TABLE [dbo].[tblproponent] DROP CONSTRAINT [PK_tblproponent];"
activist_insight,2026-05-10 01:35:21.070,[dbo].[tblComplianceStatements],dbo,tblComplianceStatements,1,PK_tblComplianceStatements,CLUSTERED,1,1,0,0,0,NULL,0,PRIMARY,Id,NULL,1,4,id,NULL,id||,3824,1,6.60,159,112459,0,0,112618,NULL,112618,2026-08-13 09:42:43.150,2026-09-02 09:01:12.720,NULL,NULL,"CREATE UNIQUE CLUSTERED INDEX [PK_tblComplianceStatements] ON [dbo].[tblComplianceStatements] ([Id] ASC) WITH (DROP_EXISTING = OFF, ONLINE = ON) ON [PRIMARY];","-- Constraint-backed, review before dropping: ALTER TABLE [dbo].[tblComplianceStatements] DROP CONSTRAINT [PK_tblComplianceStatements];"
activist_insight,2026-05-10 01:35:21.070,[dbo].[tblISC_Processed_at13F],dbo,tblISC_Processed_at13F,0,NULL,HEAP,0,0,0,0,0,NULL,0,PRIMARY,NULL,NULL,0,0,NULL,NULL,||,3819,1,0.40,0,2,0,0,2,NULL,2,NULL,2026-06-05 14:03:08.860,NULL,NULL,NULL,NULL
activist_insight,2026-05-10 01:35:21.070,[dbo].[tblgov_company_US],dbo,tblgov_company_US,0,NULL,HEAP,0,0,0,0,0,NULL,0,PRIMARY,NULL,NULL,0,0,NULL,NULL,||,3740,1,0.11,0,2,0,94,2,0.02,-92,NULL,2026-06-05 14:03:08.910,NULL,2026-08-11 06:08:55.657,NULL,NULL
activist_insight,2026-05-10 01:35:21.070,[dbo].[tblVulnerability_comparison_precalculated_values_old_meeting_voting],dbo,tblVulnerability_comparison_precalculated_values_old_meeting_voting,1,PK_tblVulnerability_comparison_precalculated_values_old_meeting_voting,CLUSTERED,1,1,0,0,0,NULL,0,PRIMARY,PID,NULL,1,4,pid,NULL,pid||,3686,1,1.52,441214,349,0,861413,441563,0.51,-419850,2026-09-02 09:02:52.340,2026-09-02 08:02:07.847,NULL,2026-09-02 08:02:05.393,"CREATE UNIQUE CLUSTERED INDEX [PK_tblVulnerability_comparison_precalculated_values_old_meeting_voting] ON [dbo].[tblVulnerability_comparison_precalculated_values_old_meeting_voting] ([PID] ASC) WITH (DROP_EXISTING = OFF, ONLINE = ON) ON [PRIMARY];","-- Constraint-backed, review before dropping: ALTER TABLE [dbo].[tblVulnerability_comparison_precalculated_values_old_meeting_voting] DROP CONSTRAINT [PK_tblVulnerability_comparison_precalculated_values_old_meeting_voting];"
activist_insight,2026-05-10 01:35:21.070,[dbo].[tblkey_ratios_med_precalculated],dbo,tblkey_ratios_med_precalculated,0,NULL,HEAP,0,0,0,0,0,NULL,0,PRIMARY,NULL,NULL,0,0,NULL,NULL,||,3652,1,0.22,0,116,0,116,116,1.00,0,NULL,2026-09-02 07:00:32.453,NULL,2026-09-02 07:00:32.453,NULL,NULL
activist_insight,2026-05-10 01:35:21.070,[dbo].[tblVulnerability_comparison_precalculated_values_governance_per_pid],dbo,tblVulnerability_comparison_precalculated_values_governance_per_pid,1,PK_tblVulnerability_comparison_precalculated_values_governance_per_pid,CLUSTERED,1,1,0,0,0,NULL,0,PRIMARY,pid,NULL,1,4,pid,NULL,pid||,3651,1,0.45,1,234,0,116,235,2.03,119,2026-06-09 09:59:14.413,2026-09-02 08:02:07.847,NULL,2026-09-02 07:01:54.753,"CREATE UNIQUE CLUSTERED INDEX [PK_tblVulnerability_comparison_precalculated_values_governance_per_pid] ON [dbo].[tblVulnerability_comparison_precalculated_values_governance_per_pid] ([pid] ASC) WITH (DROP_EXISTING = OFF, ONLINE = ON) ON [PRIMARY];","-- Constraint-backed, review before dropping: ALTER TABLE [dbo].[tblVulnerability_comparison_precalculated_values_governance_per_pid] DROP CONSTRAINT [PK_tblVulnerability_comparison_precalculated_values_governance_per_pid];"
activist_insight,2026-05-10 01:35:21.070,[dbo].[tblCampaign_settlement],dbo,tblCampaign_settlement,1,PK_tblCampaignSettlement,CLUSTERED,1,1,0,0,0,NULL,0,PRIMARY,campaign_settlement_id,NULL,1,4,campaign_settlement_id,NULL,campaign_settlement_id||,3547,1,0.97,600,1897,6,735,2503,3.41,1768,2026-09-02 08:20:00.130,2026-09-02 08:56:55.623,2026-07-27 09:57:50.957,2026-09-02 08:20:00.130,"CREATE UNIQUE CLUSTERED INDEX [PK_tblCampaignSettlement] ON [dbo].[tblCampaign_settlement] ([campaign_settlement_id] ASC) WITH (DROP_EXISTING = OFF, ONLINE = ON) ON [PRIMARY];","-- Constraint-backed, review before dropping: ALTER TABLE [dbo].[tblCampaign_settlement] DROP CONSTRAINT [PK_tblCampaignSettlement];"
activist_insight,2026-05-10 01:35:21.070,[dbo].[tblCampaign_settlement],dbo,tblCampaign_settlement,2,NonClusteredIndex-tblCampaign_settlement-1,NONCLUSTERED,0,0,0,0,0,NULL,0,PRIMARY,campaign_summary_id,NULL,1,4,campaign_summary_id,NULL,campaign_summary_id||,3547,1,0.09,67469,7793,0,135,75262,557.50,75127,2026-09-02 09:01:14.210,2026-09-02 08:53:30.857,NULL,2026-09-02 08:07:41.680,"CREATE NONCLUSTERED INDEX [NonClusteredIndex-tblCampaign_settlement-1] ON [dbo].[tblCampaign_settlement] ([campaign_summary_id] ASC) WITH (DROP_EXISTING = OFF, ONLINE = ON) ON [PRIMARY];",DROP INDEX [NonClusteredIndex-tblCampaign_settlement-1] ON [dbo].[tblCampaign_settlement];
activist_insight,2026-05-10 01:35:21.070,[dbo].[stock_symbols_to_retreive],dbo,stock_symbols_to_retreive,0,NULL,HEAP,0,0,0,0,0,NULL,0,PRIMARY,NULL,NULL,0,0,NULL,NULL,||,3528,1,0.13,0,0,0,0,0,NULL,0,NULL,NULL,NULL,NULL,NULL,NULL
activist_insight,2026-05-10 01:35:21.070,[dbo].[tblVulnerability_comparison_precalculated_values_min_vfd_per_pid],dbo,tblVulnerability_comparison_precalculated_values_min_vfd_per_pid,1,PK_tblVulnerability_comparison_precalculated_values_min_vfd_per_pid,CLUSTERED,1,1,0,0,0,NULL,0,PRIMARY,pid,NULL,1,4,pid,NULL,pid||,3428,1,0.27,1,233,0,115,234,2.03,119,2026-06-09 09:59:14.413,2026-09-02 08:02:07.847,NULL,2026-09-02 08:02:05.820,"CREATE UNIQUE CLUSTERED INDEX [PK_tblVulnerability_comparison_precalculated_values_min_vfd_per_pid] ON [dbo].[tblVulnerability_comparison_precalculated_values_min_vfd_per_pid] ([pid] ASC) WITH (DROP_EXISTING = OFF, ONLINE = ON) ON [PRIMARY];","-- Constraint-backed, review before dropping: ALTER TABLE [dbo].[tblVulnerability_comparison_precalculated_values_min_vfd_per_pid] DROP CONSTRAINT [PK_tblVulnerability_comparison_precalculated_values_min_vfd_per_pid];"
activist_insight,2026-05-10 01:35:21.070,[dbo].[tblV2a_alert_companies],dbo,tblV2a_alert_companies,1,PK_tblV2a_alert_companies,CLUSTERED,1,1,0,0,0,NULL,0,PRIMARY,alert_company_id,NULL,1,4,alert_company_id,NULL,alert_company_id||,3361,1,0.16,NULL,NULL,NULL,NULL,0,NULL,0,NULL,NULL,NULL,NULL,"CREATE UNIQUE CLUSTERED INDEX [PK_tblV2a_alert_companies] ON [dbo].[tblV2a_alert_companies] ([alert_company_id] ASC) WITH (DROP_EXISTING = OFF, ONLINE = ON) ON [PRIMARY];","-- Constraint-backed, review before dropping: ALTER TABLE [dbo].[tblV2a_alert_companies] DROP CONSTRAINT [PK_tblV2a_alert_companies];"
activist_insight,2026-05-10 01:35:21.070,[dbo].[tblV2a_alert_companies],dbo,tblV2a_alert_companies,4,NonClusteredIndex-20180830-142505,NONCLUSTERED,0,0,0,0,0,NULL,0,PRIMARY,"alert_id, pid",NULL,2,8,"alert_id, pid",NULL,"alert_id, pid||",3361,1,0.14,0,2,0,0,2,NULL,2,NULL,2026-06-05 14:03:23.997,NULL,NULL,"CREATE NONCLUSTERED INDEX [NonClusteredIndex-20180830-142505] ON [dbo].[tblV2a_alert_companies] ([alert_id] ASC, [pid] ASC) WITH (DROP_EXISTING = OFF, ONLINE = ON) ON [PRIMARY];",DROP INDEX [NonClusteredIndex-20180830-142505] ON [dbo].[tblV2a_alert_companies];
activist_insight,2026-05-10 01:35:21.070,[dbo].[tblV2a_alert_companies],dbo,tblV2a_alert_companies,5,NonClusteredIndex-20190208-163708,NONCLUSTERED,0,0,0,0,0,NULL,0,PRIMARY,"alert_company_id, alert_id",NULL,2,8,"alert_company_id, alert_id",NULL,"alert_company_id, alert_id||",3361,1,0.11,0,0,0,0,0,NULL,0,NULL,NULL,NULL,NULL,"CREATE NONCLUSTERED INDEX [NonClusteredIndex-20190208-163708] ON [dbo].[tblV2a_alert_companies] ([alert_company_id] ASC, [alert_id] ASC) WITH (DROP_EXISTING = OFF, ONLINE = ON) ON [PRIMARY];",DROP INDEX [NonClusteredIndex-20190208-163708] ON [dbo].[tblV2a_alert_companies];
activist_insight,2026-05-10 01:35:21.070,[dbo].[tblinvestor_search],dbo,tblinvestor_search,8,IX_tblinvestor_search_is_saved,NONCLUSTERED,0,0,0,0,1,([is_saved]=(1)),0,PRIMARY,investor_search_id,"aum_min, aum_max",1,4,investor_search_id,"aum_max, aum_min","investor_search_id|aum_max, aum_min|([is_saved]=(1))",3271,1,0.16,76320,59284,0,1375,135604,98.62,134229,2026-09-02 08:57:16.453,2026-09-02 08:57:16.313,NULL,2026-09-02 09:02:50.820,"CREATE NONCLUSTERED INDEX [IX_tblinvestor_search_is_saved] ON [dbo].[tblinvestor_search] ([investor_search_id] ASC) INCLUDE (aum_min, aum_max) WHERE ([is_saved]=(1)) WITH (DROP_EXISTING = OFF, ONLINE = ON) ON [PRIMARY];",DROP INDEX [IX_tblinvestor_search_is_saved] ON [dbo].[tblinvestor_search];
activist_insight,2026-05-10 01:35:21.070,[dbo].[tblcampaign_short_tactics],dbo,tblcampaign_short_tactics,1,PK_tblcampaign_short_tactics,CLUSTERED,1,1,0,0,0,NULL,0,PRIMARY,tblcampaign_short_tacticsId,NULL,1,4,tblcampaign_short_tacticsid,NULL,tblcampaign_short_tacticsid||,3254,1,0.17,25968,57419,0,660,83387,126.34,82727,2026-09-02 09:00:19.920,2026-09-02 09:00:44.503,NULL,2026-09-01 13:20:54.757,"CREATE UNIQUE CLUSTERED INDEX [PK_tblcampaign_short_tactics] ON [dbo].[tblcampaign_short_tactics] ([tblcampaign_short_tacticsId] ASC) WITH (DROP_EXISTING = OFF, ONLINE = ON) ON [PRIMARY];","-- Constraint-backed, review before dropping: ALTER TABLE [dbo].[tblcampaign_short_tactics] DROP CONSTRAINT [PK_tblcampaign_short_tactics];"
activist_insight,2026-05-10 01:35:21.070,[dbo].[tmpCompPID],dbo,tmpCompPID,0,NULL,HEAP,0,0,0,0,0,NULL,0,PRIMARY,NULL,NULL,0,0,NULL,NULL,||,2899,1,0.06,0,0,0,0,0,NULL,0,NULL,NULL,NULL,NULL,NULL,NULL
activist_insight,2026-05-10 01:35:21.070,[dbo].[tblcampaign_short_info],dbo,tblcampaign_short_info,1,PK__tblcampa__976EF2E5626330A5,CLUSTERED,1,1,0,0,0,NULL,0,PRIMARY,campaign_short_info_id,NULL,1,4,campaign_short_info_id,NULL,campaign_short_info_id||,2747,1,4.73,1056581,2182729,483,712,3239793,4550.27,3239081,2026-09-02 09:02:30.340,2026-09-02 09:00:44.350,2026-09-01 13:25:17.967,2026-09-02 08:21:33.357,"CREATE UNIQUE CLUSTERED INDEX [PK__tblcampa__976EF2E5626330A5] ON [dbo].[tblcampaign_short_info] ([campaign_short_info_id] ASC) WITH (DROP_EXISTING = OFF, ONLINE = ON) ON [PRIMARY];","-- Constraint-backed, review before dropping: ALTER TABLE [dbo].[tblcampaign_short_info] DROP CONSTRAINT [PK__tblcampa__976EF2E5626330A5];"
activist_insight,2026-05-10 01:35:21.070,[dbo].[tblcampaign_short_info],dbo,tblcampaign_short_info,19,idx_tblcampaign_short_info_campaign_id,NONCLUSTERED,0,0,0,0,0,NULL,90,PRIMARY,campaign_id,"delisted, auditor_resigned, class_action, full_report, short_summary_text, company_respnd",1,4,campaign_id,"auditor_resigned, class_action, company_respnd, delisted, full_report, short_summary_text","campaign_id|auditor_resigned, class_action, company_respnd, delisted, full_report, short_summary_text|",2747,1,0.95,12101,5843,0,136,17944,131.94,17808,2026-09-02 09:00:09.490,2026-09-02 08:57:34.563,NULL,2026-09-02 08:21:33.357,"CREATE NONCLUSTERED INDEX [idx_tblcampaign_short_info_campaign_id] ON [dbo].[tblcampaign_short_info] ([campaign_id] ASC) INCLUDE (delisted, auditor_resigned, class_action, full_report, short_summary_text, company_respnd) WITH (DROP_EXISTING = OFF, ONLINE = ON, FILLFACTOR = 90) ON [PRIMARY];",DROP INDEX [idx_tblcampaign_short_info_campaign_id] ON [dbo].[tblcampaign_short_info];
activist_insight,2026-05-10 01:35:21.070,[dbo].[tblcampaign_short_info],dbo,tblcampaign_short_info,20,idx_tblcampaign_short_info_send_alert_created_at,NONCLUSTERED,0,0,0,0,0,NULL,90,PRIMARY,"send_alert, created_at",NULL,2,9,"send_alert, created_at",NULL,"send_alert, created_at||",2747,1,0.05,4660707,0,0,106,4660707,43968.93,4660601,2026-09-02 09:02:53.367,NULL,NULL,2026-09-02 08:21:33.357,"CREATE NONCLUSTERED INDEX [idx_tblcampaign_short_info_send_alert_created_at] ON [dbo].[tblcampaign_short_info] ([send_alert] ASC, [created_at] ASC) WITH (DROP_EXISTING = OFF, ONLINE = ON, FILLFACTOR = 90) ON [PRIMARY];",DROP INDEX [idx_tblcampaign_short_info_send_alert_created_at] ON [dbo].[tblcampaign_short_info];
activist_insight,2026-05-10 01:35:21.070,[dbo].[tblOffers_Offerer_Link],dbo,tblOffers_Offerer_Link,0,NULL,HEAP,0,0,0,0,0,NULL,0,PRIMARY,NULL,NULL,0,0,NULL,NULL,||,2726,1,0.16,0,1720,0,0,1720,NULL,1720,NULL,2026-09-02 06:42:34.413,NULL,NULL,NULL,NULL
activist_insight,2026-05-10 01:35:21.070,[dbo].[tblV2a_company_location_criteria],dbo,tblV2a_company_location_criteria,1,PK_tblV2a_company_location_criteria,CLUSTERED,1,1,0,0,0,NULL,0,PRIMARY,company_location_criteria_id,NULL,1,4,company_location_criteria_id,NULL,company_location_criteria_id||,2677,1,0.10,0,0,0,0,0,NULL,0,NULL,NULL,NULL,NULL,"CREATE UNIQUE CLUSTERED INDEX [PK_tblV2a_company_location_criteria] ON [dbo].[tblV2a_company_location_criteria] ([company_location_criteria_id] ASC) WITH (DROP_EXISTING = OFF, ONLINE = ON) ON [PRIMARY];","-- Constraint-backed, review before dropping: ALTER TABLE [dbo].[tblV2a_company_location_criteria] DROP CONSTRAINT [PK_tblV2a_company_location_criteria];"
activist_insight,2026-05-10 01:35:21.070,[dbo].[tblCalc_jobs],dbo,tblCalc_jobs,1,PK_tblCalc_jobs,CLUSTERED,1,1,0,0,0,NULL,0,PRIMARY,calc_job_entry_id,NULL,1,4,calc_job_entry_id,NULL,calc_job_entry_id||,2659,1,0.11,0,576,0,27,576,21.33,549,NULL,2026-09-02 09:02:39.253,NULL,2026-08-27 12:29:35.677,"CREATE UNIQUE CLUSTERED INDEX [PK_tblCalc_jobs] ON [dbo].[tblCalc_jobs] ([calc_job_entry_id] ASC) WITH (DROP_EXISTING = OFF, ONLINE = ON) ON [PRIMARY];","-- Constraint-backed, review before dropping: ALTER TABLE [dbo].[tblCalc_jobs] DROP CONSTRAINT [PK_tblCalc_jobs];"
activist_insight,2026-05-10 01:35:21.070,[dbo].[tblcampaign_announcement],dbo,tblcampaign_announcement,1,PK__tblcampa__EF44F3721A27B8CB,CLUSTERED,1,1,0,0,0,NULL,0,PRIMARY,campaign_announcement_id,NULL,1,4,campaign_announcement_id,NULL,campaign_announcement_id||,2622,1,0.25,444,26043,0,916,26487,28.92,25571,2026-09-01 13:20:54.763,2026-09-02 09:00:09.490,NULL,2026-09-01 13:20:54.763,"CREATE UNIQUE CLUSTERED INDEX [PK__tblcampa__EF44F3721A27B8CB] ON [dbo].[tblcampaign_announcement] ([campaign_announcement_id] ASC) WITH (DROP_EXISTING = OFF, ONLINE = ON) ON [PRIMARY];","-- Constraint-backed, review before dropping: ALTER TABLE [dbo].[tblcampaign_announcement] DROP CONSTRAINT [PK__tblcampa__EF44F3721A27B8CB];"
activist_insight,2026-05-10 01:35:21.070,[dbo].[tblUpdate_email_subscriptions],dbo,tblUpdate_email_subscriptions,1,PK_tblUpdate_email_subscriptions,CLUSTERED,1,1,0,0,0,NULL,0,PRIMARY,update_email_subscription_id,NULL,1,4,update_email_subscription_id,NULL,update_email_subscription_id||,2612,1,0.12,0,417136,0,257,417136,1623.10,416879,NULL,2026-09-02 09:02:53.763,NULL,2026-09-01 19:42:07.433,"CREATE UNIQUE CLUSTERED INDEX [PK_tblUpdate_email_subscriptions] ON [dbo].[tblUpdate_email_subscriptions] ([update_email_subscription_id] ASC) WITH (DROP_EXISTING = OFF, ONLINE = ON) ON [PRIMARY];","-- Constraint-backed, review before dropping: ALTER TABLE [dbo].[tblUpdate_email_subscriptions] DROP CONSTRAINT [PK_tblUpdate_email_subscriptions];"
activist_insight,2026-05-10 01:35:21.070,[dbo].[tblCUSIP_Lookup],dbo,tblCUSIP_Lookup,0,NULL,HEAP,0,0,0,0,0,NULL,0,PRIMARY,NULL,NULL,0,0,NULL,NULL,||,2532,1,0.20,0,117,0,0,117,NULL,117,NULL,2026-09-02 00:31:40.543,NULL,NULL,NULL,NULL
activist_insight,2026-05-10 01:35:21.070,[dbo].[tblOffers],dbo,tblOffers,0,NULL,HEAP,0,0,0,0,0,NULL,0,PRIMARY,NULL,NULL,0,0,NULL,NULL,||,2486,1,8.25,0,61617,0,0,61617,NULL,61617,NULL,2026-09-02 09:00:30.067,NULL,NULL,NULL,NULL
activist_insight,2026-05-10 01:35:21.070,[dbo].[tblcompany_search_peer_group],dbo,tblcompany_search_peer_group,1,ClusteredIndex-20220329-153602,CLUSTERED,0,0,0,0,0,NULL,0,PRIMARY,"company_search_id, peer_group_id",NULL,2,8,"company_search_id, peer_group_id",NULL,"company_search_id, peer_group_id||",2421,1,0.12,0,0,0,478,0,0.00,-478,NULL,NULL,NULL,2026-09-01 21:19:21.337,"CREATE CLUSTERED INDEX [ClusteredIndex-20220329-153602] ON [dbo].[tblcompany_search_peer_group] ([company_search_id] DESC, [peer_group_id] ASC) WITH (DROP_EXISTING = OFF, ONLINE = ON) ON [PRIMARY];",DROP INDEX [ClusteredIndex-20220329-153602] ON [dbo].[tblcompany_search_peer_group];
activist_insight,2026-05-10 01:35:21.070,[dbo].[tblcompany_search_peer_group],dbo,tblcompany_search_peer_group,4,NonClusteredIndex-20220329-153637,NONCLUSTERED,0,0,0,0,0,NULL,0,PRIMARY,company_search_id,peer_group_id,1,4,company_search_id,peer_group_id,company_search_id|peer_group_id|,2421,1,0.11,354383,82380,0,478,436763,913.73,436285,2026-09-02 08:59:54.350,2026-09-02 08:57:15.737,NULL,2026-09-01 21:19:21.337,"CREATE NONCLUSTERED INDEX [NonClusteredIndex-20220329-153637] ON [dbo].[tblcompany_search_peer_group] ([company_search_id] DESC) INCLUDE (peer_group_id) WITH (DROP_EXISTING = OFF, ONLINE = ON) ON [PRIMARY];",DROP INDEX [NonClusteredIndex-20220329-153637] ON [dbo].[tblcompany_search_peer_group];
activist_insight,2026-05-10 01:35:21.070,[dbo].[tblcompany_search_peer_group],dbo,tblcompany_search_peer_group,5,NonClusteredIndex-20220329-153656,NONCLUSTERED,0,0,0,0,0,NULL,0,PRIMARY,peer_group_id,company_search_id,1,4,peer_group_id,company_search_id,peer_group_id|company_search_id|,2421,1,0.16,82378,0,0,478,82378,172.34,81900,2026-09-02 08:57:15.923,NULL,NULL,2026-09-01 21:19:21.337,"CREATE NONCLUSTERED INDEX [NonClusteredIndex-20220329-153656] ON [dbo].[tblcompany_search_peer_group] ([peer_group_id] ASC) INCLUDE (company_search_id) WITH (DROP_EXISTING = OFF, ONLINE = ON) ON [PRIMARY];",DROP INDEX [NonClusteredIndex-20220329-153656] ON [dbo].[tblcompany_search_peer_group];
activist_insight,2026-05-10 01:35:21.070,[dbo].[tblOffersAcquisition],dbo,tblOffersAcquisition,0,NULL,HEAP,0,0,0,0,0,NULL,0,PRIMARY,NULL,NULL,0,0,NULL,NULL,||,2409,1,0.55,0,82,0,0,82,NULL,82,NULL,2026-08-28 09:58:19.703,NULL,NULL,NULL,NULL
activist_insight,2026-05-10 01:35:21.070,[dbo].[tblnews_blog_tag_link],dbo,tblnews_blog_tag_link,1,PK_tblnews_blog_tag_link,CLUSTERED,1,1,0,0,0,NULL,0,PRIMARY,news_blog_tag_id,NULL,1,4,news_blog_tag_id,NULL,news_blog_tag_id||,2407,1,0.13,0,12807,0,1171,12807,10.94,11636,NULL,2026-09-02 08:55:42.700,NULL,2026-09-01 16:57:39.220,"CREATE UNIQUE CLUSTERED INDEX [PK_tblnews_blog_tag_link] ON [dbo].[tblnews_blog_tag_link] ([news_blog_tag_id] ASC) WITH (DROP_EXISTING = OFF, ONLINE = ON) ON [PRIMARY];","-- Constraint-backed, review before dropping: ALTER TABLE [dbo].[tblnews_blog_tag_link] DROP CONSTRAINT [PK_tblnews_blog_tag_link];"
activist_insight,2026-05-10 01:35:21.070,[dbo].[tblPerformance_periodic],dbo,tblPerformance_periodic,1,PK_tblPerformance_periodic,CLUSTERED,1,1,0,0,0,NULL,0,PRIMARY,periodic_id,NULL,1,4,periodic_id,NULL,periodic_id||,2369,1,0.38,9476,137294,0,0,146770,NULL,146770,2026-08-25 09:04:49.200,2026-09-02 08:56:33.257,NULL,NULL,"CREATE UNIQUE CLUSTERED INDEX [PK_tblPerformance_periodic] ON [dbo].[tblPerformance_periodic] ([periodic_id] ASC) WITH (DROP_EXISTING = OFF, ONLINE = ON) ON [PRIMARY];","-- Constraint-backed, review before dropping: ALTER TABLE [dbo].[tblPerformance_periodic] DROP CONSTRAINT [PK_tblPerformance_periodic];"
activist_insight,2026-05-10 01:35:21.070,[dbo].[rawImportCGICompensationEMEA_GeneralPolicy],dbo,rawImportCGICompensationEMEA_GeneralPolicy,0,NULL,HEAP,0,0,0,0,0,NULL,0,PRIMARY,NULL,NULL,0,0,NULL,NULL,||,2331,1,0.91,0,1,0,2331,1,0.00,-2330,NULL,2026-09-02 02:22:40.473,NULL,2026-09-02 02:22:40.453,NULL,NULL
activist_insight,2026-05-10 01:35:21.070,[dbo].[tblNickName],dbo,tblNickName,1,PK_lNickName,CLUSTERED,1,1,0,0,0,NULL,0,PRIMARY,NickName_id,NULL,1,4,nickname_id,NULL,nickname_id||,2265,1,0.11,0,0,0,0,0,NULL,0,NULL,NULL,NULL,NULL,"CREATE UNIQUE CLUSTERED INDEX [PK_lNickName] ON [dbo].[tblNickName] ([NickName_id] ASC) WITH (DROP_EXISTING = OFF, ONLINE = ON) ON [PRIMARY];","-- Constraint-backed, review before dropping: ALTER TABLE [dbo].[tblNickName] DROP CONSTRAINT [PK_lNickName];"
activist_insight,2026-05-10 01:35:21.070,[dbo].[tblNickName],dbo,tblNickName,4,NonClusteredIndex-20171006-143047,NONCLUSTERED,0,0,0,0,0,NULL,0,PRIMARY,Name,Nickname,1,510,name,nickname,name|nickname|,2265,1,0.10,1807360,0,0,0,1807360,NULL,1807360,2026-09-02 01:00:08.287,NULL,NULL,NULL,"CREATE NONCLUSTERED INDEX [NonClusteredIndex-20171006-143047] ON [dbo].[tblNickName] ([Name] ASC) INCLUDE (Nickname) WITH (DROP_EXISTING = OFF, ONLINE = ON) ON [PRIMARY];",DROP INDEX [NonClusteredIndex-20171006-143047] ON [dbo].[tblNickName];
activist_insight,2026-05-10 01:35:21.070,[dbo].[tblcompanies_house_director_duplicates],dbo,tblcompanies_house_director_duplicates,0,NULL,HEAP,0,0,0,0,0,NULL,0,PRIMARY,NULL,NULL,0,0,NULL,NULL,||,2214,1,0.26,0,0,0,0,0,NULL,0,NULL,NULL,NULL,NULL,NULL,NULL
activist_insight,2026-05-10 01:35:21.070,[dbo].[tblUserSearch_Filter],dbo,tblUserSearch_Filter,1,PK_UserSearch_Filter,CLUSTERED,1,1,0,0,0,NULL,0,PRIMARY,filter_id,NULL,1,4,filter_id,NULL,filter_id||,2192,1,4.01,137,16173,0,339,16310,48.11,15971,2026-09-02 08:58:39.803,2026-09-02 09:01:11.650,NULL,2026-09-02 08:58:39.803,"CREATE UNIQUE CLUSTERED INDEX [PK_UserSearch_Filter] ON [dbo].[tblUserSearch_Filter] ([filter_id] ASC) WITH (DROP_EXISTING = OFF, ONLINE = ON) ON [PRIMARY];","-- Constraint-backed, review before dropping: ALTER TABLE [dbo].[tblUserSearch_Filter] DROP CONSTRAINT [PK_UserSearch_Filter];"
activist_insight,2026-05-10 01:35:21.070,[dbo].[tmpCUSIPLookup],dbo,tmpCUSIPLookup,0,NULL,HEAP,0,0,0,0,0,NULL,0,PRIMARY,NULL,NULL,0,0,NULL,NULL,||,2095,1,0.06,0,0,0,0,0,NULL,0,NULL,NULL,NULL,NULL,NULL,NULL
activist_insight,2026-05-10 01:35:21.070,[dbo].[tmpCUSIP_lookup_new],dbo,tmpCUSIP_lookup_new,0,NULL,HEAP,0,0,0,0,0,NULL,0,PRIMARY,NULL,NULL,0,0,NULL,NULL,||,2093,1,0.06,0,0,0,0,0,NULL,0,NULL,NULL,NULL,NULL,NULL,NULL
activist_insight,2026-05-10 01:35:21.070,[dbo].[tblUsers_preferences],dbo,tblUsers_preferences,0,NULL,HEAP,0,0,0,0,0,NULL,0,PRIMARY,NULL,NULL,0,0,NULL,NULL,||,2085,1,0.14,0,3026,0,0,3026,NULL,3026,NULL,2026-09-02 08:46:00.863,NULL,NULL,NULL,NULL
activist_insight,2026-05-10 01:35:21.070,[dbo].[tblVulnerability_comparison_criteria],dbo,tblVulnerability_comparison_criteria,1,PK_tblVulnerability_comparison_criteria,CLUSTERED,1,1,0,0,0,NULL,0,PRIMARY,vulnerability_comparison_criteria_id,NULL,1,4,vulnerability_comparison_criteria_id,NULL,vulnerability_comparison_criteria_id||,1952,1,0.20,0,1641,0,1393,1641,1.18,248,NULL,2026-09-01 21:19:23.847,NULL,2026-09-01 21:19:23.680,"CREATE UNIQUE CLUSTERED INDEX [PK_tblVulnerability_comparison_criteria] ON [dbo].[tblVulnerability_comparison_criteria] ([vulnerability_comparison_criteria_id] ASC) WITH (DROP_EXISTING = OFF, ONLINE = ON) ON [PRIMARY];","-- Constraint-backed, review before dropping: ALTER TABLE [dbo].[tblVulnerability_comparison_criteria] DROP CONSTRAINT [PK_tblVulnerability_comparison_criteria];"
activist_insight,2026-05-10 01:35:21.070,[dbo].[tblIssuer_LSE_Match],dbo,tblIssuer_LSE_Match,0,NULL,HEAP,0,0,0,0,0,NULL,0,PRIMARY,NULL,NULL,0,0,NULL,NULL,||,1851,1,0.23,0,2,0,0,2,NULL,2,NULL,2026-06-05 14:03:23.097,NULL,NULL,NULL,NULL
activist_insight,2026-05-10 01:35:21.070,[dbo].[tblAiSFeed_companies_id],dbo,tblAiSFeed_companies_id,0,NULL,HEAP,0,0,0,0,0,NULL,0,PRIMARY,NULL,NULL,0,0,NULL,NULL,||,1820,1,0.09,0,276713,0,59,276713,4690.05,276654,NULL,2026-09-02 09:01:50.007,NULL,2026-08-31 13:44:29.573,NULL,NULL
activist_insight,2026-05-10 01:35:21.070,[dbo].[tblV2a_alert_activists],dbo,tblV2a_alert_activists,1,PK_tblV2a_alert_activists,CLUSTERED,1,1,0,0,0,NULL,0,PRIMARY,alert_activist_id,NULL,1,4,alert_activist_id,NULL,alert_activist_id||,1820,1,0.08,0,0,0,0,0,NULL,0,NULL,NULL,NULL,NULL,"CREATE UNIQUE CLUSTERED INDEX [PK_tblV2a_alert_activists] ON [dbo].[tblV2a_alert_activists] ([alert_activist_id] ASC) WITH (DROP_EXISTING = OFF, ONLINE = ON) ON [PRIMARY];","-- Constraint-backed, review before dropping: ALTER TABLE [dbo].[tblV2a_alert_activists] DROP CONSTRAINT [PK_tblV2a_alert_activists];"
activist_insight,2026-05-10 01:35:21.070,[dbo].[tblAdmin_permissions],dbo,tblAdmin_permissions,1,PK_tblAdmin_permissions,CLUSTERED,1,1,0,0,0,NULL,0,PRIMARY,permission_id,NULL,1,4,permission_id,NULL,permission_id||,1786,1,0.09,0,1463886,0,36,1463886,40663.50,1463850,NULL,2026-09-02 09:02:53.437,NULL,2026-08-13 08:05:45.127,"CREATE UNIQUE CLUSTERED INDEX [PK_tblAdmin_permissions] ON [dbo].[tblAdmin_permissions] ([permission_id] ASC) WITH (DROP_EXISTING = OFF, ONLINE = ON) ON [PRIMARY];","-- Constraint-backed, review before dropping: ALTER TABLE [dbo].[tblAdmin_permissions] DROP CONSTRAINT [PK_tblAdmin_permissions];"
activist_insight,2026-05-10 01:35:21.070,[dbo].[tblDailyNewsSummariesAPB],dbo,tblDailyNewsSummariesAPB,0,NULL,HEAP,0,0,0,0,0,NULL,0,PRIMARY,NULL,NULL,0,0,NULL,NULL,||,1725,1,151.99,0,0,0,0,0,NULL,0,NULL,NULL,NULL,NULL,NULL,NULL
activist_insight,2026-05-10 01:35:21.070,[dbo].[tblIP_analysis],dbo,tblIP_analysis,1,PK_tblIP_analysis,CLUSTERED,1,1,0,0,0,NULL,0,PRIMARY,ip_analysis_id,NULL,1,4,ip_analysis_id,NULL,ip_analysis_id||,1725,1,0.20,0,0,0,0,0,NULL,0,NULL,NULL,NULL,NULL,"CREATE UNIQUE CLUSTERED INDEX [PK_tblIP_analysis] ON [dbo].[tblIP_analysis] ([ip_analysis_id] ASC) WITH (DROP_EXISTING = OFF, ONLINE = ON) ON [PRIMARY];","-- Constraint-backed, review before dropping: ALTER TABLE [dbo].[tblIP_analysis] DROP CONSTRAINT [PK_tblIP_analysis];"
activist_insight,2026-05-10 01:35:21.070,[dbo].[tblSelectedNomineeType],dbo,tblSelectedNomineeType,1,PK_lSelectedNomineeType,CLUSTERED,1,1,0,0,0,NULL,0,PRIMARY,SelectedNomineeType_id,NULL,1,4,selectednomineetype_id,NULL,selectednomineetype_id||,1723,1,0.07,0,0,0,0,0,NULL,0,NULL,NULL,NULL,NULL,"CREATE UNIQUE CLUSTERED INDEX [PK_lSelectedNomineeType] ON [dbo].[tblSelectedNomineeType] ([SelectedNomineeType_id] ASC) WITH (DROP_EXISTING = OFF, ONLINE = ON) ON [PRIMARY];","-- Constraint-backed, review before dropping: ALTER TABLE [dbo].[tblSelectedNomineeType] DROP CONSTRAINT [PK_lSelectedNomineeType];"
activist_insight,2026-05-10 01:35:21.070,[dbo].[tmpCIKInvestor],dbo,tmpCIKInvestor,0,NULL,HEAP,0,0,0,0,0,NULL,0,PRIMARY,NULL,NULL,0,0,NULL,NULL,||,1723,1,0.05,0,0,0,0,0,NULL,0,NULL,NULL,NULL,NULL,NULL,NULL
activist_insight,2026-05-10 01:35:21.070,[dbo].[tbluser_article_log],dbo,tbluser_article_log,0,NULL,HEAP,0,0,0,0,0,NULL,0,PRIMARY,NULL,NULL,0,0,NULL,NULL,||,1719,1,0.20,0,0,0,0,0,NULL,0,NULL,NULL,NULL,NULL,NULL,NULL
activist_insight,2026-05-10 01:35:21.070,[dbo].[tblVulnerability_comparison_precalculated_values_others],dbo,tblVulnerability_comparison_precalculated_values_others,1,PK_tblVulnerability_comparison_precalculated_values_others,CLUSTERED,1,1,0,0,0,NULL,0,PRIMARY,precalculated_result_id,NULL,1,4,precalculated_result_id,NULL,precalculated_result_id||,1719,1,0.17,0,118780,0,116,118780,1023.97,118664,NULL,2026-09-02 09:02:52.320,NULL,2026-09-02 07:01:53.640,"CREATE UNIQUE CLUSTERED INDEX [PK_tblVulnerability_comparison_precalculated_values_others] ON [dbo].[tblVulnerability_comparison_precalculated_values_others] ([precalculated_result_id] ASC) WITH (DROP_EXISTING = OFF, ONLINE = ON) ON [PRIMARY];","-- Constraint-backed, review before dropping: ALTER TABLE [dbo].[tblVulnerability_comparison_precalculated_values_others] DROP CONSTRAINT [PK_tblVulnerability_comparison_precalculated_values_others];"
activist_insight,2026-05-10 01:35:21.070,[dbo].[tblGovVotingDissent],dbo,tblGovVotingDissent,1,PK_tblGovVotingDissent,CLUSTERED,1,1,0,0,0,NULL,0,PRIMARY,Id,NULL,1,4,id,NULL,id||,1692,1,0.14,0,109261,0,0,109261,NULL,109261,NULL,2026-09-02 09:01:12.720,NULL,NULL,"CREATE UNIQUE CLUSTERED INDEX [PK_tblGovVotingDissent] ON [dbo].[tblGovVotingDissent] ([Id] ASC) WITH (DROP_EXISTING = OFF, ONLINE = ON) ON [PRIMARY];","-- Constraint-backed, review before dropping: ALTER TABLE [dbo].[tblGovVotingDissent] DROP CONSTRAINT [PK_tblGovVotingDissent];"
activist_insight,2026-05-10 01:35:21.070,[dbo].[tblDual_share_classes],dbo,tblDual_share_classes,1,PK_tblDual_share_classes,CLUSTERED,1,1,0,0,0,NULL,0,PRIMARY,dual_share_class_id,NULL,1,4,dual_share_class_id,NULL,dual_share_class_id||,1684,1,0.66,10,285122,155495,5,440627,88125.40,440622,2026-08-28 09:45:55.390,2026-09-02 09:01:43.323,2026-09-02 09:01:45.120,2026-08-20 06:21:33.477,"CREATE UNIQUE CLUSTERED INDEX [PK_tblDual_share_classes] ON [dbo].[tblDual_share_classes] ([dual_share_class_id] ASC) WITH (DROP_EXISTING = OFF, ONLINE = ON) ON [PRIMARY];","-- Constraint-backed, review before dropping: ALTER TABLE [dbo].[tblDual_share_classes] DROP CONSTRAINT [PK_tblDual_share_classes];"
activist_insight,2026-05-10 01:35:21.070,[dbo].[tblDual_share_classes],dbo,tblDual_share_classes,19,idx_cov_pid,NONCLUSTERED,0,0,0,0,0,NULL,0,PRIMARY,pid,NULL,1,4,pid,NULL,pid||,1684,1,0.06,54347,144766,0,5,199113,39822.60,199108,2026-09-02 09:01:45.120,2026-09-02 08:59:13.430,NULL,2026-08-20 06:21:33.477,"CREATE NONCLUSTERED INDEX [idx_cov_pid] ON [dbo].[tblDual_share_classes] ([pid] ASC) WITH (DROP_EXISTING = OFF, ONLINE = ON) ON [PRIMARY];",DROP INDEX [idx_cov_pid] ON [dbo].[tblDual_share_classes];
activist_insight,2026-05-10 01:35:21.070,[dbo].[tblV2a_alerts_backup],dbo,tblV2a_alerts_backup,0,NULL,HEAP,0,0,0,0,0,NULL,0,PRIMARY,NULL,NULL,0,0,NULL,NULL,||,1683,1,2.16,0,0,0,0,0,NULL,0,NULL,NULL,NULL,NULL,NULL,NULL
activist_insight,2026-05-10 01:35:21.070,[dbo].[tmpNPXManagers],dbo,tmpNPXManagers,0,NULL,HEAP,0,0,0,0,0,NULL,0,PRIMARY,NULL,NULL,0,0,NULL,NULL,||,1681,1,0.16,0,0,0,0,0,NULL,0,NULL,NULL,NULL,NULL,NULL,NULL
activist_insight,2026-05-10 01:35:21.070,[dbo].[tblCampaign_dispo],dbo,tblCampaign_dispo,0,NULL,HEAP,0,0,0,0,0,NULL,0,PRIMARY,NULL,NULL,0,0,NULL,NULL,||,1670,1,0.78,0,184,0,137,184,1.34,47,NULL,2026-08-28 06:56:43.860,NULL,2026-08-28 06:56:43.860,NULL,NULL
activist_insight,2026-05-10 01:35:21.070,[dbo].[tblinvestor_search_type],dbo,tblinvestor_search_type,1,PK_linvestor_search_type,CLUSTERED,1,1,0,0,0,NULL,0,PRIMARY,investor_search_type_id,NULL,1,4,investor_search_type_id,NULL,investor_search_type_id||,1666,1,0.09,0,0,0,58,0,0.00,-58,NULL,NULL,NULL,2026-08-25 13:54:10.260,"CREATE UNIQUE CLUSTERED INDEX [PK_linvestor_search_type] ON [dbo].[tblinvestor_search_type] ([investor_search_type_id] ASC) WITH (DROP_EXISTING = OFF, ONLINE = ON) ON [PRIMARY];","-- Constraint-backed, review before dropping: ALTER TABLE [dbo].[tblinvestor_search_type] DROP CONSTRAINT [PK_linvestor_search_type];"
activist_insight,2026-05-10 01:35:21.070,[dbo].[tblinvestor_search_type],dbo,tblinvestor_search_type,2,NonClusteredIndex-20210707-095014,NONCLUSTERED,0,0,0,0,0,NULL,0,PRIMARY,investor_search_id,"investor_type_id, investor_subtype_id",1,4,investor_search_id,"investor_subtype_id, investor_type_id","investor_search_id|investor_subtype_id, investor_type_id|",1666,1,0.09,68919,12878,0,58,81797,1410.29,81739,2026-09-02 09:02:51.127,2026-09-02 08:57:16.313,NULL,2026-08-25 13:54:10.260,"CREATE NONCLUSTERED INDEX [NonClusteredIndex-20210707-095014] ON [dbo].[tblinvestor_search_type] ([investor_search_id] ASC) INCLUDE (investor_type_id, investor_subtype_id) WITH (DROP_EXISTING = OFF, ONLINE = ON) ON [PRIMARY];",DROP INDEX [NonClusteredIndex-20210707-095014] ON [dbo].[tblinvestor_search_type];
activist_insight,2026-05-10 01:35:21.070,[dbo].[tblCompanies_house_records_to_scrape],dbo,tblCompanies_house_records_to_scrape,1,PK_tblCompanies_house_records_to_scrape,CLUSTERED,1,1,0,0,0,NULL,0,PRIMARY,Record_id,NULL,1,4,record_id,NULL,record_id||,1636,1,0.11,0,336,0,0,336,NULL,336,NULL,2026-09-02 07:01:53.543,NULL,NULL,"CREATE UNIQUE CLUSTERED INDEX [PK_tblCompanies_house_records_to_scrape] ON [dbo].[tblCompanies_house_records_to_scrape] ([Record_id] ASC) WITH (DROP_EXISTING = OFF, ONLINE = ON) ON [PRIMARY];","-- Constraint-backed, review before dropping: ALTER TABLE [dbo].[tblCompanies_house_records_to_scrape] DROP CONSTRAINT [PK_tblCompanies_house_records_to_scrape];"
activist_insight,2026-05-10 01:35:21.070,[dbo].[tblOffers_Demand_Link],dbo,tblOffers_Demand_Link,0,NULL,HEAP,0,0,0,0,0,NULL,0,PRIMARY,NULL,NULL,0,0,NULL,NULL,||,1621,1,0.13,0,8013,0,6,8013,1335.50,8007,NULL,2026-09-02 08:51:55.653,NULL,2026-07-27 09:57:51.003,NULL,NULL
activist_insight,2026-05-10 01:35:21.070,[dbo].[tblFeedStoredProc],dbo,tblFeedStoredProc,0,NULL,HEAP,0,0,0,0,0,NULL,0,PRIMARY,NULL,NULL,0,0,NULL,NULL,||,1603,1,1.36,0,230295,0,150160,230295,1.53,80135,NULL,2026-09-02 09:00:53.297,NULL,2026-09-02 09:00:53.243,NULL,NULL
activist_insight,2026-05-10 01:35:21.070,[dbo].[tblDirectorNominee],dbo,tblDirectorNominee,0,NULL,HEAP,0,0,0,0,0,NULL,0,PRIMARY,NULL,NULL,0,0,NULL,NULL,||,1568,1,0.31,0,3812,0,3812,3812,1.00,0,NULL,2026-08-24 16:06:09.983,NULL,2026-08-24 16:06:09.983,NULL,NULL
activist_insight,2026-05-10 01:35:21.070,[dbo].[tblinvestor_search_byshareholdercompany],dbo,tblinvestor_search_byshareholdercompany,1,PK__tblinves__2F2CC868B8755AA3,CLUSTERED,1,1,0,0,0,NULL,0,PRIMARY,investor_search_byshareholdercompany_id,NULL,1,4,investor_search_byshareholdercompany_id,NULL,investor_search_byshareholdercompany_id||,1545,1,0.08,0,5407,0,102,5407,53.01,5305,NULL,2026-09-02 08:57:16.313,NULL,2026-09-01 22:30:55.860,"CREATE UNIQUE CLUSTERED INDEX [PK__tblinves__2F2CC868B8755AA3] ON [dbo].[tblinvestor_search_byshareholdercompany] ([investor_search_byshareholdercompany_id] ASC) WITH (DROP_EXISTING = OFF, ONLINE = ON) ON [PRIMARY];","-- Constraint-backed, review before dropping: ALTER TABLE [dbo].[tblinvestor_search_byshareholdercompany] DROP CONSTRAINT [PK__tblinves__2F2CC868B8755AA3];"
activist_insight,2026-05-10 01:35:21.070,[dbo].[tblinvestor_search_byshareholdercompany],dbo,tblinvestor_search_byshareholdercompany,2,NonClusteredIndex-20210707-095200,NONCLUSTERED,0,0,0,0,0,NULL,0,PRIMARY,investor_search_id,pid,1,4,investor_search_id,pid,investor_search_id|pid|,1545,1,0.09,43318,6889,0,102,50207,492.23,50105,2026-09-02 09:02:51.127,2026-07-10 23:17:56.787,NULL,2026-09-01 22:30:55.860,"CREATE NONCLUSTERED INDEX [NonClusteredIndex-20210707-095200] ON [dbo].[tblinvestor_search_byshareholdercompany] ([investor_search_id] ASC) INCLUDE (pid) WITH (DROP_EXISTING = OFF, ONLINE = ON) ON [PRIMARY];",DROP INDEX [NonClusteredIndex-20210707-095200] ON [dbo].[tblinvestor_search_byshareholdercompany];
activist_insight,2026-05-10 01:35:21.070,[dbo].[tblPoison_pills],dbo,tblPoison_pills,1,PK_tblPoison_pills,CLUSTERED,1,1,0,0,0,NULL,0,PRIMARY,poison_pill_id,NULL,1,4,poison_pill_id,NULL,poison_pill_id||,1509,1,0.42,11337,6558,8853,56,26748,477.64,26692,2026-08-27 09:12:29.620,2026-09-02 09:00:28.407,2026-09-02 09:01:45.120,2026-08-21 05:47:02.807,"CREATE UNIQUE CLUSTERED INDEX [PK_tblPoison_pills] ON [dbo].[tblPoison_pills] ([poison_pill_id] ASC) WITH (DROP_EXISTING = OFF, ONLINE = ON) ON [PRIMARY];","-- Constraint-backed, review before dropping: ALTER TABLE [dbo].[tblPoison_pills] DROP CONSTRAINT [PK_tblPoison_pills];"
activist_insight,2026-05-10 01:35:21.070,[dbo].[tblPoison_pills],dbo,tblPoison_pills,16,NonClusteredIndex-20180823-170613,NONCLUSTERED,0,0,0,0,0,NULL,0,PRIMARY,"pid, adopted, amendment_number, final_expiration",NULL,4,24,"pid, adopted, amendment_number, final_expiration",NULL,"pid, adopted, amendment_number, final_expiration||",1509,1,0.10,117502,1828,0,56,119330,2130.89,119274,2026-09-02 09:01:45.120,2026-09-02 08:53:39.217,NULL,2026-08-21 05:47:02.807,"CREATE NONCLUSTERED INDEX [NonClusteredIndex-20180823-170613] ON [dbo].[tblPoison_pills] ([pid] ASC, [adopted] ASC, [amendment_number] ASC, [final_expiration] DESC) WITH (DROP_EXISTING = OFF, ONLINE = ON) ON [PRIMARY];",DROP INDEX [NonClusteredIndex-20180823-170613] ON [dbo].[tblPoison_pills];
activist_insight,2026-05-10 01:35:21.070,[dbo].[tblScrape_jobs],dbo,tblScrape_jobs,1,PK_tblScrape_jobs,CLUSTERED,1,1,0,0,0,NULL,0,PRIMARY,scrape_job_entry_id,NULL,1,4,scrape_job_entry_id,NULL,scrape_job_entry_id||,1498,1,0.08,0,557,0,2,557,278.50,555,NULL,2026-09-02 09:01:50.450,NULL,2026-08-31 19:07:58.730,"CREATE UNIQUE CLUSTERED INDEX [PK_tblScrape_jobs] ON [dbo].[tblScrape_jobs] ([scrape_job_entry_id] ASC) WITH (DROP_EXISTING = OFF, ONLINE = ON) ON [PRIMARY];","-- Constraint-backed, review before dropping: ALTER TABLE [dbo].[tblScrape_jobs] DROP CONSTRAINT [PK_tblScrape_jobs];"
activist_insight,2026-05-10 01:35:21.070,[dbo].[tblAlerts_filing_choices],dbo,tblAlerts_filing_choices,1,PK_tblAlerts_filing_choices,CLUSTERED,1,1,0,0,0,NULL,0,PRIMARY,alerts_filing_choice_id,NULL,1,4,alerts_filing_choice_id,NULL,alerts_filing_choice_id||,1488,1,0.05,0,0,0,0,0,NULL,0,NULL,NULL,NULL,NULL,"CREATE UNIQUE CLUSTERED INDEX [PK_tblAlerts_filing_choices] ON [dbo].[tblAlerts_filing_choices] ([alerts_filing_choice_id] ASC) WITH (DROP_EXISTING = OFF, ONLINE = ON) ON [PRIMARY];","-- Constraint-backed, review before dropping: ALTER TABLE [dbo].[tblAlerts_filing_choices] DROP CONSTRAINT [PK_tblAlerts_filing_choices];"
activist_insight,2026-05-10 01:35:21.070,[dbo].[tbldirector_non_attendance],dbo,tbldirector_non_attendance,1,PK__tbldirec__3213E83F70D15F96,CLUSTERED,1,1,0,0,0,NULL,0,PRIMARY,id,NULL,1,4,id,NULL,id||,1412,1,0.12,130,22544,0,4385,22674,5.17,18289,2026-09-02 08:20:42.907,2026-09-02 08:59:57.323,NULL,2026-09-02 08:23:31.577,"CREATE UNIQUE CLUSTERED INDEX [PK__tbldirec__3213E83F70D15F96] ON [dbo].[tbldirector_non_attendance] ([id] ASC) WITH (DROP_EXISTING = OFF, ONLINE = ON) ON [PRIMARY];","-- Constraint-backed, review before dropping: ALTER TABLE [dbo].[tbldirector_non_attendance] DROP CONSTRAINT [PK__tbldirec__3213E83F70D15F96];"
activist_insight,2026-05-10 01:35:21.070,[dbo].[13FFails],dbo,13FFails,0,NULL,HEAP,0,0,0,0,0,NULL,0,PRIMARY,NULL,NULL,0,0,NULL,NULL,||,1399,1,0.03,NULL,NULL,NULL,NULL,0,NULL,0,NULL,NULL,NULL,NULL,NULL,NULL
activist_insight,2026-05-10 01:35:21.070,[dbo].[tblMetric_calculator_exclusions],dbo,tblMetric_calculator_exclusions,1,PK_tblMetric_calculator_exclusions,CLUSTERED,1,1,0,0,0,NULL,0,PRIMARY,Calculator_exclusion_id,NULL,1,4,calculator_exclusion_id,NULL,calculator_exclusion_id||,1385,1,0.08,29053893,359624511,0,19105,388678404,20344.33,388659299,2026-09-02 09:02:53.893,2026-09-02 09:02:53.893,NULL,2026-09-01 21:26:04.133,"CREATE UNIQUE CLUSTERED INDEX [PK_tblMetric_calculator_exclusions] ON [dbo].[tblMetric_calculator_exclusions] ([Calculator_exclusion_id] ASC) WITH (DROP_EXISTING = OFF, ONLINE = ON) ON [PRIMARY];","-- Constraint-backed, review before dropping: ALTER TABLE [dbo].[tblMetric_calculator_exclusions] DROP CONSTRAINT [PK_tblMetric_calculator_exclusions];"
activist_insight,2026-05-10 01:35:21.070,[dbo].[tblCampaign_settlement_director_link],dbo,tblCampaign_settlement_director_link,0,NULL,HEAP,0,0,0,0,0,NULL,0,PRIMARY,NULL,NULL,0,0,NULL,NULL,||,1377,1,0.09,0,3824,0,3824,3824,1.00,0,NULL,2026-08-24 16:06:09.810,NULL,2026-08-24 16:06:09.810,NULL,NULL
activist_insight,2026-05-10 01:35:21.070,[dbo].[tblAuditor],dbo,tblAuditor,1,PK_tblAuditor,CLUSTERED,1,1,0,0,0,NULL,0,PRIMARY,auditor_id,NULL,1,4,auditor_id,NULL,auditor_id||,1337,1,0.11,89233,86398,0,81,175631,2168.28,175550,2026-09-02 09:01:53.130,2026-09-02 09:01:53.093,NULL,2026-09-01 08:50:34.577,"CREATE UNIQUE CLUSTERED INDEX [PK_tblAuditor] ON [dbo].[tblAuditor] ([auditor_id] ASC) WITH (DROP_EXISTING = OFF, ONLINE = ON) ON [PRIMARY];","-- Constraint-backed, review before dropping: ALTER TABLE [dbo].[tblAuditor] DROP CONSTRAINT [PK_tblAuditor];"
activist_insight,2026-05-10 01:35:21.070,[dbo].[tblV3a_alerts],dbo,tblV3a_alerts,16,IX_tblV3a_alerts_investor_search_id,NONCLUSTERED,0,0,0,0,1,([investor_search_id] IS NOT NULL),0,PRIMARY,investor_search_id,NULL,1,4,investor_search_id,NULL,investor_search_id||([investor_search_id] is not null),1327,1,0.05,108471,0,0,232,108471,467.55,108239,2026-09-02 08:57:16.610,NULL,NULL,2026-08-27 14:34:30.090,"CREATE NONCLUSTERED INDEX [IX_tblV3a_alerts_investor_search_id] ON [dbo].[tblV3a_alerts] ([investor_search_id] ASC) WHERE ([investor_search_id] IS NOT NULL) WITH (DROP_EXISTING = OFF, ONLINE = ON) ON [PRIMARY];",DROP INDEX [IX_tblV3a_alerts_investor_search_id] ON [dbo].[tblV3a_alerts];
activist_insight,2026-05-10 01:35:21.070,[dbo].[tblreport],dbo,tblreport,1,PK_tblreport,CLUSTERED,1,1,0,0,0,NULL,0,PRIMARY,report_id,NULL,1,4,report_id,NULL,report_id||,1299,1,0.17,0,111047,0,0,111047,NULL,111047,NULL,2026-09-02 09:01:12.693,NULL,NULL,"CREATE UNIQUE CLUSTERED INDEX [PK_tblreport] ON [dbo].[tblreport] ([report_id] ASC) WITH (DROP_EXISTING = OFF, ONLINE = ON) ON [PRIMARY];","-- Constraint-backed, review before dropping: ALTER TABLE [dbo].[tblreport] DROP CONSTRAINT [PK_tblreport];"
activist_insight,2026-05-10 01:35:21.070,[dbo].[tblTrade_data_avgprices],dbo,tblTrade_data_avgprices,0,NULL,HEAP,0,0,0,0,0,NULL,0,PRIMARY,NULL,NULL,0,0,NULL,NULL,||,1298,1,0.08,0,2,0,0,2,NULL,2,NULL,2026-06-02 14:31:35.957,NULL,NULL,NULL,NULL
activist_insight,2026-05-10 01:35:21.070,[dbo].[tblV2a_alert_filing_type_criteria],dbo,tblV2a_alert_filing_type_criteria,1,PK_tblV2a_alert_filing_type_criteria,CLUSTERED,1,1,0,0,0,NULL,0,PRIMARY,alert_filing_type_criteria_id,NULL,1,4,alert_filing_type_criteria_id,NULL,alert_filing_type_criteria_id||,1281,1,0.07,0,0,0,0,0,NULL,0,NULL,NULL,NULL,NULL,"CREATE UNIQUE CLUSTERED INDEX [PK_tblV2a_alert_filing_type_criteria] ON [dbo].[tblV2a_alert_filing_type_criteria] ([alert_filing_type_criteria_id] ASC) WITH (DROP_EXISTING = OFF, ONLINE = ON) ON [PRIMARY];","-- Constraint-backed, review before dropping: ALTER TABLE [dbo].[tblV2a_alert_filing_type_criteria] DROP CONSTRAINT [PK_tblV2a_alert_filing_type_criteria];"
activist_insight,2026-05-10 01:35:21.070,[dbo].[tblOffers_Intermediary_Link],dbo,tblOffers_Intermediary_Link,1,PK__tblOffers_Interm__5C4A230D,CLUSTERED,1,1,0,0,0,NULL,0,PRIMARY,Offers_Intermediary_Link_id,NULL,1,4,offers_intermediary_link_id,NULL,offers_intermediary_link_id||,1265,1,0.14,0,0,0,0,0,NULL,0,NULL,NULL,NULL,NULL,"CREATE UNIQUE CLUSTERED INDEX [PK__tblOffers_Interm__5C4A230D] ON [dbo].[tblOffers_Intermediary_Link] ([Offers_Intermediary_Link_id] ASC) WITH (DROP_EXISTING = OFF, ONLINE = ON) ON [PRIMARY];","-- Constraint-backed, review before dropping: ALTER TABLE [dbo].[tblOffers_Intermediary_Link] DROP CONSTRAINT [PK__tblOffers_Interm__5C4A230D];"
activist_insight,2026-05-10 01:35:21.070,[dbo].[tblVulnerability_exceptions],dbo,tblVulnerability_exceptions,1,PK_tblVulnerability_exceptions,CLUSTERED,1,1,0,0,0,NULL,0,PRIMARY,exception_id,NULL,1,4,exception_id,NULL,exception_id||,1242,1,0.05,0,875,19183,0,20058,NULL,20058,NULL,2026-09-02 07:04:15.653,2026-09-02 09:02:47.597,NULL,"CREATE UNIQUE CLUSTERED INDEX [PK_tblVulnerability_exceptions] ON [dbo].[tblVulnerability_exceptions] ([exception_id] ASC) WITH (DROP_EXISTING = OFF, ONLINE = ON) ON [PRIMARY];","-- Constraint-backed, review before dropping: ALTER TABLE [dbo].[tblVulnerability_exceptions] DROP CONSTRAINT [PK_tblVulnerability_exceptions];"
activist_insight,2026-05-10 01:35:21.070,[dbo].[tblVulnerability_exceptions],dbo,tblVulnerability_exceptions,5,NonClusteredIndex-20161024-184547,NONCLUSTERED,0,0,0,0,0,NULL,0,PRIMARY,industry_id,NULL,1,4,industry_id,NULL,industry_id||,1242,1,0.04,19183,0,0,0,19183,NULL,19183,2026-09-02 09:02:47.597,NULL,NULL,NULL,"CREATE NONCLUSTERED INDEX [NonClusteredIndex-20161024-184547] ON [dbo].[tblVulnerability_exceptions] ([industry_id] ASC) WITH (DROP_EXISTING = OFF, ONLINE = ON) ON [PRIMARY];",DROP INDEX [NonClusteredIndex-20161024-184547] ON [dbo].[tblVulnerability_exceptions];
activist_insight,2026-05-10 01:35:21.070,[dbo].[tblVulnerability_exceptions],dbo,tblVulnerability_exceptions,6,NonClusteredIndex-20161024-184617,NONCLUSTERED,0,0,0,0,0,NULL,0,PRIMARY,key_ratios_entry_id,NULL,1,4,key_ratios_entry_id,NULL,key_ratios_entry_id||,1242,1,0.04,0,0,0,0,0,NULL,0,NULL,NULL,NULL,NULL,"CREATE NONCLUSTERED INDEX [NonClusteredIndex-20161024-184617] ON [dbo].[tblVulnerability_exceptions] ([key_ratios_entry_id] ASC) WITH (DROP_EXISTING = OFF, ONLINE = ON) ON [PRIMARY];",DROP INDEX [NonClusteredIndex-20161024-184617] ON [dbo].[tblVulnerability_exceptions];
activist_insight,2026-05-10 01:35:21.070,[dbo].[tblUser_further_details],dbo,tblUser_further_details,0,NULL,HEAP,0,0,0,0,0,NULL,0,PRIMARY,NULL,NULL,0,0,NULL,NULL,||,1241,1,0.18,0,0,0,0,0,NULL,0,NULL,NULL,NULL,NULL,NULL,NULL
activist_insight,2026-05-10 01:35:21.070,[dbo].[tblASR_Campaign_Link],dbo,tblASR_Campaign_Link,0,NULL,HEAP,0,0,0,0,0,NULL,0,PRIMARY,NULL,NULL,0,0,NULL,NULL,||,1225,1,0.11,0,1,0,0,1,NULL,1,NULL,2026-07-20 10:53:46.513,NULL,NULL,NULL,NULL
activist_insight,2026-05-10 01:35:21.070,[dbo].[tblASR_Campaign_Link],dbo,tblASR_Campaign_Link,6,NonClusteredIndex-20160725-142205,NONCLUSTERED,0,0,0,0,0,NULL,0,PRIMARY,Campaign_id,NULL,1,4,campaign_id,NULL,campaign_id||,1225,1,0.04,0,0,0,0,0,NULL,0,NULL,NULL,NULL,NULL,"CREATE NONCLUSTERED INDEX [NonClusteredIndex-20160725-142205] ON [dbo].[tblASR_Campaign_Link] ([Campaign_id] ASC) WITH (DROP_EXISTING = OFF, ONLINE = ON) ON [PRIMARY];",DROP INDEX [NonClusteredIndex-20160725-142205] ON [dbo].[tblASR_Campaign_Link];
activist_insight,2026-05-10 01:35:21.070,[dbo].[tblASR_Campaign_Link],dbo,tblASR_Campaign_Link,7,NonClusteredIndex-20160725-142217,NONCLUSTERED,0,0,0,0,0,NULL,0,PRIMARY,activist_id,NULL,1,4,activist_id,NULL,activist_id||,1225,1,0.04,0,0,0,0,0,NULL,0,NULL,NULL,NULL,NULL,"CREATE NONCLUSTERED INDEX [NonClusteredIndex-20160725-142217] ON [dbo].[tblASR_Campaign_Link] ([activist_id] ASC) WITH (DROP_EXISTING = OFF, ONLINE = ON) ON [PRIMARY];",DROP INDEX [NonClusteredIndex-20160725-142217] ON [dbo].[tblASR_Campaign_Link];
activist_insight,2026-05-10 01:35:21.070,[dbo].[tblASR_Campaign_Link],dbo,tblASR_Campaign_Link,8,NonClusteredIndex-20160725-142231,NONCLUSTERED,0,0,0,0,0,NULL,0,PRIMARY,company_id,NULL,1,4,company_id,NULL,company_id||,1225,1,0.04,0,2,0,0,2,NULL,2,NULL,2026-06-02 14:31:36.013,NULL,NULL,"CREATE NONCLUSTERED INDEX [NonClusteredIndex-20160725-142231] ON [dbo].[tblASR_Campaign_Link] ([company_id] ASC) WITH (DROP_EXISTING = OFF, ONLINE = ON) ON [PRIMARY];",DROP INDEX [NonClusteredIndex-20160725-142231] ON [dbo].[tblASR_Campaign_Link];
activist_insight,2026-05-10 01:35:21.070,[dbo].[tblTooltips],dbo,tblTooltips,1,PK_lTooltips,CLUSTERED,1,1,0,0,0,NULL,0,PRIMARY,tooltip_id,NULL,1,4,tooltip_id,NULL,tooltip_id||,1194,1,0.84,1290,45202,0,53,46492,877.21,46439,2026-09-02 08:47:39.993,2026-09-02 09:02:44.473,NULL,2026-08-27 15:10:39.873,"CREATE UNIQUE CLUSTERED INDEX [PK_lTooltips] ON [dbo].[tblTooltips] ([tooltip_id] ASC) WITH (DROP_EXISTING = OFF, ONLINE = ON) ON [PRIMARY];","-- Constraint-backed, review before dropping: ALTER TABLE [dbo].[tblTooltips] DROP CONSTRAINT [PK_lTooltips];"
activist_insight,2026-05-10 01:35:21.070,[dbo].[tblCampaign_MandA],dbo,tblCampaign_MandA,0,NULL,HEAP,0,0,0,0,0,NULL,0,PRIMARY,NULL,NULL,0,0,NULL,NULL,||,1168,1,0.56,0,97,0,86,97,1.13,11,NULL,2026-09-02 08:21:55.983,NULL,2026-09-02 08:21:55.983,NULL,NULL
activist_insight,2026-05-10 01:35:21.070,[dbo].[tblV2a_alert_activist_action_criteria],dbo,tblV2a_alert_activist_action_criteria,1,PK_tblV2a_alter_activist_action_criteria,CLUSTERED,1,1,0,0,0,NULL,0,PRIMARY,alert_activist_action_criteria_id,NULL,1,4,alert_activist_action_criteria_id,NULL,alert_activist_action_criteria_id||,1155,1,0.09,0,0,0,0,0,NULL,0,NULL,NULL,NULL,NULL,"CREATE UNIQUE CLUSTERED INDEX [PK_tblV2a_alter_activist_action_criteria] ON [dbo].[tblV2a_alert_activist_action_criteria] ([alert_activist_action_criteria_id] ASC) WITH (DROP_EXISTING = OFF, ONLINE = ON) ON [PRIMARY];","-- Constraint-backed, review before dropping: ALTER TABLE [dbo].[tblV2a_alert_activist_action_criteria] DROP CONSTRAINT [PK_tblV2a_alter_activist_action_criteria];"
activist_insight,2026-05-10 01:35:21.070,[dbo].[tblIntermediary],dbo,tblIntermediary,1,PK_tblIntermediary,CLUSTERED,1,1,0,0,0,NULL,0,PRIMARY,intermediary_id,NULL,1,4,intermediary_id,NULL,intermediary_id||,1121,1,0.09,90128,1806586,0,3,1896714,632238.00,1896711,2026-09-02 09:01:14.497,2026-09-02 09:02:53.420,NULL,2026-07-01 07:49:03.010,"CREATE UNIQUE CLUSTERED INDEX [PK_tblIntermediary] ON [dbo].[tblIntermediary] ([intermediary_id] ASC) WITH (DROP_EXISTING = OFF, ONLINE = ON) ON [PRIMARY];","-- Constraint-backed, review before dropping: ALTER TABLE [dbo].[tblIntermediary] DROP CONSTRAINT [PK_tblIntermediary];"
activist_insight,2026-05-10 01:35:21.070,[dbo].[tblholding_price_targets],dbo,tblholding_price_targets,1,PK_tblholding_price_targets,CLUSTERED,1,1,0,0,0,NULL,0,PRIMARY,holding_price_targets_id,NULL,1,4,holding_price_targets_id,NULL,holding_price_targets_id||,1079,1,0.09,0,16444,0,1265,16444,13.00,15179,NULL,2026-09-02 09:02:27.930,NULL,2026-09-02 08:33:51.440,"CREATE UNIQUE CLUSTERED INDEX [PK_tblholding_price_targets] ON [dbo].[tblholding_price_targets] ([holding_price_targets_id] ASC) WITH (DROP_EXISTING = OFF, ONLINE = ON) ON [PRIMARY];","-- Constraint-backed, review before dropping: ALTER TABLE [dbo].[tblholding_price_targets] DROP CONSTRAINT [PK_tblholding_price_targets];"
activist_insight,2026-05-10 01:35:21.070,[dbo].[tblholding_price_targets],dbo,tblholding_price_targets,9,NonClusteredIndex-20171122-115042,NONCLUSTERED,0,0,0,0,0,NULL,0,PRIMARY,"price_target_date, campaign_id, price_target",NULL,3,21,"price_target_date, campaign_id, price_target",NULL,"price_target_date, campaign_id, price_target||",1079,1,0.08,0,88065,0,1265,88065,69.62,86800,NULL,2026-09-02 09:00:32.990,NULL,2026-09-02 08:33:51.440,"CREATE NONCLUSTERED INDEX [NonClusteredIndex-20171122-115042] ON [dbo].[tblholding_price_targets] ([price_target_date] DESC, [campaign_id] ASC, [price_target] ASC) WITH (DROP_EXISTING = OFF, ONLINE = ON) ON [PRIMARY];",DROP INDEX [NonClusteredIndex-20171122-115042] ON [dbo].[tblholding_price_targets];
activist_insight,2026-05-10 01:35:21.070,[dbo].[tblDirty_vulnerability_scores],dbo,tblDirty_vulnerability_scores,1,PK_tblDirty_vulnerability_scores_1,CLUSTERED,1,1,0,0,0,NULL,0,PRIMARY,dirty_vulnerability_score_id,NULL,1,4,dirty_vulnerability_score_id,NULL,dirty_vulnerability_score_id||,1054,1,1.47,0,2404060,0,914873,2404060,2.63,1489187,NULL,2026-09-02 09:02:52.987,NULL,2026-09-02 09:02:52.990,"CREATE UNIQUE CLUSTERED INDEX [PK_tblDirty_vulnerability_scores_1] ON [dbo].[tblDirty_vulnerability_scores] ([dirty_vulnerability_score_id] ASC) WITH (DROP_EXISTING = OFF, ONLINE = ON) ON [PRIMARY];","-- Constraint-backed, review before dropping: ALTER TABLE [dbo].[tblDirty_vulnerability_scores] DROP CONSTRAINT [PK_tblDirty_vulnerability_scores_1];"
activist_insight,2026-05-10 01:35:21.070,[dbo].[tblcampaign_secondary_allegat],dbo,tblcampaign_secondary_allegat,1,PK__tblcampa__C3F7B313A6F60EAC,CLUSTERED,1,1,0,0,0,NULL,0,PRIMARY,campaign_secondary_allegat_id,NULL,1,4,campaign_secondary_allegat_id,NULL,campaign_secondary_allegat_id||,1049,1,0.11,24043,161875,0,429,185918,433.38,185489,2026-09-02 09:00:20.120,2026-09-02 09:00:44.563,NULL,2026-09-01 13:20:54.760,"CREATE UNIQUE CLUSTERED INDEX [PK__tblcampa__C3F7B313A6F60EAC] ON [dbo].[tblcampaign_secondary_allegat] ([campaign_secondary_allegat_id] ASC) WITH (DROP_EXISTING = OFF, ONLINE = ON) ON [PRIMARY];","-- Constraint-backed, review before dropping: ALTER TABLE [dbo].[tblcampaign_secondary_allegat] DROP CONSTRAINT [PK__tblcampa__C3F7B313A6F60EAC];"
activist_insight,2026-05-10 01:35:21.070,[dbo].[tmpsymbol],dbo,tmpsymbol,0,NULL,HEAP,0,0,0,0,0,NULL,0,PRIMARY,NULL,NULL,0,0,NULL,NULL,||,1030,1,0.04,0,0,0,0,0,NULL,0,NULL,NULL,NULL,NULL,NULL,NULL
activist_insight,2026-05-10 01:35:21.070,[dbo].[tblQuery_criteria],dbo,tblQuery_criteria,1,PK_tblQuery_criteria,CLUSTERED,1,1,0,0,0,NULL,0,PRIMARY,query_criterion_id,NULL,1,4,query_criterion_id,NULL,query_criterion_id||,999,1,0.09,0,0,0,0,0,NULL,0,NULL,NULL,NULL,NULL,"CREATE UNIQUE CLUSTERED INDEX [PK_tblQuery_criteria] ON [dbo].[tblQuery_criteria] ([query_criterion_id] ASC) WITH (DROP_EXISTING = OFF, ONLINE = ON) ON [PRIMARY];","-- Constraint-backed, review before dropping: ALTER TABLE [dbo].[tblQuery_criteria] DROP CONSTRAINT [PK_tblQuery_criteria];"
activist_insight,2026-05-10 01:35:21.070,[dbo].[tblItem3_data],dbo,tblItem3_data,1,PK_tblItem3_data,CLUSTERED,1,1,0,0,0,NULL,0,PRIMARY,Id,NULL,1,4,id,NULL,id||,990,1,0.07,0,0,0,0,0,NULL,0,NULL,NULL,NULL,NULL,"CREATE UNIQUE CLUSTERED INDEX [PK_tblItem3_data] ON [dbo].[tblItem3_data] ([Id] ASC) WITH (DROP_EXISTING = OFF, ONLINE = ON) ON [PRIMARY];","-- Constraint-backed, review before dropping: ALTER TABLE [dbo].[tblItem3_data] DROP CONSTRAINT [PK_tblItem3_data];"
activist_insight,2026-05-10 01:35:21.070,[dbo].[tblAiOFeed_contacts_id],dbo,tblAiOFeed_contacts_id,0,NULL,HEAP,0,0,0,0,0,NULL,0,PRIMARY,NULL,NULL,0,0,NULL,NULL,||,962,1,0.07,0,19162,0,3900,19162,4.91,15262,NULL,2026-09-02 08:38:48.343,NULL,2026-09-02 08:33:51.430,NULL,NULL
activist_insight,2026-05-10 01:35:21.070,[dbo].[tbladmin_company_identifiers],dbo,tbladmin_company_identifiers,1,PK__tbladmin__EBAB43DEB32C5CCD,CLUSTERED,1,1,0,0,0,NULL,0,PRIMARY,admin_company_identifier_id,NULL,1,4,admin_company_identifier_id,NULL,admin_company_identifier_id||,961,1,0.08,0,0,0,0,0,NULL,0,NULL,NULL,NULL,NULL,"CREATE UNIQUE CLUSTERED INDEX [PK__tbladmin__EBAB43DEB32C5CCD] ON [dbo].[tbladmin_company_identifiers] ([admin_company_identifier_id] ASC) WITH (DROP_EXISTING = OFF, ONLINE = ON) ON [PRIMARY];","-- Constraint-backed, review before dropping: ALTER TABLE [dbo].[tbladmin_company_identifiers] DROP CONSTRAINT [PK__tbladmin__EBAB43DEB32C5CCD];"
activist_insight,2026-05-10 01:35:21.070,[dbo].[tblDIP_ImportRun],dbo,tblDIP_ImportRun,1,PK_tblDIP_ImportRun,CLUSTERED,1,1,0,0,0,NULL,0,PRIMARY,import_id,NULL,1,4,import_id,NULL,import_id||,938,1,0.11,1394,464,0,465,1858,4.00,1393,2026-09-02 02:45:38.893,2026-09-02 02:40:47.217,NULL,2026-09-02 02:45:38.893,"CREATE UNIQUE CLUSTERED INDEX [PK_tblDIP_ImportRun] ON [dbo].[tblDIP_ImportRun] ([import_id] ASC) WITH (DROP_EXISTING = OFF, ONLINE = ON) ON [PRIMARY];","-- Constraint-backed, review before dropping: ALTER TABLE [dbo].[tblDIP_ImportRun] DROP CONSTRAINT [PK_tblDIP_ImportRun];"
activist_insight,2026-05-10 01:35:21.070,[dbo].[tblAiM_Articles_products],dbo,tblAiM_Articles_products,1,PK_tblAiM_Articles_products,CLUSTERED,1,1,0,0,0,NULL,0,PRIMARY,aim_article_products_id,NULL,1,4,aim_article_products_id,NULL,aim_article_products_id||,937,1,0.05,0,121272,0,157,121272,772.43,121115,NULL,2026-09-02 09:02:53.187,NULL,2026-08-21 16:19:47.913,"CREATE UNIQUE CLUSTERED INDEX [PK_tblAiM_Articles_products] ON [dbo].[tblAiM_Articles_products] ([aim_article_products_id] ASC) WITH (DROP_EXISTING = OFF, ONLINE = ON) ON [PRIMARY];","-- Constraint-backed, review before dropping: ALTER TABLE [dbo].[tblAiM_Articles_products] DROP CONSTRAINT [PK_tblAiM_Articles_products];"
activist_insight,2026-05-10 01:35:21.070,[dbo].[tblGovMemorandum],dbo,tblGovMemorandum,0,NULL,HEAP,0,0,0,0,0,NULL,0,PRIMARY,NULL,NULL,0,0,NULL,NULL,||,917,1,0.18,0,35473,0,97,35473,365.70,35376,NULL,2026-09-02 09:01:53.207,NULL,2026-09-01 08:22:33.830,NULL,NULL
activist_insight,2026-05-10 01:35:21.070,[dbo].[tmpISINImport],dbo,tmpISINImport,0,NULL,HEAP,0,0,0,0,0,NULL,0,PRIMARY,NULL,NULL,0,0,NULL,NULL,||,901,1,0.05,0,0,0,0,0,NULL,0,NULL,NULL,NULL,NULL,NULL,NULL
activist_insight,2026-05-10 01:35:21.070,[dbo].[tblDirectors_unread],dbo,tblDirectors_unread,1,PK_tblDirectors_unread_New,CLUSTERED,1,1,0,0,0,NULL,0,PRIMARY,Director_unread_id,NULL,1,4,director_unread_id,NULL,director_unread_id||,895,1,0.17,0,2,0,0,2,NULL,2,NULL,2026-06-05 14:07:37.310,NULL,NULL,"CREATE UNIQUE CLUSTERED INDEX [PK_tblDirectors_unread_New] ON [dbo].[tblDirectors_unread] ([Director_unread_id] ASC) WITH (DROP_EXISTING = OFF, ONLINE = ON) ON [PRIMARY];","-- Constraint-backed, review before dropping: ALTER TABLE [dbo].[tblDirectors_unread] DROP CONSTRAINT [PK_tblDirectors_unread_New];"
activist_insight,2026-05-10 01:35:21.070,[dbo].[tblnotes],dbo,tblnotes,1,PK_tblnotes,CLUSTERED,1,1,0,0,0,NULL,0,PRIMARY,notes_id,NULL,1,4,notes_id,NULL,notes_id||,880,1,0.09,0,6215,0,0,6215,NULL,6215,NULL,2026-09-02 09:00:23.053,NULL,NULL,"CREATE UNIQUE CLUSTERED INDEX [PK_tblnotes] ON [dbo].[tblnotes] ([notes_id] ASC) WITH (DROP_EXISTING = OFF, ONLINE = ON) ON [PRIMARY];","-- Constraint-backed, review before dropping: ALTER TABLE [dbo].[tblnotes] DROP CONSTRAINT [PK_tblnotes];"
activist_insight,2026-05-10 01:35:21.070,[dbo].[tblAiM_Articles_Type_Link],dbo,tblAiM_Articles_Type_Link,1,PK__tblAiM_Articles___BBF3B9A,CLUSTERED,1,1,0,0,0,NULL,0,PRIMARY,AiM_Articles_Type_Link_id,NULL,1,4,aim_articles_type_link_id,NULL,aim_articles_type_link_id||,877,1,0.07,0,237802,0,99,237802,2402.04,237703,NULL,2026-09-02 09:02:53.187,NULL,2026-08-21 16:19:47.893,"CREATE UNIQUE CLUSTERED INDEX [PK__tblAiM_Articles___BBF3B9A] ON [dbo].[tblAiM_Articles_Type_Link] ([AiM_Articles_Type_Link_id] ASC) WITH (DROP_EXISTING = OFF, ONLINE = ON) ON [PRIMARY];","-- Constraint-backed, review before dropping: ALTER TABLE [dbo].[tblAiM_Articles_Type_Link] DROP CONSTRAINT [PK__tblAiM_Articles___BBF3B9A];"
activist_insight,2026-05-10 01:35:21.070,[dbo].[tblVoting_Import_Event],dbo,tblVoting_Import_Event,0,NULL,HEAP,0,0,0,0,0,NULL,0,PRIMARY,NULL,NULL,0,0,NULL,NULL,||,852,1,0.19,0,6409410,182,195,6409592,32869.70,6409397,NULL,2026-09-02 09:02:52.350,2026-09-01 13:42:08.280,2026-09-01 13:41:40.410,NULL,NULL
activist_insight,2026-05-10 01:35:21.070,[dbo].[tblVoting_Import_Event],dbo,tblVoting_Import_Event,2,PK_tblVoting_Import_Check,NONCLUSTERED,1,1,0,0,0,NULL,0,PRIMARY,import_event_id,NULL,1,4,import_event_id,NULL,import_event_id||,852,1,0.05,135,174,0,71,309,4.35,238,2026-09-01 13:42:08.280,2026-09-01 13:25:36.347,NULL,2026-09-01 13:16:56.600,"CREATE UNIQUE NONCLUSTERED INDEX [PK_tblVoting_Import_Check] ON [dbo].[tblVoting_Import_Event] ([import_event_id] ASC) WITH (DROP_EXISTING = OFF, ONLINE = ON) ON [PRIMARY];","-- Constraint-backed, review before dropping: ALTER TABLE [dbo].[tblVoting_Import_Event] DROP CONSTRAINT [PK_tblVoting_Import_Check];"
activist_insight,2026-05-10 01:35:21.070,[dbo].[tblNews_temp],dbo,tblNews_temp,1,PK_tblNews_temp,CLUSTERED,1,1,0,0,0,NULL,0,PRIMARY,temp_news_id,NULL,1,4,temp_news_id,NULL,temp_news_id||,839,1,0.68,0,0,0,0,0,NULL,0,NULL,NULL,NULL,NULL,"CREATE UNIQUE CLUSTERED INDEX [PK_tblNews_temp] ON [dbo].[tblNews_temp] ([temp_news_id] ASC) WITH (DROP_EXISTING = OFF, ONLINE = ON) ON [PRIMARY];","-- Constraint-backed, review before dropping: ALTER TABLE [dbo].[tblNews_temp] DROP CONSTRAINT [PK_tblNews_temp];"
activist_insight,2026-05-10 01:35:21.070,[dbo].[tblOne_time_keys],dbo,tblOne_time_keys,1,PK_tblOne_time_keys,CLUSTERED,1,1,0,0,0,NULL,0,PRIMARY,one_time_key_id,NULL,1,4,one_time_key_id,NULL,one_time_key_id||,838,1,0.08,172,96,0,187,268,1.43,81,2026-08-31 14:50:07.073,2026-08-31 14:50:07.073,NULL,2026-08-31 14:50:07.073,"CREATE UNIQUE CLUSTERED INDEX [PK_tblOne_time_keys] ON [dbo].[tblOne_time_keys] ([one_time_key_id] ASC) WITH (DROP_EXISTING = OFF, ONLINE = ON) ON [PRIMARY];","-- Constraint-backed, review before dropping: ALTER TABLE [dbo].[tblOne_time_keys] DROP CONSTRAINT [PK_tblOne_time_keys];"
activist_insight,2026-05-10 01:35:21.070,[dbo].[tmpCommAbs],dbo,tmpCommAbs,0,NULL,HEAP,0,0,0,0,0,NULL,0,PRIMARY,NULL,NULL,0,0,NULL,NULL,||,830,1,0.12,0,0,0,0,0,NULL,0,NULL,NULL,NULL,NULL,NULL,NULL
activist_insight,2026-05-10 01:35:21.070,[dbo].[tblFund],dbo,tblFund,1,PK_tblFund,CLUSTERED,1,1,0,0,0,NULL,0,PRIMARY,fund_id,NULL,1,4,fund_id,NULL,fund_id||,773,1,0.53,23614,103751,0,0,127365,NULL,127365,2026-09-02 08:56:33.257,2026-09-02 08:56:33.167,NULL,NULL,"CREATE UNIQUE CLUSTERED INDEX [PK_tblFund] ON [dbo].[tblFund] ([fund_id] ASC) WITH (DROP_EXISTING = OFF, ONLINE = ON) ON [PRIMARY];","-- Constraint-backed, review before dropping: ALTER TABLE [dbo].[tblFund] DROP CONSTRAINT [PK_tblFund];"
activist_insight,2026-05-10 01:35:21.070,[dbo].[tbl13d_Prices],dbo,tbl13d_Prices,1,PK_tbl13d_Prices,CLUSTERED,1,1,0,0,0,NULL,0,PRIMARY,13d_price_id,NULL,1,4,13d_price_id,NULL,13d_price_id||,752,1,0.05,0,2780,0,0,2780,NULL,2780,NULL,2026-09-02 08:45:41.013,NULL,NULL,"CREATE UNIQUE CLUSTERED INDEX [PK_tbl13d_Prices] ON [dbo].[tbl13d_Prices] ([13d_price_id] ASC) WITH (DROP_EXISTING = OFF, ONLINE = ON) ON [PRIMARY];","-- Constraint-backed, review before dropping: ALTER TABLE [dbo].[tbl13d_Prices] DROP CONSTRAINT [PK_tbl13d_Prices];"
activist_insight,2026-05-10 01:35:21.070,[dbo].[tmpPIDMatch],dbo,tmpPIDMatch,0,NULL,HEAP,0,0,0,0,0,NULL,0,PRIMARY,NULL,NULL,0,0,NULL,NULL,||,732,1,0.06,0,0,0,0,0,NULL,0,NULL,NULL,NULL,NULL,NULL,NULL
activist_insight,2026-05-10 01:35:21.070,[dbo].[tblFund_assets],dbo,tblFund_assets,1,PK_tblFund_assets,CLUSTERED,1,1,0,0,0,NULL,0,PRIMARY,fund_asset_id,NULL,1,4,fund_asset_id,NULL,fund_asset_id||,714,1,0.05,0,12283,0,0,12283,NULL,12283,NULL,2026-09-02 08:56:33.257,NULL,NULL,"CREATE UNIQUE CLUSTERED INDEX [PK_tblFund_assets] ON [dbo].[tblFund_assets] ([fund_asset_id] ASC) WITH (DROP_EXISTING = OFF, ONLINE = ON) ON [PRIMARY];","-- Constraint-backed, review before dropping: ALTER TABLE [dbo].[tblFund_assets] DROP CONSTRAINT [PK_tblFund_assets];"
activist_insight,2026-05-10 01:35:21.070,[dbo].[tblCompany_IP],dbo,tblCompany_IP,1,PK_tblCompany_IP,CLUSTERED,1,1,0,0,0,NULL,0,PRIMARY,IP_address_id,NULL,1,4,ip_address_id,NULL,ip_address_id||,705,1,0.06,0,153783,0,8,153783,19222.88,153775,NULL,2026-09-02 09:02:51.647,NULL,2026-06-30 11:11:45.623,"CREATE UNIQUE CLUSTERED INDEX [PK_tblCompany_IP] ON [dbo].[tblCompany_IP] ([IP_address_id] ASC) WITH (DROP_EXISTING = OFF, ONLINE = ON) ON [PRIMARY];","-- Constraint-backed, review before dropping: ALTER TABLE [dbo].[tblCompany_IP] DROP CONSTRAINT [PK_tblCompany_IP];"
activist_insight,2026-05-10 01:35:21.070,[dbo].[tblClarity_Raw_Metrics],dbo,tblClarity_Raw_Metrics,1,PK__tblClari__0BDB2BD1C1EBF5A7,CLUSTERED,1,1,0,0,0,NULL,0,PRIMARY,RAW_METRIC_ID,NULL,1,4,raw_metric_id,NULL,raw_metric_id||,701,1,0.16,67402,120382,0,0,187784,NULL,187784,2026-09-02 09:02:46.330,2026-09-02 09:02:45.747,NULL,NULL,"CREATE UNIQUE CLUSTERED INDEX [PK__tblClari__0BDB2BD1C1EBF5A7] ON [dbo].[tblClarity_Raw_Metrics] ([RAW_METRIC_ID] ASC) WITH (DROP_EXISTING = OFF, ONLINE = ON) ON [PRIMARY];","-- Constraint-backed, review before dropping: ALTER TABLE [dbo].[tblClarity_Raw_Metrics] DROP CONSTRAINT [PK__tblClari__0BDB2BD1C1EBF5A7];"
activist_insight,2026-05-10 01:35:21.070,[dbo].[tblClarity_Raw_Metrics],dbo,tblClarity_Raw_Metrics,5,NCDX_tblClarity_Raw_Metrics_RawMetricName_RawMetricID,NONCLUSTERED,0,0,0,0,0,NULL,0,PRIMARY,"RAW_METRIC_NAME, RAW_METRIC_ID",NULL,2,254,"raw_metric_name, raw_metric_id",NULL,"raw_metric_name, raw_metric_id||",701,1,0.09,0,2,0,0,2,NULL,2,NULL,2026-07-24 11:28:22.423,NULL,NULL,"CREATE NONCLUSTERED INDEX [NCDX_tblClarity_Raw_Metrics_RawMetricName_RawMetricID] ON [dbo].[tblClarity_Raw_Metrics] ([RAW_METRIC_NAME] ASC, [RAW_METRIC_ID] ASC) WITH (DROP_EXISTING = OFF, ONLINE = ON) ON [PRIMARY];",DROP INDEX [NCDX_tblClarity_Raw_Metrics_RawMetricName_RawMetricID] ON [dbo].[tblClarity_Raw_Metrics];
activist_insight,2026-05-10 01:35:21.070,[dbo].[tblMagazine_Articles],dbo,tblMagazine_Articles,1,PK_tblMagazine_Articles,CLUSTERED,1,1,0,0,0,NULL,0,PRIMARY,article_id,NULL,1,4,article_id,NULL,article_id||,698,1,0.22,2,588,0,0,590,NULL,590,2026-05-21 11:34:27.420,2026-09-02 08:55:58.660,NULL,NULL,"CREATE UNIQUE CLUSTERED INDEX [PK_tblMagazine_Articles] ON [dbo].[tblMagazine_Articles] ([article_id] ASC) WITH (DROP_EXISTING = OFF, ONLINE = ON) ON [PRIMARY];","-- Constraint-backed, review before dropping: ALTER TABLE [dbo].[tblMagazine_Articles] DROP CONSTRAINT [PK_tblMagazine_Articles];"
activist_insight,2026-05-10 01:35:21.070,[dbo].[tbllead_link],dbo,tbllead_link,0,NULL,HEAP,0,0,0,0,0,NULL,0,PRIMARY,NULL,NULL,0,0,NULL,NULL,||,678,1,0.04,0,0,0,0,0,NULL,0,NULL,NULL,NULL,NULL,NULL,NULL
activist_insight,2026-05-10 01:35:21.070,[dbo].[tblCampaign_websites],dbo,tblCampaign_websites,1,PK_tblCampaign_websites,CLUSTERED,1,1,0,0,0,NULL,0,PRIMARY,campaign_website_id,NULL,1,4,campaign_website_id,NULL,campaign_website_id||,677,1,0.09,4,79022,0,20,79026,3951.30,79006,2026-08-18 07:57:31.987,2026-09-02 09:01:14.203,NULL,2026-08-18 07:57:31.987,"CREATE UNIQUE CLUSTERED INDEX [PK_tblCampaign_websites] ON [dbo].[tblCampaign_websites] ([campaign_website_id] ASC) WITH (DROP_EXISTING = OFF, ONLINE = ON) ON [PRIMARY];","-- Constraint-backed, review before dropping: ALTER TABLE [dbo].[tblCampaign_websites] DROP CONSTRAINT [PK_tblCampaign_websites];"
activist_insight,2026-05-10 01:35:21.070,[dbo].[tblFDAProductRecall],dbo,tblFDAProductRecall,1,PK__tblFDAPr__C7FA80147F472499,CLUSTERED,1,1,0,0,0,NULL,0,PRIMARY,fda_product_recall_id,NULL,1,4,fda_product_recall_id,NULL,fda_product_recall_id||,647,1,0.20,0,5942,0,0,5942,NULL,5942,NULL,2026-09-02 08:45:52.230,NULL,NULL,"CREATE UNIQUE CLUSTERED INDEX [PK__tblFDAPr__C7FA80147F472499] ON [dbo].[tblFDAProductRecall] ([fda_product_recall_id] ASC) WITH (DROP_EXISTING = OFF, ONLINE = ON) ON [PRIMARY];","-- Constraint-backed, review before dropping: ALTER TABLE [dbo].[tblFDAProductRecall] DROP CONSTRAINT [PK__tblFDAPr__C7FA80147F472499];"
activist_insight,2026-05-10 01:35:21.070,[dbo].[tblASCompanyMatch],dbo,tblASCompanyMatch,0,NULL,HEAP,0,0,0,0,0,NULL,0,PRIMARY,NULL,NULL,0,0,NULL,NULL,||,626,1,0.05,0,0,0,0,0,NULL,0,NULL,NULL,NULL,NULL,NULL,NULL
activist_insight,2026-05-10 01:35:21.070,[dbo].[tblv2a_new_vulnerability_reports],dbo,tblv2a_new_vulnerability_reports,1,PK_tblv2a_new_vulnerability_reports,CLUSTERED,1,1,0,0,0,NULL,0,PRIMARY,new_vulnerability_report_id,NULL,1,4,new_vulnerability_report_id,NULL,new_vulnerability_report_id||,618,1,0.04,33,170185317,0,66,170185350,2578565.91,170185284,2026-09-01 17:00:41.847,2026-09-02 09:02:48.207,NULL,2026-09-01 17:00:41.847,"CREATE UNIQUE CLUSTERED INDEX [PK_tblv2a_new_vulnerability_reports] ON [dbo].[tblv2a_new_vulnerability_reports] ([new_vulnerability_report_id] ASC) WITH (DROP_EXISTING = OFF, ONLINE = ON) ON [PRIMARY];","-- Constraint-backed, review before dropping: ALTER TABLE [dbo].[tblv2a_new_vulnerability_reports] DROP CONSTRAINT [PK_tblv2a_new_vulnerability_reports];"
activist_insight,2026-05-10 01:35:21.070,[dbo].[tblCountry_region],dbo,tblCountry_region,1,PK_tblCountry_region,CLUSTERED,1,1,0,0,0,NULL,0,PRIMARY,country_region_id,NULL,1,4,country_region_id,NULL,country_region_id||,583,1,0.04,0,353144,589974,0,943118,NULL,943118,NULL,2026-09-02 09:02:53.783,2026-09-02 08:56:19.950,NULL,"CREATE UNIQUE CLUSTERED INDEX [PK_tblCountry_region] ON [dbo].[tblCountry_region] ([country_region_id] ASC) WITH (DROP_EXISTING = OFF, ONLINE = ON) ON [PRIMARY];","-- Constraint-backed, review before dropping: ALTER TABLE [dbo].[tblCountry_region] DROP CONSTRAINT [PK_tblCountry_region];"
activist_insight,2026-05-10 01:35:21.070,[dbo].[tblCountry_region],dbo,tblCountry_region,4,idx_countryid,NONCLUSTERED,0,0,0,0,0,NULL,0,PRIMARY,country_id,NULL,1,4,country_id,NULL,country_id||,583,1,0.04,581413,44978,0,0,626391,NULL,626391,2026-09-02 08:57:55.413,2026-09-02 09:02:52.727,NULL,NULL,"CREATE NONCLUSTERED INDEX [idx_countryid] ON [dbo].[tblCountry_region] ([country_id] ASC) WITH (DROP_EXISTING = OFF, ONLINE = ON) ON [PRIMARY];",DROP INDEX [idx_countryid] ON [dbo].[tblCountry_region];
activist_insight,2026-05-10 01:35:21.070,[dbo].[tblCountry_region],dbo,tblCountry_region,5,idx_regionid,NONCLUSTERED,0,0,0,0,0,NULL,0,PRIMARY,region_id,NULL,1,4,region_id,NULL,region_id||,583,1,0.03,10089,4,0,0,10093,NULL,10093,2026-09-02 08:56:19.950,2026-07-08 13:20:21.770,NULL,NULL,"CREATE NONCLUSTERED INDEX [idx_regionid] ON [dbo].[tblCountry_region] ([region_id] ASC) WITH (DROP_EXISTING = OFF, ONLINE = ON) ON [PRIMARY];",DROP INDEX [idx_regionid] ON [dbo].[tblCountry_region];
activist_insight,2026-05-10 01:35:21.070,[dbo].[tblalerts_old_alerts_donotdelete],dbo,tblalerts_old_alerts_donotdelete,0,NULL,HEAP,0,0,0,0,0,NULL,0,PRIMARY,NULL,NULL,0,0,NULL,NULL,||,577,1,0.05,0,2,0,0,2,NULL,2,NULL,2026-06-02 14:31:35.980,NULL,NULL,NULL,NULL
activist_insight,2026-05-10 01:35:21.070,[dbo].[tblCampaignCharacteristic],dbo,tblCampaignCharacteristic,1,PK_CampaignCharacteristic_id,CLUSTERED,1,1,0,0,0,NULL,0,PRIMARY,characteristic_id,NULL,1,4,characteristic_id,NULL,characteristic_id||,559,1,0.11,203225,6486,0,5,209711,41942.20,209706,2026-09-02 09:01:14.263,2026-09-02 08:53:42.513,NULL,2026-07-14 14:45:53.937,"CREATE UNIQUE CLUSTERED INDEX [PK_CampaignCharacteristic_id] ON [dbo].[tblCampaignCharacteristic] ([characteristic_id] ASC) WITH (DROP_EXISTING = OFF, ONLINE = ON) ON [PRIMARY];","-- Constraint-backed, review before dropping: ALTER TABLE [dbo].[tblCampaignCharacteristic] DROP CONSTRAINT [PK_CampaignCharacteristic_id];"
activist_insight,2026-05-10 01:35:21.070,[dbo].[tblCampaignCharacteristic],dbo,tblCampaignCharacteristic,2,UQ_CampaignCharacteristic,NONCLUSTERED,1,0,1,0,0,NULL,0,PRIMARY,"characteristic_type_id, activism_type_id, characteristic_name",NULL,3,208,"characteristic_type_id, activism_type_id, characteristic_name",NULL,"characteristic_type_id, activism_type_id, characteristic_name||",559,1,0.09,98177,13507,0,5,111684,22336.80,111679,2026-09-02 09:01:14.240,2026-09-02 08:56:20.003,NULL,2026-07-14 14:45:53.937,"CREATE UNIQUE NONCLUSTERED INDEX [UQ_CampaignCharacteristic] ON [dbo].[tblCampaignCharacteristic] ([characteristic_type_id] ASC, [activism_type_id] ASC, [characteristic_name] ASC) WITH (DROP_EXISTING = OFF, ONLINE = ON) ON [PRIMARY];","-- Constraint-backed, review before dropping: ALTER TABLE [dbo].[tblCampaignCharacteristic] DROP CONSTRAINT [UQ_CampaignCharacteristic];"
activist_insight,2026-05-10 01:35:21.070,[dbo].[tblV2a_company_industry_criteria],dbo,tblV2a_company_industry_criteria,1,PK_tblV2a_company_industry_criteria,CLUSTERED,1,1,0,0,0,NULL,0,PRIMARY,company_industry_criteria_id,NULL,1,4,company_industry_criteria_id,NULL,company_industry_criteria_id||,555,1,0.05,0,0,0,0,0,NULL,0,NULL,NULL,NULL,NULL,"CREATE UNIQUE CLUSTERED INDEX [PK_tblV2a_company_industry_criteria] ON [dbo].[tblV2a_company_industry_criteria] ([company_industry_criteria_id] ASC) WITH (DROP_EXISTING = OFF, ONLINE = ON) ON [PRIMARY];","-- Constraint-backed, review before dropping: ALTER TABLE [dbo].[tblV2a_company_industry_criteria] DROP CONSTRAINT [PK_tblV2a_company_industry_criteria];"
activist_insight,2026-05-10 01:35:21.070,[dbo].[rawActivistData20210906],dbo,rawActivistData20210906,0,NULL,HEAP,0,0,0,0,0,NULL,0,PRIMARY,NULL,NULL,0,0,NULL,NULL,||,522,1,0.91,0,0,0,0,0,NULL,0,NULL,NULL,NULL,NULL,NULL,NULL
activist_insight,2026-05-10 01:35:21.070,[dbo].[rawInvestorData],dbo,rawInvestorData,0,NULL,HEAP,0,0,0,0,0,NULL,0,PRIMARY,NULL,NULL,0,0,NULL,NULL,||,522,1,0.92,0,0,0,0,0,NULL,0,NULL,NULL,NULL,NULL,NULL,NULL
activist_insight,2026-05-10 01:35:21.070,[dbo].[tbl13f_filing],dbo,tbl13f_filing,1,PK_tbl13f_filing,CLUSTERED,1,1,0,0,0,NULL,0,PRIMARY,filing_id,NULL,1,4,filing_id,NULL,filing_id||,510,1,0.18,1,7747,0,0,7748,NULL,7748,2026-05-10 01:35:49.393,2026-09-02 09:00:45.530,NULL,NULL,"CREATE UNIQUE CLUSTERED INDEX [PK_tbl13f_filing] ON [dbo].[tbl13f_filing] ([filing_id] ASC) WITH (DROP_EXISTING = OFF, ONLINE = ON) ON [PRIMARY];","-- Constraint-backed, review before dropping: ALTER TABLE [dbo].[tbl13f_filing] DROP CONSTRAINT [PK_tbl13f_filing];"
activist_insight,2026-05-10 01:35:21.070,[dbo].[tblSEC_form_types],dbo,tblSEC_form_types,1,PK_lSEC_form_types,CLUSTERED,1,1,0,0,0,NULL,0,PRIMARY,sec_form_type_id,NULL,1,4,sec_form_type_id,NULL,sec_form_type_id||,509,1,0.08,0,64114,0,0,64114,NULL,64114,NULL,2026-09-02 08:37:23.500,NULL,NULL,"CREATE UNIQUE CLUSTERED INDEX [PK_lSEC_form_types] ON [dbo].[tblSEC_form_types] ([sec_form_type_id] ASC) WITH (DROP_EXISTING = OFF, ONLINE = ON) ON [PRIMARY];","-- Constraint-backed, review before dropping: ALTER TABLE [dbo].[tblSEC_form_types] DROP CONSTRAINT [PK_lSEC_form_types];"
activist_insight,2026-05-10 01:35:21.070,[dbo].[tmpCobeHoldings],dbo,tmpCobeHoldings,0,NULL,HEAP,0,0,0,0,0,NULL,0,PRIMARY,NULL,NULL,0,0,NULL,NULL,||,508,1,0.04,0,0,0,0,0,NULL,0,NULL,NULL,NULL,NULL,NULL,NULL
activist_insight,2026-05-10 01:35:21.070,[dbo].[tblPress_release],dbo,tblPress_release,1,PK_tblPress_release,CLUSTERED,1,1,0,0,0,NULL,0,PRIMARY,press_release_id,NULL,1,4,press_release_id,NULL,press_release_id||,501,1,0.14,0,0,0,0,0,NULL,0,NULL,NULL,NULL,NULL,"CREATE UNIQUE CLUSTERED INDEX [PK_tblPress_release] ON [dbo].[tblPress_release] ([press_release_id] ASC) WITH (DROP_EXISTING = OFF, ONLINE = ON) ON [PRIMARY];","-- Constraint-backed, review before dropping: ALTER TABLE [dbo].[tblPress_release] DROP CONSTRAINT [PK_tblPress_release];"
activist_insight,2026-05-10 01:35:21.070,[dbo].[tblMetrics_to_calculate],dbo,tblMetrics_to_calculate,1,PK_tblMetricsToCalculate,CLUSTERED,1,1,0,0,0,NULL,0,PRIMARY,metric_to_calculate_id,NULL,1,4,metric_to_calculate_id,NULL,metric_to_calculate_id||,499,1,0.03,0,0,0,0,0,NULL,0,NULL,NULL,NULL,NULL,"CREATE UNIQUE CLUSTERED INDEX [PK_tblMetricsToCalculate] ON [dbo].[tblMetrics_to_calculate] ([metric_to_calculate_id] ASC) WITH (DROP_EXISTING = OFF, ONLINE = ON) ON [PRIMARY];","-- Constraint-backed, review before dropping: ALTER TABLE [dbo].[tblMetrics_to_calculate] DROP CONSTRAINT [PK_tblMetricsToCalculate];"
activist_insight,2026-05-10 01:35:21.070,[dbo].[tVoting_Sync_Run],dbo,tVoting_Sync_Run,1,PK_tVoting_Sync_Run,CLUSTERED,1,1,0,0,0,NULL,0,PRIMARY,RunID,NULL,1,4,runid,NULL,runid||,496,1,0.17,0,0,0,0,0,NULL,0,NULL,NULL,NULL,NULL,"CREATE UNIQUE CLUSTERED INDEX [PK_tVoting_Sync_Run] ON [dbo].[tVoting_Sync_Run] ([RunID] ASC) WITH (DROP_EXISTING = OFF, ONLINE = ON) ON [PRIMARY];","-- Constraint-backed, review before dropping: ALTER TABLE [dbo].[tVoting_Sync_Run] DROP CONSTRAINT [PK_tVoting_Sync_Run];"
activist_insight,2026-05-10 01:35:21.070,[dbo].[tVoting_Sync_Run],dbo,tVoting_Sync_Run,3,IX_tVoting_Sync_Run_Type_StartTime,NONCLUSTERED,0,0,0,0,0,NULL,0,PRIMARY,"SyncType, StartTime","RunStatus, YearFilter, InvestorFilter, TotalInvestors, CompletedInvestors, FailedInvestors",2,58,"synctype, starttime","completedinvestors, failedinvestors, investorfilter, runstatus, totalinvestors, yearfilter","synctype, starttime|completedinvestors, failedinvestors, investorfilter, runstatus, totalinvestors, yearfilter|",496,1,0.19,NULL,NULL,NULL,NULL,0,NULL,0,NULL,NULL,NULL,NULL,"CREATE NONCLUSTERED INDEX [IX_tVoting_Sync_Run_Type_StartTime] ON [dbo].[tVoting_Sync_Run] ([SyncType] ASC, [StartTime] DESC) INCLUDE (RunStatus, YearFilter, InvestorFilter, TotalInvestors, CompletedInvestors, FailedInvestors) WITH (DROP_EXISTING = OFF, ONLINE = ON) ON [PRIMARY];",DROP INDEX [IX_tVoting_Sync_Run_Type_StartTime] ON [dbo].[tVoting_Sync_Run];
activist_insight,2026-05-10 01:35:21.070,[dbo].[tblAiM_Articles],dbo,tblAiM_Articles,1,PK_tblAiM_Articles,CLUSTERED,1,1,0,0,0,NULL,0,PRIMARY,aim_article_id,NULL,1,4,aim_article_id,NULL,aim_article_id||,490,1,0.17,22,65671,0,18,65693,3649.61,65675,2026-08-21 16:19:47.890,2026-09-02 09:02:53.187,NULL,2026-08-21 16:19:47.890,"CREATE UNIQUE CLUSTERED INDEX [PK_tblAiM_Articles] ON [dbo].[tblAiM_Articles] ([aim_article_id] ASC) WITH (DROP_EXISTING = OFF, ONLINE = ON) ON [PRIMARY];","-- Constraint-backed, review before dropping: ALTER TABLE [dbo].[tblAiM_Articles] DROP CONSTRAINT [PK_tblAiM_Articles];"
activist_insight,2026-05-10 01:35:21.070,[dbo].[tmpVM],dbo,tmpVM,0,NULL,HEAP,0,0,0,0,0,NULL,0,PRIMARY,NULL,NULL,0,0,NULL,NULL,||,490,1,0.05,0,0,0,0,0,NULL,0,NULL,NULL,NULL,NULL,NULL,NULL
activist_insight,2026-05-10 01:35:21.070,[dbo].[tblFundamental_SEC_fields],dbo,tblFundamental_SEC_fields,1,PK_tblFundamental_SEC_fields,CLUSTERED,1,1,0,0,0,NULL,0,PRIMARY,fundamental_sec_field_id,NULL,1,4,fundamental_sec_field_id,NULL,fundamental_sec_field_id||,483,1,0.05,102372951,194341199,0,1,296714150,296714150.00,296714149,2026-09-02 09:02:53.530,2026-09-02 09:02:53.530,NULL,2026-08-31 19:07:03.470,"CREATE UNIQUE CLUSTERED INDEX [PK_tblFundamental_SEC_fields] ON [dbo].[tblFundamental_SEC_fields] ([fundamental_sec_field_id] ASC) WITH (DROP_EXISTING = OFF, ONLINE = ON) ON [PRIMARY];","-- Constraint-backed, review before dropping: ALTER TABLE [dbo].[tblFundamental_SEC_fields] DROP CONSTRAINT [PK_tblFundamental_SEC_fields];"
activist_insight,2026-05-10 01:35:21.070,[dbo].[tblNomineeAgreement],dbo,tblNomineeAgreement,1,PK__tblNomin__5E4A0164B8A50A73,CLUSTERED,1,1,0,0,0,NULL,0,PRIMARY,Nominee_Agreement_Id,NULL,1,4,nominee_agreement_id,NULL,nominee_agreement_id||,461,1,0.09,0,0,0,0,0,NULL,0,NULL,NULL,NULL,NULL,"CREATE UNIQUE CLUSTERED INDEX [PK__tblNomin__5E4A0164B8A50A73] ON [dbo].[tblNomineeAgreement] ([Nominee_Agreement_Id] ASC) WITH (DROP_EXISTING = OFF, ONLINE = ON) ON [PRIMARY];","-- Constraint-backed, review before dropping: ALTER TABLE [dbo].[tblNomineeAgreement] DROP CONSTRAINT [PK__tblNomin__5E4A0164B8A50A73];"
activist_insight,2026-05-10 01:35:21.070,[dbo].[tblQueries],dbo,tblQueries,1,PK_tblQueries,CLUSTERED,1,1,0,0,0,NULL,0,PRIMARY,query_id,NULL,1,4,query_id,NULL,query_id||,449,1,0.05,0,0,0,0,0,NULL,0,NULL,NULL,NULL,NULL,"CREATE UNIQUE CLUSTERED INDEX [PK_tblQueries] ON [dbo].[tblQueries] ([query_id] ASC) WITH (DROP_EXISTING = OFF, ONLINE = ON) ON [PRIMARY];","-- Constraint-backed, review before dropping: ALTER TABLE [dbo].[tblQueries] DROP CONSTRAINT [PK_tblQueries];"
activist_insight,2026-05-10 01:35:21.070,[dbo].[tblCampaign_settlement_committees],dbo,tblCampaign_settlement_committees,1,ClusteredIndex-tblCampaign_settlement_committees,CLUSTERED,0,0,0,0,0,NULL,0,PRIMARY,settlement_committee_id,NULL,1,4,settlement_committee_id,NULL,settlement_committee_id||,447,1,0.05,1,795,389,16,1185,74.06,1169,2026-07-22 11:54:17.990,2026-09-02 08:07:50.840,2026-09-02 08:56:55.623,2026-08-24 09:07:22.240,"CREATE CLUSTERED INDEX [ClusteredIndex-tblCampaign_settlement_committees] ON [dbo].[tblCampaign_settlement_committees] ([settlement_committee_id] ASC) WITH (DROP_EXISTING = OFF, ONLINE = ON) ON [PRIMARY];",DROP INDEX [ClusteredIndex-tblCampaign_settlement_committees] ON [dbo].[tblCampaign_settlement_committees];
activist_insight,2026-05-10 01:35:21.070,[dbo].[tblCampaign_settlement_committees],dbo,tblCampaign_settlement_committees,2,NonClusteredIndex-tblCampaign_settlement_committees-1,NONCLUSTERED,0,0,0,0,0,NULL,0,PRIMARY,campaign_summary_id,NULL,1,4,campaign_summary_id,NULL,campaign_summary_id||,447,1,0.03,389,0,0,16,389,24.31,373,2026-09-02 08:56:55.623,NULL,NULL,2026-08-24 09:07:22.240,"CREATE NONCLUSTERED INDEX [NonClusteredIndex-tblCampaign_settlement_committees-1] ON [dbo].[tblCampaign_settlement_committees] ([campaign_summary_id] ASC) WITH (DROP_EXISTING = OFF, ONLINE = ON) ON [PRIMARY];",DROP INDEX [NonClusteredIndex-tblCampaign_settlement_committees-1] ON [dbo].[tblCampaign_settlement_committees];
activist_insight,2026-05-10 01:35:21.070,[dbo].[tblQuery_criterion_values_type_2],dbo,tblQuery_criterion_values_type_2,1,PK_tblQuery_criterion_value_type_2,CLUSTERED,1,1,0,0,0,NULL,0,PRIMARY,criterion_value_id,NULL,1,4,criterion_value_id,NULL,criterion_value_id||,441,1,0.03,0,0,0,0,0,NULL,0,NULL,NULL,NULL,NULL,"CREATE UNIQUE CLUSTERED INDEX [PK_tblQuery_criterion_value_type_2] ON [dbo].[tblQuery_criterion_values_type_2] ([criterion_value_id] ASC) WITH (DROP_EXISTING = OFF, ONLINE = ON) ON [PRIMARY];","-- Constraint-backed, review before dropping: ALTER TABLE [dbo].[tblQuery_criterion_values_type_2] DROP CONSTRAINT [PK_tblQuery_criterion_value_type_2];"
activist_insight,2026-05-10 01:35:21.070,[dbo].[tblASR_DeletedRecords],dbo,tblASR_DeletedRecords,0,NULL,HEAP,0,0,0,0,0,NULL,0,PRIMARY,NULL,NULL,0,0,NULL,NULL,||,439,1,0.08,0,0,0,3,0,0.00,-3,NULL,NULL,NULL,2026-08-05 08:34:19.120,NULL,NULL
activist_insight,2026-05-10 01:35:21.070,[dbo].[tblxType_3_field_mappings],dbo,tblxType_3_field_mappings,1,PK_tblType_3_field_mappings,CLUSTERED,1,1,0,0,0,NULL,0,PRIMARY,type_3_field_mapping_id,NULL,1,4,type_3_field_mapping_id,NULL,type_3_field_mapping_id||,438,1,0.13,0,0,0,0,0,NULL,0,NULL,NULL,NULL,NULL,"CREATE UNIQUE CLUSTERED INDEX [PK_tblType_3_field_mappings] ON [dbo].[tblxType_3_field_mappings] ([type_3_field_mapping_id] ASC) WITH (DROP_EXISTING = OFF, ONLINE = ON) ON [PRIMARY];","-- Constraint-backed, review before dropping: ALTER TABLE [dbo].[tblxType_3_field_mappings] DROP CONSTRAINT [PK_tblType_3_field_mappings];"
activist_insight,2026-05-10 01:35:21.070,[dbo].[tmpExit_data],dbo,tmpExit_data,0,NULL,HEAP,0,0,0,0,0,NULL,0,PRIMARY,NULL,NULL,0,0,NULL,NULL,||,438,1,0.09,0,0,0,0,0,NULL,0,NULL,NULL,NULL,NULL,NULL,NULL
activist_insight,2026-05-10 01:35:21.070,[dbo].[tmpIssuerUpdatesJan19],dbo,tmpIssuerUpdatesJan19,0,NULL,HEAP,0,0,0,0,0,NULL,0,PRIMARY,NULL,NULL,0,0,NULL,NULL,||,437,1,0.09,0,0,0,0,0,NULL,0,NULL,NULL,NULL,NULL,NULL,NULL
activist_insight,2026-05-10 01:35:21.070,[dbo].[tblxType_3_form_detail],dbo,tblxType_3_form_detail,1,PK_tblType3_form_detail,CLUSTERED,1,1,0,0,0,NULL,0,PRIMARY,type_3_form_detail_id,NULL,1,4,type_3_form_detail_id,NULL,type_3_form_detail_id||,427,1,0.33,0,0,0,0,0,NULL,0,NULL,NULL,NULL,NULL,"CREATE UNIQUE CLUSTERED INDEX [PK_tblType3_form_detail] ON [dbo].[tblxType_3_form_detail] ([type_3_form_detail_id] ASC) WITH (DROP_EXISTING = OFF, ONLINE = ON) ON [PRIMARY];","-- Constraint-backed, review before dropping: ALTER TABLE [dbo].[tblxType_3_form_detail] DROP CONSTRAINT [PK_tblType3_form_detail];"
activist_insight,2026-05-10 01:35:21.070,[dbo].[tblClarity_Metrics],dbo,tblClarity_Metrics,1,PK__tblClari__EDAAB7B684163267,CLUSTERED,1,1,0,0,0,NULL,0,PRIMARY,METRIC_ID,NULL,1,4,metric_id,NULL,metric_id||,419,1,0.13,3246,2175,0,0,5421,NULL,5421,2026-09-02 08:46:30.143,2026-09-02 08:46:30.143,NULL,NULL,"CREATE UNIQUE CLUSTERED INDEX [PK__tblClari__EDAAB7B684163267] ON [dbo].[tblClarity_Metrics] ([METRIC_ID] ASC) WITH (DROP_EXISTING = OFF, ONLINE = ON) ON [PRIMARY];","-- Constraint-backed, review before dropping: ALTER TABLE [dbo].[tblClarity_Metrics] DROP CONSTRAINT [PK__tblClari__EDAAB7B684163267];"
activist_insight,2026-05-10 01:35:21.070,[dbo].[tblClarity_Metrics],dbo,tblClarity_Metrics,8,NCDX_tblClarity_Metrics_ParentMetricID_MetricID,NONCLUSTERED,0,0,0,0,0,NULL,0,PRIMARY,"PARENT_METRIC_ID, METRIC_ID",NULL,2,8,"parent_metric_id, metric_id",NULL,"parent_metric_id, metric_id||",419,1,0.02,0,0,0,0,0,NULL,0,NULL,NULL,NULL,NULL,"CREATE NONCLUSTERED INDEX [NCDX_tblClarity_Metrics_ParentMetricID_MetricID] ON [dbo].[tblClarity_Metrics] ([PARENT_METRIC_ID] ASC, [METRIC_ID] ASC) WITH (DROP_EXISTING = OFF, ONLINE = ON) ON [PRIMARY];",DROP INDEX [NCDX_tblClarity_Metrics_ParentMetricID_MetricID] ON [dbo].[tblClarity_Metrics];
activist_insight,2026-05-10 01:35:21.070,[dbo].[tblDropped_PID_Map],dbo,tblDropped_PID_Map,1,PK_tblDropped_PID_Map_RP_CompanyId,CLUSTERED,1,1,0,0,0,NULL,0,PRIMARY,RP_CompanyId,NULL,1,100,rp_companyid,NULL,rp_companyid||,381,1,0.06,1588,2,0,5,1590,318.00,1585,2026-09-02 08:54:40.330,2026-06-05 14:07:37.400,NULL,2026-08-27 06:37:21.603,"CREATE UNIQUE CLUSTERED INDEX [PK_tblDropped_PID_Map_RP_CompanyId] ON [dbo].[tblDropped_PID_Map] ([RP_CompanyId] ASC) WITH (DROP_EXISTING = OFF, ONLINE = ON) ON [PRIMARY];","-- Constraint-backed, review before dropping: ALTER TABLE [dbo].[tblDropped_PID_Map] DROP CONSTRAINT [PK_tblDropped_PID_Map_RP_CompanyId];"
activist_insight,2026-05-10 01:35:21.070,[dbo].[tblDropped_PID_Map],dbo,tblDropped_PID_Map,2,IX_tblDropped_PID_Map_PID,NONCLUSTERED,0,0,0,0,0,NULL,0,PRIMARY,PID,NULL,1,4,pid,NULL,pid||,381,1,0.07,0,0,0,5,0,0.00,-5,NULL,NULL,NULL,2026-08-27 06:37:21.603,"CREATE NONCLUSTERED INDEX [IX_tblDropped_PID_Map_PID] ON [dbo].[tblDropped_PID_Map] ([PID] ASC) WITH (DROP_EXISTING = OFF, ONLINE = ON) ON [PRIMARY];",DROP INDEX [IX_tblDropped_PID_Map_PID] ON [dbo].[tblDropped_PID_Map];
activist_insight,2026-05-10 01:35:21.070,[dbo].[tblVulnerability_comparison_company_criteria],dbo,tblVulnerability_comparison_company_criteria,1,PK_tblVulnerability_comparison_company_criteria,CLUSTERED,1,1,0,0,0,NULL,0,PRIMARY,vulnerability_comparison_company_criteria_id,NULL,1,4,vulnerability_comparison_company_criteria_id,NULL,vulnerability_comparison_company_criteria_id||,366,1,0.03,0,147,0,147,147,1.00,0,NULL,2026-09-01 21:19:23.410,NULL,2026-09-01 21:19:23.410,"CREATE UNIQUE CLUSTERED INDEX [PK_tblVulnerability_comparison_company_criteria] ON [dbo].[tblVulnerability_comparison_company_criteria] ([vulnerability_comparison_company_criteria_id] ASC) WITH (DROP_EXISTING = OFF, ONLINE = ON) ON [PRIMARY];","-- Constraint-backed, review before dropping: ALTER TABLE [dbo].[tblVulnerability_comparison_company_criteria] DROP CONSTRAINT [PK_tblVulnerability_comparison_company_criteria];"
activist_insight,2026-05-10 01:35:21.070,[dbo].[tblSuspicious_analysis],dbo,tblSuspicious_analysis,1,PK_tblSuspicious_analysis,CLUSTERED,1,1,0,0,0,NULL,0,PRIMARY,suspicious_analysis_id,NULL,1,4,suspicious_analysis_id,NULL,suspicious_analysis_id||,365,1,0.11,0,0,0,0,0,NULL,0,NULL,NULL,NULL,NULL,"CREATE UNIQUE CLUSTERED INDEX [PK_tblSuspicious_analysis] ON [dbo].[tblSuspicious_analysis] ([suspicious_analysis_id] ASC) WITH (DROP_EXISTING = OFF, ONLINE = ON) ON [PRIMARY];","-- Constraint-backed, review before dropping: ALTER TABLE [dbo].[tblSuspicious_analysis] DROP CONSTRAINT [PK_tblSuspicious_analysis];"
activist_insight,2026-05-10 01:35:21.070,[dbo].[tblUrlRedirect],dbo,tblUrlRedirect,1,PK__tblUrlRe__9072302E7D0C7453,CLUSTERED,1,1,0,0,0,NULL,0,PRIMARY,UrlRedirect_ID,NULL,1,4,urlredirect_id,NULL,urlredirect_id||,361,1,0.04,0,0,0,0,0,NULL,0,NULL,NULL,NULL,NULL,"CREATE UNIQUE CLUSTERED INDEX [PK__tblUrlRe__9072302E7D0C7453] ON [dbo].[tblUrlRedirect] ([UrlRedirect_ID] ASC) WITH (DROP_EXISTING = OFF, ONLINE = ON) ON [PRIMARY];","-- Constraint-backed, review before dropping: ALTER TABLE [dbo].[tblUrlRedirect] DROP CONSTRAINT [PK__tblUrlRe__9072302E7D0C7453];"
activist_insight,2026-05-10 01:35:21.070,[dbo].[tblVulnerability_comparisons],dbo,tblVulnerability_comparisons,1,PK_tblVulnerability_comparisons,CLUSTERED,1,1,0,0,0,NULL,0,PRIMARY,vulnerability_comparison_id,NULL,1,4,vulnerability_comparison_id,NULL,vulnerability_comparison_id||,357,1,0.33,736,425,0,464,1161,2.50,697,2026-09-01 21:19:23.780,2026-09-01 21:19:23.083,NULL,2026-09-01 21:19:23.683,"CREATE UNIQUE CLUSTERED INDEX [PK_tblVulnerability_comparisons] ON [dbo].[tblVulnerability_comparisons] ([vulnerability_comparison_id] ASC) WITH (DROP_EXISTING = OFF, ONLINE = ON) ON [PRIMARY];","-- Constraint-backed, review before dropping: ALTER TABLE [dbo].[tblVulnerability_comparisons] DROP CONSTRAINT [PK_tblVulnerability_comparisons];"
activist_insight,2026-05-10 01:35:21.070,[dbo].[tblExport_error_report_details],dbo,tblExport_error_report_details,1,PK_tblExport_error_report_details,CLUSTERED,1,1,0,0,0,NULL,0,PRIMARY,export_error_report_detail_id,NULL,1,4,export_error_report_detail_id,NULL,export_error_report_detail_id||,356,1,0.05,0,0,0,0,0,NULL,0,NULL,NULL,NULL,NULL,"CREATE UNIQUE CLUSTERED INDEX [PK_tblExport_error_report_details] ON [dbo].[tblExport_error_report_details] ([export_error_report_detail_id] ASC) WITH (DROP_EXISTING = OFF, ONLINE = ON) ON [PRIMARY];","-- Constraint-backed, review before dropping: ALTER TABLE [dbo].[tblExport_error_report_details] DROP CONSTRAINT [PK_tblExport_error_report_details];"
activist_insight,2026-05-10 01:35:21.070,[dbo].[tblNew_vulnerability_reports],dbo,tblNew_vulnerability_reports,1,PK_tblNew_vulnerability_reports,CLUSTERED,1,1,0,0,0,NULL,0,PRIMARY,new_vulnerability_report_id,NULL,1,4,new_vulnerability_report_id,NULL,new_vulnerability_report_id||,352,1,0.02,0,0,0,0,0,NULL,0,NULL,NULL,NULL,NULL,"CREATE UNIQUE CLUSTERED INDEX [PK_tblNew_vulnerability_reports] ON [dbo].[tblNew_vulnerability_reports] ([new_vulnerability_report_id] ASC) WITH (DROP_EXISTING = OFF, ONLINE = ON) ON [PRIMARY];","-- Constraint-backed, review before dropping: ALTER TABLE [dbo].[tblNew_vulnerability_reports] DROP CONSTRAINT [PK_tblNew_vulnerability_reports];"
activist_insight,2026-05-10 01:35:21.070,[dbo].[tblcampaign_no_tag],dbo,tblcampaign_no_tag,1,PK_tblcampaign_no_tag,CLUSTERED,1,1,0,0,0,NULL,0,PRIMARY,campaign_no_tag_id,NULL,1,4,campaign_no_tag_id,NULL,campaign_no_tag_id||,351,1,0.04,0,7,0,0,7,NULL,7,NULL,2026-07-30 09:23:20.003,NULL,NULL,"CREATE UNIQUE CLUSTERED INDEX [PK_tblcampaign_no_tag] ON [dbo].[tblcampaign_no_tag] ([campaign_no_tag_id] ASC) WITH (DROP_EXISTING = OFF, ONLINE = ON) ON [PRIMARY];","-- Constraint-backed, review before dropping: ALTER TABLE [dbo].[tblcampaign_no_tag] DROP CONSTRAINT [PK_tblcampaign_no_tag];"
activist_insight,2026-05-10 01:35:21.070,[dbo].[tblalerts_old_filing_donotdelete],dbo,tblalerts_old_filing_donotdelete,0,NULL,HEAP,0,0,0,0,0,NULL,0,PRIMARY,NULL,NULL,0,0,NULL,NULL,||,348,1,0.02,0,0,0,0,0,NULL,0,NULL,NULL,NULL,NULL,NULL,NULL
activist_insight,2026-05-10 01:35:21.070,[dbo].[tblFollower_Returns_SinceExit],dbo,tblFollower_Returns_SinceExit,0,NULL,HEAP,0,0,0,0,0,NULL,0,PRIMARY,NULL,NULL,0,0,NULL,NULL,||,342,1,0.05,0,0,0,94,0,0.00,-94,NULL,NULL,NULL,2026-08-11 06:08:55.633,NULL,NULL
activist_insight,2026-05-10 01:35:21.070,[dbo].[stgRPI_Investor_Policy],dbo,stgRPI_Investor_Policy,1,PK_stgRPI_Investor_Policy,CLUSTERED,1,1,0,0,0,NULL,0,PRIMARY,RP_InvestorPolicyId,NULL,1,510,rp_investorpolicyid,NULL,rp_investorpolicyid||,334,1,0.13,0,0,0,0,0,NULL,0,NULL,NULL,NULL,NULL,"CREATE UNIQUE CLUSTERED INDEX [PK_stgRPI_Investor_Policy] ON [dbo].[stgRPI_Investor_Policy] ([RP_InvestorPolicyId] ASC) WITH (DROP_EXISTING = OFF, ONLINE = ON) ON [PRIMARY];","-- Constraint-backed, review before dropping: ALTER TABLE [dbo].[stgRPI_Investor_Policy] DROP CONSTRAINT [PK_stgRPI_Investor_Policy];"
activist_insight,2026-05-10 01:35:21.070,[dbo].[tblScrape_automation_steps],dbo,tblScrape_automation_steps,1,PK_tblScrape_automation_steps,CLUSTERED,1,1,0,0,0,NULL,0,PRIMARY,scrape_automation_step_id,NULL,1,4,scrape_automation_step_id,NULL,scrape_automation_step_id||,332,1,0.05,0,0,0,0,0,NULL,0,NULL,NULL,NULL,NULL,"CREATE UNIQUE CLUSTERED INDEX [PK_tblScrape_automation_steps] ON [dbo].[tblScrape_automation_steps] ([scrape_automation_step_id] ASC) WITH (DROP_EXISTING = OFF, ONLINE = ON) ON [PRIMARY];","-- Constraint-backed, review before dropping: ALTER TABLE [dbo].[tblScrape_automation_steps] DROP CONSTRAINT [PK_tblScrape_automation_steps];"
activist_insight,2026-05-10 01:35:21.070,[dbo].[tblinvestor_search_AUM],dbo,tblinvestor_search_AUM,0,NULL,HEAP,0,0,0,0,0,NULL,0,PRIMARY,NULL,NULL,0,0,NULL,NULL,||,331,1,0.06,0,0,0,2,0,0.00,-2,NULL,NULL,NULL,2026-08-04 19:16:00.467,NULL,NULL
activist_insight,2026-05-10 01:35:21.070,[dbo].[tblinvestor_search_AUM],dbo,tblinvestor_search_AUM,2,NonClusteredIndex-20210707-095054,NONCLUSTERED,0,0,0,0,0,NULL,0,PRIMARY,investor_search_id,AUM_group_id,1,4,investor_search_id,aum_group_id,investor_search_id|aum_group_id|,331,1,0.03,43268,12294,0,2,55562,27781.00,55560,2026-09-02 09:02:51.127,2026-09-02 08:57:16.313,NULL,2026-08-04 19:16:00.467,"CREATE NONCLUSTERED INDEX [NonClusteredIndex-20210707-095054] ON [dbo].[tblinvestor_search_AUM] ([investor_search_id] ASC) INCLUDE (AUM_group_id) WITH (DROP_EXISTING = OFF, ONLINE = ON) ON [PRIMARY];",DROP INDEX [NonClusteredIndex-20210707-095054] ON [dbo].[tblinvestor_search_AUM];
activist_insight,2026-05-10 01:35:21.070,[dbo].[tblSystem_DMS_Tables],dbo,tblSystem_DMS_Tables,1,PK_tblSystem_DMS_Tables,CLUSTERED,1,1,0,0,0,NULL,0,PRIMARY,table_id,NULL,1,4,table_id,NULL,table_id||,327,1,0.12,0,7,0,0,7,NULL,7,NULL,2026-08-26 13:35:13.087,NULL,NULL,"CREATE UNIQUE CLUSTERED INDEX [PK_tblSystem_DMS_Tables] ON [dbo].[tblSystem_DMS_Tables] ([table_id] ASC) WITH (DROP_EXISTING = OFF, ONLINE = ON) ON [PRIMARY];","-- Constraint-backed, review before dropping: ALTER TABLE [dbo].[tblSystem_DMS_Tables] DROP CONSTRAINT [PK_tblSystem_DMS_Tables];"
activist_insight,2026-05-10 01:35:21.070,[dbo].[tblAISECSearch_SelectableSearchTerms],dbo,tblAISECSearch_SelectableSearchTerms,0,NULL,HEAP,0,0,0,0,0,NULL,0,PRIMARY,NULL,NULL,0,0,NULL,NULL,||,316,1,0.05,0,0,0,0,0,NULL,0,NULL,NULL,NULL,NULL,NULL,NULL
activist_insight,2026-05-10 01:35:21.070,[dbo].[tbladmin_company],dbo,tbladmin_company,1,PK__tbladmin__D73E823D94DE6F24,CLUSTERED,1,1,0,0,0,NULL,0,PRIMARY,admin_company_id,NULL,1,4,admin_company_id,NULL,admin_company_id||,314,1,0.04,3954,3429,0,0,7383,NULL,7383,2026-09-02 07:58:37.160,2026-09-02 07:57:43.813,NULL,NULL,"CREATE UNIQUE CLUSTERED INDEX [PK__tbladmin__D73E823D94DE6F24] ON [dbo].[tbladmin_company] ([admin_company_id] ASC) WITH (DROP_EXISTING = OFF, ONLINE = ON) ON [PRIMARY];","-- Constraint-backed, review before dropping: ALTER TABLE [dbo].[tbladmin_company] DROP CONSTRAINT [PK__tbladmin__D73E823D94DE6F24];"
activist_insight,2026-05-10 01:35:21.070,[dbo].[tblV2a_alert_event_criteria],dbo,tblV2a_alert_event_criteria,1,PK_tblV2a_alert_event_critertia,CLUSTERED,1,1,0,0,0,NULL,0,PRIMARY,alert_event_criteria_id,NULL,1,4,alert_event_criteria_id,NULL,alert_event_criteria_id||,306,1,0.02,0,0,0,0,0,NULL,0,NULL,NULL,NULL,NULL,"CREATE UNIQUE CLUSTERED INDEX [PK_tblV2a_alert_event_critertia] ON [dbo].[tblV2a_alert_event_criteria] ([alert_event_criteria_id] ASC) WITH (DROP_EXISTING = OFF, ONLINE = ON) ON [PRIMARY];","-- Constraint-backed, review before dropping: ALTER TABLE [dbo].[tblV2a_alert_event_criteria] DROP CONSTRAINT [PK_tblV2a_alert_event_critertia];"
activist_insight,2026-05-10 01:35:21.070,[dbo].[tblV2a_company_index_criteria],dbo,tblV2a_company_index_criteria,1,PK_tblV2a_company_index_criteria,CLUSTERED,1,1,0,0,0,NULL,0,PRIMARY,company_index_criteria_id,NULL,1,4,company_index_criteria_id,NULL,company_index_criteria_id||,301,1,0.02,0,0,0,0,0,NULL,0,NULL,NULL,NULL,NULL,"CREATE UNIQUE CLUSTERED INDEX [PK_tblV2a_company_index_criteria] ON [dbo].[tblV2a_company_index_criteria] ([company_index_criteria_id] ASC) WITH (DROP_EXISTING = OFF, ONLINE = ON) ON [PRIMARY];","-- Constraint-backed, review before dropping: ALTER TABLE [dbo].[tblV2a_company_index_criteria] DROP CONSTRAINT [PK_tblV2a_company_index_criteria];"
activist_insight,2026-05-10 01:35:21.070,[dbo].[rawSPAC20210910],dbo,rawSPAC20210910,0,NULL,HEAP,0,0,0,0,0,NULL,0,PRIMARY,NULL,NULL,0,0,NULL,NULL,||,293,1,0.03,0,0,0,0,0,NULL,0,NULL,NULL,NULL,NULL,NULL,NULL
activist_insight,2026-05-10 01:35:21.070,[dbo].[tblSystem_VersionHistory],dbo,tblSystem_VersionHistory,1,PKSystem_VersionHistory,CLUSTERED,1,1,0,0,0,NULL,0,PRIMARY,id,NULL,1,4,id,NULL,id||,292,1,0.13,0,19,0,18,19,1.06,1,NULL,2026-08-05 14:22:01.533,NULL,2026-08-05 14:22:01.533,"CREATE UNIQUE CLUSTERED INDEX [PKSystem_VersionHistory] ON [dbo].[tblSystem_VersionHistory] ([id] ASC) WITH (DROP_EXISTING = OFF, ONLINE = ON) ON [PRIMARY];","-- Constraint-backed, review before dropping: ALTER TABLE [dbo].[tblSystem_VersionHistory] DROP CONSTRAINT [PKSystem_VersionHistory];"
activist_insight,2026-05-10 01:35:21.070,[dbo].[tmpShortExit],dbo,tmpShortExit,0,NULL,HEAP,0,0,0,0,0,NULL,0,PRIMARY,NULL,NULL,0,0,NULL,NULL,||,286,1,0.05,0,0,0,0,0,NULL,0,NULL,NULL,NULL,NULL,NULL,NULL
activist_insight,2026-05-10 01:35:21.070,[dbo].[tblTag_scrape_sets],dbo,tblTag_scrape_sets,1,PK_tblTag_scrape_sets,CLUSTERED,1,1,0,0,0,NULL,0,PRIMARY,tag_scrape_set_entry_id,NULL,1,4,tag_scrape_set_entry_id,NULL,tag_scrape_set_entry_id||,284,1,0.02,0,55,0,1,55,55.00,54,NULL,2026-08-31 19:35:54.737,NULL,2026-08-31 19:08:01.220,"CREATE UNIQUE CLUSTERED INDEX [PK_tblTag_scrape_sets] ON [dbo].[tblTag_scrape_sets] ([tag_scrape_set_entry_id] ASC) WITH (DROP_EXISTING = OFF, ONLINE = ON) ON [PRIMARY];","-- Constraint-backed, review before dropping: ALTER TABLE [dbo].[tblTag_scrape_sets] DROP CONSTRAINT [PK_tblTag_scrape_sets];"
activist_insight,2026-05-10 01:35:21.070,[dbo].[tmpMorePIDMatch],dbo,tmpMorePIDMatch,0,NULL,HEAP,0,0,0,0,0,NULL,0,PRIMARY,NULL,NULL,0,0,NULL,NULL,||,283,1,0.04,0,0,0,0,0,NULL,0,NULL,NULL,NULL,NULL,NULL,NULL
activist_insight,2026-05-10 01:35:21.070,[dbo].[raw_RP_DMI_CompanyIdMapping],dbo,raw_RP_DMI_CompanyIdMapping,0,NULL,HEAP,0,0,0,0,0,NULL,0,PRIMARY,NULL,NULL,0,0,NULL,NULL,||,270,1,0.04,0,0,0,0,0,NULL,0,NULL,NULL,NULL,NULL,NULL,NULL
activist_insight,2026-05-10 01:35:21.070,[dbo].[tblV2a_alert_companies_provisional],dbo,tblV2a_alert_companies_provisional,1,PK_tblV2a_alert_companies_provisional,CLUSTERED,1,1,0,0,0,NULL,0,PRIMARY,alert_company_provisional_id,NULL,1,4,alert_company_provisional_id,NULL,alert_company_provisional_id||,269,1,0.02,0,2,0,0,2,NULL,2,NULL,2026-06-05 14:03:35.547,NULL,NULL,"CREATE UNIQUE CLUSTERED INDEX [PK_tblV2a_alert_companies_provisional] ON [dbo].[tblV2a_alert_companies_provisional] ([alert_company_provisional_id] ASC) WITH (DROP_EXISTING = OFF, ONLINE = ON) ON [PRIMARY];","-- Constraint-backed, review before dropping: ALTER TABLE [dbo].[tblV2a_alert_companies_provisional] DROP CONSTRAINT [PK_tblV2a_alert_companies_provisional];"
activist_insight,2026-05-10 01:35:21.070,[dbo].[tmpCompanyAbouts],dbo,tmpCompanyAbouts,0,NULL,HEAP,0,0,0,0,0,NULL,0,PRIMARY,NULL,NULL,0,0,NULL,NULL,||,262,1,1.84,0,0,0,0,0,NULL,0,NULL,NULL,NULL,NULL,NULL,NULL
activist_insight,2026-05-10 01:35:21.070,[dbo].[tblFundamental_checks],dbo,tblFundamental_checks,1,PK_tblFundamental_checks,CLUSTERED,1,1,0,0,0,NULL,0,PRIMARY,check_id,NULL,1,4,check_id,NULL,check_id||,255,1,0.03,0,139,0,0,139,NULL,139,NULL,2026-09-02 06:47:54.193,NULL,NULL,"CREATE UNIQUE CLUSTERED INDEX [PK_tblFundamental_checks] ON [dbo].[tblFundamental_checks] ([check_id] ASC) WITH (DROP_EXISTING = OFF, ONLINE = ON) ON [PRIMARY];","-- Constraint-backed, review before dropping: ALTER TABLE [dbo].[tblFundamental_checks] DROP CONSTRAINT [PK_tblFundamental_checks];"
activist_insight,2026-05-10 01:35:21.070,[dbo].[tblAiSFeed_activists_id],dbo,tblAiSFeed_activists_id,0,NULL,HEAP,0,0,0,0,0,NULL,0,PRIMARY,NULL,NULL,0,0,NULL,NULL,||,254,1,0.03,0,186311,0,59,186311,3157.81,186252,NULL,2026-09-02 09:00:44.613,NULL,2026-08-31 13:44:29.577,NULL,NULL
activist_insight,2026-05-10 01:35:21.070,[dbo].[rawsfreinsert],dbo,rawsfreinsert,0,NULL,HEAP,0,0,0,0,0,NULL,0,PRIMARY,NULL,NULL,0,0,NULL,NULL,||,252,1,0.12,0,0,0,0,0,NULL,0,NULL,NULL,NULL,NULL,NULL,NULL
activist_insight,2026-05-10 01:35:21.070,[dbo].[tblWP_gf_form],dbo,tblWP_gf_form,1,PK_tblWP_gf_form,CLUSTERED,1,1,0,0,0,NULL,0,PRIMARY,Record_Id,NULL,1,4,record_id,NULL,record_id||,246,1,0.04,0,0,0,0,0,NULL,0,NULL,NULL,NULL,NULL,"CREATE UNIQUE CLUSTERED INDEX [PK_tblWP_gf_form] ON [dbo].[tblWP_gf_form] ([Record_Id] ASC) WITH (DROP_EXISTING = OFF, ONLINE = ON) ON [PRIMARY];","-- Constraint-backed, review before dropping: ALTER TABLE [dbo].[tblWP_gf_form] DROP CONSTRAINT [PK_tblWP_gf_form];"
activist_insight,2026-05-10 01:35:21.070,[dbo].[tblCountry],dbo,tblCountry,1,PK_tblCountry,CLUSTERED,1,1,0,0,0,NULL,0,PRIMARY,Country_id,NULL,1,4,country_id,NULL,country_id||,238,1,0.05,2704053,830345,0,111,3534398,31841.42,3534287,2026-09-02 09:02:53.753,2026-09-02 09:02:53.783,NULL,2026-05-22 08:29:57.513,"CREATE UNIQUE CLUSTERED INDEX [PK_tblCountry] ON [dbo].[tblCountry] ([Country_id] ASC) WITH (DROP_EXISTING = OFF, ONLINE = ON) ON [PRIMARY];","-- Constraint-backed, review before dropping: ALTER TABLE [dbo].[tblCountry] DROP CONSTRAINT [PK_tblCountry];"
activist_insight,2026-05-10 01:35:21.070,[dbo].[tblCountry],dbo,tblCountry,9,NonClusteredIndex-20160518-101247,NONCLUSTERED,0,0,0,0,0,NULL,0,PRIMARY,Country_id,NULL,1,4,country_id,NULL,country_id||,238,1,0.02,48762,14894,0,35,63656,1818.74,63621,2026-09-02 08:58:03.450,2026-09-02 08:58:07.757,NULL,2026-05-22 08:29:57.513,"CREATE NONCLUSTERED INDEX [NonClusteredIndex-20160518-101247] ON [dbo].[tblCountry] ([Country_id] ASC) WITH (DROP_EXISTING = OFF, ONLINE = ON) ON [PRIMARY];",DROP INDEX [NonClusteredIndex-20160518-101247] ON [dbo].[tblCountry];
activist_insight,2026-05-10 01:35:21.070,[dbo].[tblproponent_alias],dbo,tblproponent_alias,0,NULL,HEAP,0,0,0,0,0,NULL,0,PRIMARY,NULL,NULL,0,0,NULL,NULL,||,238,1,0.06,0,521,0,18,521,28.94,503,NULL,2026-08-17 07:34:29.540,NULL,2026-06-02 12:52:29.093,NULL,NULL
activist_insight,2026-05-10 01:35:21.070,[dbo].[tblFundamental_types],dbo,tblFundamental_types,1,PK_tblFundamental_types,CLUSTERED,1,1,0,0,0,NULL,0,PRIMARY,type_id,NULL,1,4,type_id,NULL,type_id||,233,1,0.03,4,482320,0,0,482324,NULL,482324,2026-08-31 19:07:03.470,2026-09-02 09:02:53.027,NULL,NULL,"CREATE UNIQUE CLUSTERED INDEX [PK_tblFundamental_types] ON [dbo].[tblFundamental_types] ([type_id] ASC) WITH (DROP_EXISTING = OFF, ONLINE = ON) ON [PRIMARY];","-- Constraint-backed, review before dropping: ALTER TABLE [dbo].[tblFundamental_types] DROP CONSTRAINT [PK_tblFundamental_types];"
activist_insight,2026-05-10 01:35:21.070,[dbo].[tblAdminUsers],dbo,tblAdminUsers,1,PK_tblAdminUsers,CLUSTERED,1,1,0,0,0,NULL,0,PRIMARY,User_Id,NULL,1,4,user_id,NULL,user_id||,225,1,0.13,36306410,45879,0,36524,36352289,995.30,36315765,2026-09-02 09:02:53.437,2026-09-02 09:01:21.983,NULL,2026-09-02 09:01:21.983,"CREATE UNIQUE CLUSTERED INDEX [PK_tblAdminUsers] ON [dbo].[tblAdminUsers] ([User_Id] ASC) WITH (DROP_EXISTING = OFF, ONLINE = ON) ON [PRIMARY];","-- Constraint-backed, review before dropping: ALTER TABLE [dbo].[tblAdminUsers] DROP CONSTRAINT [PK_tblAdminUsers];"
activist_insight,2026-05-10 01:35:21.070,[dbo].[tblAiOFeed_address_id],dbo,tblAiOFeed_address_id,0,NULL,HEAP,0,0,0,0,0,NULL,0,PRIMARY,NULL,NULL,0,0,NULL,NULL,||,224,1,0.05,0,114974,0,9959,114974,11.54,105015,NULL,2026-09-02 08:56:02.573,NULL,2026-09-02 08:38:48.343,NULL,NULL
activist_insight,2026-05-10 01:35:21.070,[dbo].[tblFund_Country],dbo,tblFund_Country,1,PK_tblFund_Country,CLUSTERED,1,1,0,0,0,NULL,0,PRIMARY,Fund_Country_id,NULL,1,4,fund_country_id,NULL,fund_country_id||,224,1,0.02,0,0,0,0,0,NULL,0,NULL,NULL,NULL,NULL,"CREATE UNIQUE CLUSTERED INDEX [PK_tblFund_Country] ON [dbo].[tblFund_Country] ([Fund_Country_id] ASC) WITH (DROP_EXISTING = OFF, ONLINE = ON) ON [PRIMARY];","-- Constraint-backed, review before dropping: ALTER TABLE [dbo].[tblFund_Country] DROP CONSTRAINT [PK_tblFund_Country];"
activist_insight,2026-05-10 01:35:21.070,[dbo].[tblActivist_Investments],dbo,tblActivist_Investments,0,NULL,HEAP,0,0,0,0,0,NULL,0,PRIMARY,NULL,NULL,0,0,NULL,NULL,||,223,1,0.05,0,59,0,0,59,NULL,59,NULL,2026-08-20 12:06:26.810,NULL,NULL,NULL,NULL
activist_insight,2026-05-10 01:35:21.070,[dbo].[tblPowerSearchHistory],dbo,tblPowerSearchHistory,1,PK_tblPowerSearchHistory,CLUSTERED,1,1,0,0,0,NULL,0,PRIMARY,Id,NULL,1,4,id,NULL,id||,222,1,0.34,0,0,0,0,0,NULL,0,NULL,NULL,NULL,NULL,"CREATE UNIQUE CLUSTERED INDEX [PK_tblPowerSearchHistory] ON [dbo].[tblPowerSearchHistory] ([Id] ASC) WITH (DROP_EXISTING = OFF, ONLINE = ON) ON [PRIMARY];","-- Constraint-backed, review before dropping: ALTER TABLE [dbo].[tblPowerSearchHistory] DROP CONSTRAINT [PK_tblPowerSearchHistory];"
activist_insight,2026-05-10 01:35:21.070,[dbo].[tblFund_Region],dbo,tblFund_Region,1,PK_tblFund_Region,CLUSTERED,1,1,0,0,0,NULL,0,PRIMARY,Fund_Region_id,NULL,1,4,fund_region_id,NULL,fund_region_id||,218,1,0.02,0,766,0,0,766,NULL,766,NULL,2026-09-02 07:09:09.170,NULL,NULL,"CREATE UNIQUE CLUSTERED INDEX [PK_tblFund_Region] ON [dbo].[tblFund_Region] ([Fund_Region_id] ASC) WITH (DROP_EXISTING = OFF, ONLINE = ON) ON [PRIMARY];","-- Constraint-backed, review before dropping: ALTER TABLE [dbo].[tblFund_Region] DROP CONSTRAINT [PK_tblFund_Region];"
activist_insight,2026-05-10 01:35:21.070,[dbo].[tblIndustry],dbo,tblIndustry,1,PK_tblIndustry,CLUSTERED,1,1,0,0,0,NULL,0,PRIMARY,industry_id,NULL,1,4,industry_id,NULL,industry_id||,218,1,0.03,23418,10618,0,0,34036,NULL,34036,2026-09-02 08:45:20.670,2026-09-02 09:00:32.323,NULL,NULL,"CREATE UNIQUE CLUSTERED INDEX [PK_tblIndustry] ON [dbo].[tblIndustry] ([industry_id] ASC) WITH (DROP_EXISTING = OFF, ONLINE = ON) ON [PRIMARY];","-- Constraint-backed, review before dropping: ALTER TABLE [dbo].[tblIndustry] DROP CONSTRAINT [PK_tblIndustry];"
activist_insight,2026-05-10 01:35:21.070,[dbo].[tblGovCodeProvisions],dbo,tblGovCodeProvisions,1,PK_tblGovCodeProvisions,CLUSTERED,1,1,0,0,0,NULL,0,PRIMARY,Id,NULL,1,4,id,NULL,id||,214,1,0.13,159,19,0,0,178,NULL,178,2026-08-13 09:42:43.200,2026-08-19 08:54:48.550,NULL,NULL,"CREATE UNIQUE CLUSTERED INDEX [PK_tblGovCodeProvisions] ON [dbo].[tblGovCodeProvisions] ([Id] ASC) WITH (DROP_EXISTING = OFF, ONLINE = ON) ON [PRIMARY];","-- Constraint-backed, review before dropping: ALTER TABLE [dbo].[tblGovCodeProvisions] DROP CONSTRAINT [PK_tblGovCodeProvisions];"
activist_insight,2026-05-10 01:35:21.070,[dbo].[tblV2a_company_market_cap_cat_criteria],dbo,tblV2a_company_market_cap_cat_criteria,1,PK_tblV2a_company_market_cap_cat_criteria,CLUSTERED,1,1,0,0,0,NULL,0,PRIMARY,company_market_cap_cat_criteria_id,NULL,1,4,company_market_cap_cat_criteria_id,NULL,company_market_cap_cat_criteria_id||,213,1,0.02,0,0,0,0,0,NULL,0,NULL,NULL,NULL,NULL,"CREATE UNIQUE CLUSTERED INDEX [PK_tblV2a_company_market_cap_cat_criteria] ON [dbo].[tblV2a_company_market_cap_cat_criteria] ([company_market_cap_cat_criteria_id] ASC) WITH (DROP_EXISTING = OFF, ONLINE = ON) ON [PRIMARY];","-- Constraint-backed, review before dropping: ALTER TABLE [dbo].[tblV2a_company_market_cap_cat_criteria] DROP CONSTRAINT [PK_tblV2a_company_market_cap_cat_criteria];"
activist_insight,2026-05-10 01:35:21.070,[dbo].[tDHI_CGS_ImportRun],dbo,tDHI_CGS_ImportRun,1,PK_tDHI_CGS_ImportRun,CLUSTERED,1,1,0,0,0,NULL,0,PRIMARY,ImportRunId,NULL,1,4,importrunid,NULL,importrunid||,211,1,0.09,208,52,75,219,335,1.53,116,2026-09-01 02:23:46.160,2026-07-31 00:15:59.347,2026-09-02 00:16:33.973,2026-09-02 00:16:34.360,"CREATE UNIQUE CLUSTERED INDEX [PK_tDHI_CGS_ImportRun] ON [dbo].[tDHI_CGS_ImportRun] ([ImportRunId] ASC) WITH (DROP_EXISTING = OFF, ONLINE = ON) ON [PRIMARY];","-- Constraint-backed, review before dropping: ALTER TABLE [dbo].[tDHI_CGS_ImportRun] DROP CONSTRAINT [PK_tDHI_CGS_ImportRun];"
activist_insight,2026-05-10 01:35:21.070,[dbo].[tDHI_CGS_ImportRun],dbo,tDHI_CGS_ImportRun,2,IX_tDHI_CGS_ImportRun_BatchId,NONCLUSTERED,1,0,0,0,0,NULL,90,PRIMARY,BatchId,NULL,1,16,batchid,NULL,batchid||,211,1,0.03,844153,0,0,115,844153,7340.46,844038,2026-09-02 01:54:54.903,NULL,NULL,2026-09-02 00:16:34.360,"CREATE UNIQUE NONCLUSTERED INDEX [IX_tDHI_CGS_ImportRun_BatchId] ON [dbo].[tDHI_CGS_ImportRun] ([BatchId] ASC) WITH (DROP_EXISTING = OFF, ONLINE = ON, FILLFACTOR = 90) ON [PRIMARY];",DROP INDEX [IX_tDHI_CGS_ImportRun_BatchId] ON [dbo].[tDHI_CGS_ImportRun];
activist_insight,2026-05-10 01:35:21.070,[dbo].[tDHI_CGS_ImportRun],dbo,tDHI_CGS_ImportRun,3,IX_tDHI_CGS_ImportRun_ExecutionMode_Status,NONCLUSTERED,0,0,0,0,0,NULL,90,PRIMARY,"ExecutionMode, Status",NULL,2,100,"executionmode, status",NULL,"executionmode, status||",211,1,0.03,0,0,0,219,0,0.00,-219,NULL,NULL,NULL,2026-09-02 00:16:34.360,"CREATE NONCLUSTERED INDEX [IX_tDHI_CGS_ImportRun_ExecutionMode_Status] ON [dbo].[tDHI_CGS_ImportRun] ([ExecutionMode] ASC, [Status] ASC) WITH (DROP_EXISTING = OFF, ONLINE = ON, FILLFACTOR = 90) ON [PRIMARY];",DROP INDEX [IX_tDHI_CGS_ImportRun_ExecutionMode_Status] ON [dbo].[tDHI_CGS_ImportRun];
activist_insight,2026-05-10 01:35:21.070,[dbo].[tDHI_CGS_ImportRun],dbo,tDHI_CGS_ImportRun,5,IX_tDHI_CGS_ImportRun_RunStartTime,NONCLUSTERED,0,0,0,0,0,NULL,90,PRIMARY,RunStartTime,NULL,1,8,runstarttime,NULL,runstarttime||,211,1,0.02,0,0,0,115,0,0.00,-115,NULL,NULL,NULL,2026-09-02 00:16:34.360,"CREATE NONCLUSTERED INDEX [IX_tDHI_CGS_ImportRun_RunStartTime] ON [dbo].[tDHI_CGS_ImportRun] ([RunStartTime] DESC) WITH (DROP_EXISTING = OFF, ONLINE = ON, FILLFACTOR = 90) ON [PRIMARY];",DROP INDEX [IX_tDHI_CGS_ImportRun_RunStartTime] ON [dbo].[tDHI_CGS_ImportRun];
activist_insight,2026-05-10 01:35:21.070,[dbo].[tDHI_CGS_ImportRun],dbo,tDHI_CGS_ImportRun,6,IX_tDHI_CGS_ImportRun_Status,NONCLUSTERED,0,0,0,0,0,NULL,90,PRIMARY,Status,NULL,1,50,status,NULL,status||,211,1,0.02,0,0,0,219,0,0.00,-219,NULL,NULL,NULL,2026-09-02 00:16:34.360,"CREATE NONCLUSTERED INDEX [IX_tDHI_CGS_ImportRun_Status] ON [dbo].[tDHI_CGS_ImportRun] ([Status] ASC) WITH (DROP_EXISTING = OFF, ONLINE = ON, FILLFACTOR = 90) ON [PRIMARY];",DROP INDEX [IX_tDHI_CGS_ImportRun_Status] ON [dbo].[tDHI_CGS_ImportRun];
activist_insight,2026-05-10 01:35:21.070,[dbo].[tmpCanadian_ID],dbo,tmpCanadian_ID,0,NULL,HEAP,0,0,0,0,0,NULL,0,PRIMARY,NULL,NULL,0,0,NULL,NULL,||,210,1,0.02,0,0,0,0,0,NULL,0,NULL,NULL,NULL,NULL,NULL,NULL
activist_insight,2026-05-10 01:35:21.070,[dbo].[tblContinent_country],dbo,tblContinent_country,1,PK_tblContinent_country,CLUSTERED,1,1,0,0,0,NULL,0,PRIMARY,Continent_country_id,NULL,1,4,continent_country_id,NULL,continent_country_id||,202,1,0.02,0,14863,0,0,14863,NULL,14863,NULL,2026-09-02 09:02:51.127,NULL,NULL,"CREATE UNIQUE CLUSTERED INDEX [PK_tblContinent_country] ON [dbo].[tblContinent_country] ([Continent_country_id] ASC) WITH (DROP_EXISTING = OFF, ONLINE = ON) ON [PRIMARY];","-- Constraint-backed, review before dropping: ALTER TABLE [dbo].[tblContinent_country] DROP CONSTRAINT [PK_tblContinent_country];"
activist_insight,2026-05-10 01:35:21.070,[dbo].[tblContinent_country],dbo,tblContinent_country,4,NonClusteredIndex-20220329-162407,NONCLUSTERED,0,0,0,0,0,NULL,0,PRIMARY,"Continent_id, country_id",NULL,2,8,"continent_id, country_id",NULL,"continent_id, country_id||",202,1,0.02,306827,84255,0,0,391082,NULL,391082,2026-09-02 09:02:53.460,2026-09-02 09:02:51.127,NULL,NULL,"CREATE NONCLUSTERED INDEX [NonClusteredIndex-20220329-162407] ON [dbo].[tblContinent_country] ([Continent_id] ASC, [country_id] ASC) WITH (DROP_EXISTING = OFF, ONLINE = ON) ON [PRIMARY];",DROP INDEX [NonClusteredIndex-20220329-162407] ON [dbo].[tblContinent_country];
activist_insight,2026-05-10 01:35:21.070,[dbo].[tbllead_link_all],dbo,tbllead_link_all,1,pk_tbllead_link_all,CLUSTERED,1,1,0,0,0,NULL,0,PRIMARY,lead_link_id,NULL,1,4,lead_link_id,NULL,lead_link_id||,201,1,0.03,0,0,0,0,0,NULL,0,NULL,NULL,NULL,NULL,"CREATE UNIQUE CLUSTERED INDEX [pk_tbllead_link_all] ON [dbo].[tbllead_link_all] ([lead_link_id] ASC) WITH (DROP_EXISTING = OFF, ONLINE = ON) ON [PRIMARY];","-- Constraint-backed, review before dropping: ALTER TABLE [dbo].[tbllead_link_all] DROP CONSTRAINT [pk_tbllead_link_all];"
activist_insight,2026-05-10 01:35:21.070,[dbo].[tbllead_link_all],dbo,tbllead_link_all,2,idx_tbllead_link_all_index1,NONCLUSTERED,0,0,0,0,0,NULL,0,PRIMARY,"source_id, wp_form_id, lead_our_field_id",wp_field_id,3,12,"source_id, wp_form_id, lead_our_field_id",wp_field_id,"source_id, wp_form_id, lead_our_field_id|wp_field_id|",201,1,0.04,0,0,0,0,0,NULL,0,NULL,NULL,NULL,NULL,"CREATE NONCLUSTERED INDEX [idx_tbllead_link_all_index1] ON [dbo].[tbllead_link_all] ([source_id] ASC, [wp_form_id] ASC, [lead_our_field_id] ASC) INCLUDE (wp_field_id) WITH (DROP_EXISTING = OFF, ONLINE = ON) ON [PRIMARY];",DROP INDEX [idx_tbllead_link_all_index1] ON [dbo].[tbllead_link_all];
activist_insight,2026-05-10 01:35:21.070,[dbo].[tblactivist_comments],dbo,tblactivist_comments,0,NULL,HEAP,0,0,0,0,0,NULL,0,PRIMARY,NULL,NULL,0,0,NULL,NULL,||,199,1,0.24,0,7869,0,0,7869,NULL,7869,NULL,2026-09-02 08:59:59.340,NULL,NULL,NULL,NULL
activist_insight,2026-05-10 01:35:21.070,[dbo].[tmpStock_symbol_updates],dbo,tmpStock_symbol_updates,0,NULL,HEAP,0,0,0,0,0,NULL,0,PRIMARY,NULL,NULL,0,0,NULL,NULL,||,196,1,0.03,0,0,0,0,0,NULL,0,NULL,NULL,NULL,NULL,NULL,NULL
activist_insight,2026-05-10 01:35:21.070,[dbo].[tblActivism_type],dbo,tblActivism_type,1,PK_tblActivism_type,CLUSTERED,1,1,0,0,0,NULL,0,PRIMARY,activism_type_id,NULL,1,4,activism_type_id,NULL,activism_type_id||,190,1,0.04,1745680,720594,0,0,2466274,NULL,2466274,2026-09-02 09:02:52.137,2026-09-02 09:02:52.810,NULL,NULL,"CREATE UNIQUE CLUSTERED INDEX [PK_tblActivism_type] ON [dbo].[tblActivism_type] ([activism_type_id] ASC) WITH (DROP_EXISTING = OFF, ONLINE = ON) ON [PRIMARY];","-- Constraint-backed, review before dropping: ALTER TABLE [dbo].[tblActivism_type] DROP CONSTRAINT [PK_tblActivism_type];"
activist_insight,2026-05-10 01:35:21.070,[dbo].[TblFeedback],dbo,TblFeedback,1,PK__TblFeedb__2613FD24817D3454,CLUSTERED,1,1,0,0,0,NULL,0,PRIMARY,feedbackId,NULL,1,4,feedbackid,NULL,feedbackid||,185,1,0.09,0,0,0,0,0,NULL,0,NULL,NULL,NULL,NULL,"CREATE UNIQUE CLUSTERED INDEX [PK__TblFeedb__2613FD24817D3454] ON [dbo].[TblFeedback] ([feedbackId] ASC) WITH (DROP_EXISTING = OFF, ONLINE = ON) ON [PRIMARY];","-- Constraint-backed, review before dropping: ALTER TABLE [dbo].[TblFeedback] DROP CONSTRAINT [PK__TblFeedb__2613FD24817D3454];"
activist_insight,2026-05-10 01:35:21.070,[dbo].[tmpCUSIP_additions],dbo,tmpCUSIP_additions,0,NULL,HEAP,0,0,0,0,0,NULL,0,PRIMARY,NULL,NULL,0,0,NULL,NULL,||,175,1,0.02,0,0,0,0,0,NULL,0,NULL,NULL,NULL,NULL,NULL,NULL
activist_insight,2026-05-10 01:35:21.070,[dbo].[tblExchange_rate],dbo,tblExchange_rate,1,PK_lExchange_rate,CLUSTERED,1,1,0,0,0,NULL,0,PRIMARY,Exchange_rate_id,NULL,1,4,exchange_rate_id,NULL,exchange_rate_id||,170,1,0.04,13651,422325,26,0,436002,NULL,436002,2026-09-02 08:57:59.633,2026-09-02 09:02:53.763,2026-09-02 08:49:58.320,NULL,"CREATE UNIQUE CLUSTERED INDEX [PK_lExchange_rate] ON [dbo].[tblExchange_rate] ([Exchange_rate_id] ASC) WITH (DROP_EXISTING = OFF, ONLINE = ON) ON [PRIMARY];","-- Constraint-backed, review before dropping: ALTER TABLE [dbo].[tblExchange_rate] DROP CONSTRAINT [PK_lExchange_rate];"
activist_insight,2026-05-10 01:35:21.070,[dbo].[tblExchange_rate],dbo,tblExchange_rate,2,IX_tblExchange_rate,NONCLUSTERED,0,0,0,0,0,NULL,0,PRIMARY,Currency,NULL,1,3,currency,NULL,currency||,170,1,0.02,18311,129162,0,0,147473,NULL,147473,2026-09-02 08:54:13.790,2026-09-02 09:00:30.070,NULL,NULL,"CREATE NONCLUSTERED INDEX [IX_tblExchange_rate] ON [dbo].[tblExchange_rate] ([Currency] ASC) WITH (DROP_EXISTING = OFF, ONLINE = ON) ON [PRIMARY];",DROP INDEX [IX_tblExchange_rate] ON [dbo].[tblExchange_rate];
activist_insight,2026-05-10 01:35:21.070,[dbo].[tblFundamental_metrics],dbo,tblFundamental_metrics,1,PK_tblFundamental_metrics,CLUSTERED,1,1,0,0,0,NULL,0,PRIMARY,metric_id,NULL,1,4,metric_id,NULL,metric_id||,169,1,0.04,2890440,1323145,0,0,4213585,NULL,4213585,2026-09-02 09:02:53.017,2026-09-02 09:02:53.530,NULL,NULL,"CREATE UNIQUE CLUSTERED INDEX [PK_tblFundamental_metrics] ON [dbo].[tblFundamental_metrics] ([metric_id] ASC) WITH (DROP_EXISTING = OFF, ONLINE = ON) ON [PRIMARY];","-- Constraint-backed, review before dropping: ALTER TABLE [dbo].[tblFundamental_metrics] DROP CONSTRAINT [PK_tblFundamental_metrics];"
activist_insight,2026-05-10 01:35:21.070,[dbo].[tblQuery_criterion_values_type_11],dbo,tblQuery_criterion_values_type_11,1,PK_tblQuery_criterion_values_type_11,CLUSTERED,1,1,0,0,0,NULL,0,PRIMARY,criterion_value_id,NULL,1,4,criterion_value_id,NULL,criterion_value_id||,167,1,0.02,0,0,0,0,0,NULL,0,NULL,NULL,NULL,NULL,"CREATE UNIQUE CLUSTERED INDEX [PK_tblQuery_criterion_values_type_11] ON [dbo].[tblQuery_criterion_values_type_11] ([criterion_value_id] ASC) WITH (DROP_EXISTING = OFF, ONLINE = ON) ON [PRIMARY];","-- Constraint-backed, review before dropping: ALTER TABLE [dbo].[tblQuery_criterion_values_type_11] DROP CONSTRAINT [PK_tblQuery_criterion_values_type_11];"
activist_insight,2026-05-10 01:35:21.070,[dbo].[tblImportUsers],dbo,tblImportUsers,0,NULL,HEAP,0,0,0,0,0,NULL,0,PRIMARY,NULL,NULL,0,0,NULL,NULL,||,166,1,0.07,0,49,0,48,49,1.02,1,NULL,2026-09-02 07:58:37.153,NULL,2026-09-02 07:58:37.153,NULL,NULL
activist_insight,2026-05-10 01:35:21.070,[dbo].[tblCountry_worldmap],dbo,tblCountry_worldmap,1,PK_lCountry_worldmap,CLUSTERED,1,1,0,0,0,NULL,0,PRIMARY,country_worldmap_id,NULL,1,4,country_worldmap_id,NULL,country_worldmap_id||,165,1,0.30,6549,680,0,0,7229,NULL,7229,2026-08-27 15:24:09.667,2026-09-02 09:00:10.460,NULL,NULL,"CREATE UNIQUE CLUSTERED INDEX [PK_lCountry_worldmap] ON [dbo].[tblCountry_worldmap] ([country_worldmap_id] ASC) WITH (DROP_EXISTING = OFF, ONLINE = ON) ON [PRIMARY];","-- Constraint-backed, review before dropping: ALTER TABLE [dbo].[tblCountry_worldmap] DROP CONSTRAINT [PK_lCountry_worldmap];"
activist_insight,2026-05-10 01:35:21.070,[dbo].[tblVulnerability_custom_peer_groups],dbo,tblVulnerability_custom_peer_groups,1,PK_tblVulnerability_custom_peer_groups,CLUSTERED,1,1,0,0,0,NULL,0,PRIMARY,custom_peer_group_id,NULL,1,4,custom_peer_group_id,NULL,custom_peer_group_id||,160,1,0.02,0,0,0,0,0,NULL,0,NULL,NULL,NULL,NULL,"CREATE UNIQUE CLUSTERED INDEX [PK_tblVulnerability_custom_peer_groups] ON [dbo].[tblVulnerability_custom_peer_groups] ([custom_peer_group_id] ASC) WITH (DROP_EXISTING = OFF, ONLINE = ON) ON [PRIMARY];","-- Constraint-backed, review before dropping: ALTER TABLE [dbo].[tblVulnerability_custom_peer_groups] DROP CONSTRAINT [PK_tblVulnerability_custom_peer_groups];"
activist_insight,2026-05-10 01:35:21.070,[dbo].[tmpStagMar],dbo,tmpStagMar,0,NULL,HEAP,0,0,0,0,0,NULL,0,PRIMARY,NULL,NULL,0,0,NULL,NULL,||,156,1,0.03,0,0,0,0,0,NULL,0,NULL,NULL,NULL,NULL,NULL,NULL
activist_insight,2026-05-10 01:35:21.070,[dbo].[tblspinoff],dbo,tblspinoff,1,PK_tblspinoff,CLUSTERED,1,1,0,0,0,NULL,0,PRIMARY,spinoff_id,NULL,1,4,spinoff_id,NULL,spinoff_id||,155,1,0.04,0,31973756,0,0,31973756,NULL,31973756,NULL,2026-09-02 09:02:53.817,NULL,NULL,"CREATE UNIQUE CLUSTERED INDEX [PK_tblspinoff] ON [dbo].[tblspinoff] ([spinoff_id] ASC) WITH (DROP_EXISTING = OFF, ONLINE = ON) ON [PRIMARY];","-- Constraint-backed, review before dropping: ALTER TABLE [dbo].[tblspinoff] DROP CONSTRAINT [PK_tblspinoff];"
activist_insight,2026-05-10 01:35:21.070,[dbo].[tblAR_registrations],dbo,tblAR_registrations,1,PK_tblAR_registrations,CLUSTERED,1,1,0,0,0,NULL,0,PRIMARY,Regid,NULL,1,4,regid,NULL,regid||,146,1,0.05,0,0,0,0,0,NULL,0,NULL,NULL,NULL,NULL,"CREATE UNIQUE CLUSTERED INDEX [PK_tblAR_registrations] ON [dbo].[tblAR_registrations] ([Regid] ASC) WITH (DROP_EXISTING = OFF, ONLINE = ON) ON [PRIMARY];","-- Constraint-backed, review before dropping: ALTER TABLE [dbo].[tblAR_registrations] DROP CONSTRAINT [PK_tblAR_registrations];"
activist_insight,2026-05-10 01:35:21.070,[dbo].[tblv2a_alert_activists_provisional],dbo,tblv2a_alert_activists_provisional,1,PK_tblv2a_alert_activists_provisional,CLUSTERED,1,1,0,0,0,NULL,0,PRIMARY,alert_activist_provisional_id,NULL,1,4,alert_activist_provisional_id,NULL,alert_activist_provisional_id||,146,1,0.02,0,0,0,0,0,NULL,0,NULL,NULL,NULL,NULL,"CREATE UNIQUE CLUSTERED INDEX [PK_tblv2a_alert_activists_provisional] ON [dbo].[tblv2a_alert_activists_provisional] ([alert_activist_provisional_id] ASC) WITH (DROP_EXISTING = OFF, ONLINE = ON) ON [PRIMARY];","-- Constraint-backed, review before dropping: ALTER TABLE [dbo].[tblv2a_alert_activists_provisional] DROP CONSTRAINT [PK_tblv2a_alert_activists_provisional];"
activist_insight,2026-05-10 01:35:21.070,[dbo].[tmpComp3],dbo,tmpComp3,0,NULL,HEAP,0,0,0,0,0,NULL,0,PRIMARY,NULL,NULL,0,0,NULL,NULL,||,146,1,0.66,0,0,0,0,0,NULL,0,NULL,NULL,NULL,NULL,NULL,NULL
activist_insight,2026-05-10 01:35:21.070,[dbo].[tblSECLitigation_ReleaseTypeLink],dbo,tblSECLitigation_ReleaseTypeLink,1,PK__tblSECLi__B356B8E3B68B2090,CLUSTERED,1,1,0,0,0,NULL,0,PRIMARY,releasetypelink_id,NULL,1,4,releasetypelink_id,NULL,releasetypelink_id||,138,1,0.03,0,0,0,0,0,NULL,0,NULL,NULL,NULL,NULL,"CREATE UNIQUE CLUSTERED INDEX [PK__tblSECLi__B356B8E3B68B2090] ON [dbo].[tblSECLitigation_ReleaseTypeLink] ([releasetypelink_id] ASC) WITH (DROP_EXISTING = OFF, ONLINE = ON) ON [PRIMARY];","-- Constraint-backed, review before dropping: ALTER TABLE [dbo].[tblSECLitigation_ReleaseTypeLink] DROP CONSTRAINT [PK__tblSECLi__B356B8E3B68B2090];"
activist_insight,2026-05-10 01:35:21.070,[dbo].[tblSECLitigation_ReleaseTypeLink],dbo,tblSECLitigation_ReleaseTypeLink,2,idx_tblSECLitigation_ReleaseTypeLink_releaseid,NONCLUSTERED,0,0,0,0,0,NULL,0,PRIMARY,"release_id, releasetype_id",NULL,2,8,"release_id, releasetype_id",NULL,"release_id, releasetype_id||",138,1,0.02,0,0,0,0,0,NULL,0,NULL,NULL,NULL,NULL,"CREATE NONCLUSTERED INDEX [idx_tblSECLitigation_ReleaseTypeLink_releaseid] ON [dbo].[tblSECLitigation_ReleaseTypeLink] ([release_id] ASC, [releasetype_id] ASC) WITH (DROP_EXISTING = OFF, ONLINE = ON) ON [PRIMARY];",DROP INDEX [idx_tblSECLitigation_ReleaseTypeLink_releaseid] ON [dbo].[tblSECLitigation_ReleaseTypeLink];
activist_insight,2026-05-10 01:35:21.070,[dbo].[tblSECLitigation_ReleaseTypeLink],dbo,tblSECLitigation_ReleaseTypeLink,3,idx_tblSECLitigation_ReleaseTypeLink_releasetype_id,NONCLUSTERED,0,0,0,0,0,NULL,0,PRIMARY,"releasetype_id, release_id",NULL,2,8,"releasetype_id, release_id",NULL,"releasetype_id, release_id||",138,1,0.02,0,0,0,0,0,NULL,0,NULL,NULL,NULL,NULL,"CREATE NONCLUSTERED INDEX [idx_tblSECLitigation_ReleaseTypeLink_releasetype_id] ON [dbo].[tblSECLitigation_ReleaseTypeLink] ([releasetype_id] ASC, [release_id] ASC) WITH (DROP_EXISTING = OFF, ONLINE = ON) ON [PRIMARY];",DROP INDEX [idx_tblSECLitigation_ReleaseTypeLink_releasetype_id] ON [dbo].[tblSECLitigation_ReleaseTypeLink];
activist_insight,2026-05-10 01:35:21.070,[dbo].[tmpGovGaps],dbo,tmpGovGaps,0,NULL,HEAP,0,0,0,0,0,NULL,0,PRIMARY,NULL,NULL,0,0,NULL,NULL,||,135,1,0.05,0,0,0,0,0,NULL,0,NULL,NULL,NULL,NULL,NULL,NULL
activist_insight,2026-05-10 01:35:21.070,[dbo].[tblGov_General],dbo,tblGov_General,1,PK_tblGov_General,CLUSTERED,1,1,0,0,0,NULL,0,PRIMARY,General_Governance_id,NULL,1,4,general_governance_id,NULL,general_governance_id||,133,1,0.10,0,720,0,0,720,NULL,720,NULL,2026-09-02 09:00:10.723,NULL,NULL,"CREATE UNIQUE CLUSTERED INDEX [PK_tblGov_General] ON [dbo].[tblGov_General] ([General_Governance_id] ASC) WITH (DROP_EXISTING = OFF, ONLINE = ON) ON [PRIMARY];","-- Constraint-backed, review before dropping: ALTER TABLE [dbo].[tblGov_General] DROP CONSTRAINT [PK_tblGov_General];"
activist_insight,2026-05-10 01:35:21.070,[dbo].[tblCharacter_transforms],dbo,tblCharacter_transforms,1,PK_tblCharacter_transforms,CLUSTERED,1,1,0,0,0,NULL,0,PRIMARY,ascii_code,NULL,1,4,ascii_code,NULL,ascii_code||,128,1,0.02,0,56,0,0,56,NULL,56,NULL,2026-08-26 07:17:44.160,NULL,NULL,"CREATE UNIQUE CLUSTERED INDEX [PK_tblCharacter_transforms] ON [dbo].[tblCharacter_transforms] ([ascii_code] ASC) WITH (DROP_EXISTING = OFF, ONLINE = ON) ON [PRIMARY];","-- Constraint-backed, review before dropping: ALTER TABLE [dbo].[tblCharacter_transforms] DROP CONSTRAINT [PK_tblCharacter_transforms];"
activist_insight,2026-05-10 01:35:21.070,[dbo].[tblTG_calcs_log],dbo,tblTG_calcs_log,1,PK_tblTG_calcs_log,CLUSTERED,1,1,0,0,0,NULL,0,PRIMARY,tg_log_id,NULL,1,4,tg_log_id,NULL,tg_log_id||,125,1,0.03,0,0,0,0,0,NULL,0,NULL,NULL,NULL,NULL,"CREATE UNIQUE CLUSTERED INDEX [PK_tblTG_calcs_log] ON [dbo].[tblTG_calcs_log] ([tg_log_id] ASC) WITH (DROP_EXISTING = OFF, ONLINE = ON) ON [PRIMARY];","-- Constraint-backed, review before dropping: ALTER TABLE [dbo].[tblTG_calcs_log] DROP CONSTRAINT [PK_tblTG_calcs_log];"
activist_insight,2026-05-10 01:35:21.070,[dbo].[tblV2a_processed_sf_trigger_activist_elements_copy],dbo,tblV2a_processed_sf_trigger_activist_elements_copy,1,PK_tblV2a_processed_sf_trigger_activist_elements_copy,CLUSTERED,1,1,0,0,0,NULL,0,PRIMARY,processed_sf_trigger_activist_id,NULL,1,4,processed_sf_trigger_activist_id,NULL,processed_sf_trigger_activist_id||,123,1,0.03,0,0,0,0,0,NULL,0,NULL,NULL,NULL,NULL,"CREATE UNIQUE CLUSTERED INDEX [PK_tblV2a_processed_sf_trigger_activist_elements_copy] ON [dbo].[tblV2a_processed_sf_trigger_activist_elements_copy] ([processed_sf_trigger_activist_id] ASC) WITH (DROP_EXISTING = OFF, ONLINE = ON) ON [PRIMARY];","-- Constraint-backed, review before dropping: ALTER TABLE [dbo].[tblV2a_processed_sf_trigger_activist_elements_copy] DROP CONSTRAINT [PK_tblV2a_processed_sf_trigger_activist_elements_copy];"
activist_insight,2026-05-10 01:35:21.070,[dbo].[tblExchange],dbo,tblExchange,1,PK_tblExchange,CLUSTERED,1,1,0,0,0,NULL,0,PRIMARY,exchange_id,NULL,1,4,exchange_id,NULL,exchange_id||,122,1,0.04,49875203,633643,0,0,50508846,NULL,50508846,2026-09-02 09:02:53.900,2026-09-02 09:02:52.903,NULL,NULL,"CREATE UNIQUE CLUSTERED INDEX [PK_tblExchange] ON [dbo].[tblExchange] ([exchange_id] ASC) WITH (DROP_EXISTING = OFF, ONLINE = ON) ON [PRIMARY];","-- Constraint-backed, review before dropping: ALTER TABLE [dbo].[tblExchange] DROP CONSTRAINT [PK_tblExchange];"
activist_insight,2026-05-10 01:35:21.070,[dbo].[tmpCIKImport],dbo,tmpCIKImport,0,NULL,HEAP,0,0,0,0,0,NULL,0,PRIMARY,NULL,NULL,0,0,NULL,NULL,||,122,1,0.03,0,0,0,0,0,NULL,0,NULL,NULL,NULL,NULL,NULL,NULL
activist_insight,2026-05-10 01:35:21.070,[dbo].[tbl13F_Filer_moved],dbo,tbl13F_Filer_moved,0,NULL,HEAP,0,0,0,0,0,NULL,0,PRIMARY,NULL,NULL,0,0,NULL,NULL,||,120,1,0.03,0,101,0,0,101,NULL,101,NULL,2026-09-02 00:32:19.660,NULL,NULL,NULL,NULL
activist_insight,2026-05-10 01:35:21.070,[dbo].[tblFeedDetails],dbo,tblFeedDetails,1,PK_tblFeedDetails,CLUSTERED,1,1,0,0,0,NULL,0,PRIMARY,feed_id,NULL,1,4,feed_id,NULL,feed_id||,120,1,0.06,132728,60027,0,13330,192755,14.46,179425,2026-09-02 09:00:53.293,2026-09-02 09:02:00.877,NULL,2026-09-02 09:00:53.290,"CREATE UNIQUE CLUSTERED INDEX [PK_tblFeedDetails] ON [dbo].[tblFeedDetails] ([feed_id] ASC) WITH (DROP_EXISTING = OFF, ONLINE = ON) ON [PRIMARY];","-- Constraint-backed, review before dropping: ALTER TABLE [dbo].[tblFeedDetails] DROP CONSTRAINT [PK_tblFeedDetails];"
activist_insight,2026-05-10 01:35:21.070,[dbo].[tblProxyStatement_CommitteeAttendance],dbo,tblProxyStatement_CommitteeAttendance,0,NULL,HEAP,0,0,0,0,0,NULL,0,PRIMARY,NULL,NULL,0,0,NULL,NULL,||,120,1,0.03,0,37743,21,3932,37764,9.60,33832,NULL,2026-09-02 08:55:32.660,2026-06-19 07:32:50.590,2026-08-24 16:06:10.040,NULL,NULL
activist_insight,2026-05-10 01:35:21.070,[dbo].[tblProxyStatement_CommitteeAttendance],dbo,tblProxyStatement_CommitteeAttendance,2,PK_ProxyStatement_CommitteeAttendance,NONCLUSTERED,1,1,0,0,0,NULL,90,PRIMARY,proxystatement_attendance_id,NULL,1,4,proxystatement_attendance_id,NULL,proxystatement_attendance_id||,120,1,0.02,21,0,0,120,21,0.18,-99,2026-06-19 07:32:50.590,NULL,NULL,2026-06-19 07:32:50.590,"CREATE UNIQUE NONCLUSTERED INDEX [PK_ProxyStatement_CommitteeAttendance] ON [dbo].[tblProxyStatement_CommitteeAttendance] ([proxystatement_attendance_id] ASC) WITH (DROP_EXISTING = OFF, ONLINE = ON, FILLFACTOR = 90) ON [PRIMARY];","-- Constraint-backed, review before dropping: ALTER TABLE [dbo].[tblProxyStatement_CommitteeAttendance] DROP CONSTRAINT [PK_ProxyStatement_CommitteeAttendance];"
activist_insight,2026-05-10 01:35:21.070,[dbo].[stgRPI_Investor_PolicyDocument],dbo,stgRPI_Investor_PolicyDocument,1,PK_stgRPI_Investor_PolicyDocument,CLUSTERED,1,1,0,0,0,NULL,0,PRIMARY,RP_PolicyDocumentId,NULL,1,510,rp_policydocumentid,NULL,rp_policydocumentid||,118,1,0.13,0,1,0,0,1,NULL,1,NULL,2026-05-26 14:44:23.710,NULL,NULL,"CREATE UNIQUE CLUSTERED INDEX [PK_stgRPI_Investor_PolicyDocument] ON [dbo].[stgRPI_Investor_PolicyDocument] ([RP_PolicyDocumentId] ASC) WITH (DROP_EXISTING = OFF, ONLINE = ON) ON [PRIMARY];","-- Constraint-backed, review before dropping: ALTER TABLE [dbo].[stgRPI_Investor_PolicyDocument] DROP CONSTRAINT [PK_stgRPI_Investor_PolicyDocument];"
activist_insight,2026-05-10 01:35:21.070,[dbo].[tblCampaign_Activist_actions],dbo,tblCampaign_Activist_actions,0,NULL,HEAP,0,0,0,0,0,NULL,0,PRIMARY,NULL,NULL,0,0,NULL,NULL,||,114,1,0.05,0,2,0,0,2,NULL,2,NULL,2026-06-02 14:31:35.907,NULL,NULL,NULL,NULL
activist_insight,2026-05-10 01:35:21.070,[dbo].[tblFeedStoredProcHistory],dbo,tblFeedStoredProcHistory,0,NULL,HEAP,0,0,0,0,0,NULL,0,PRIMARY,NULL,NULL,0,0,NULL,NULL,||,114,1,0.38,0,0,0,0,0,NULL,0,NULL,NULL,NULL,NULL,NULL,NULL
activist_insight,2026-05-10 01:35:21.070,[dbo].[tmpCobeHoldings2],dbo,tmpCobeHoldings2,0,NULL,HEAP,0,0,0,0,0,NULL,0,PRIMARY,NULL,NULL,0,0,NULL,NULL,||,113,1,0.02,0,0,0,0,0,NULL,0,NULL,NULL,NULL,NULL,NULL,NULL
activist_insight,2026-05-10 01:35:21.070,[dbo].[tmpComp2],dbo,tmpComp2,0,NULL,HEAP,0,0,0,0,0,NULL,0,PRIMARY,NULL,NULL,0,0,NULL,NULL,||,112,1,0.45,0,0,0,0,0,NULL,0,NULL,NULL,NULL,NULL,NULL,NULL
activist_insight,2026-05-10 01:35:21.070,[dbo].[tblMissingCIKs],dbo,tblMissingCIKs,0,NULL,HEAP,0,0,0,0,0,NULL,0,PRIMARY,NULL,NULL,0,0,NULL,NULL,||,111,1,0.02,0,0,0,0,0,NULL,0,NULL,NULL,NULL,NULL,NULL,NULL
activist_insight,2026-05-10 01:35:21.070,[dbo].[tblfeed_data_tables],dbo,tblfeed_data_tables,1,PK_feed_data_tables,CLUSTERED,1,1,0,0,0,NULL,0,PRIMARY,table_id,NULL,1,4,table_id,NULL,table_id||,109,1,0.09,175951,26779,0,0,202730,NULL,202730,2026-09-02 09:00:45.470,2026-09-02 09:00:31.753,NULL,NULL,"CREATE UNIQUE CLUSTERED INDEX [PK_feed_data_tables] ON [dbo].[tblfeed_data_tables] ([table_id] ASC) WITH (DROP_EXISTING = OFF, ONLINE = ON) ON [PRIMARY];","-- Constraint-backed, review before dropping: ALTER TABLE [dbo].[tblfeed_data_tables] DROP CONSTRAINT [PK_feed_data_tables];"
activist_insight,2026-05-10 01:35:21.070,[dbo].[tmpShortDates],dbo,tmpShortDates,0,NULL,HEAP,0,0,0,0,0,NULL,0,PRIMARY,NULL,NULL,0,0,NULL,NULL,||,108,1,0.02,0,0,0,0,0,NULL,0,NULL,NULL,NULL,NULL,NULL,NULL
activist_insight,2026-05-10 01:35:21.070,[dbo].[tblASActivistMatch],dbo,tblASActivistMatch,0,NULL,HEAP,0,0,0,0,0,NULL,0,PRIMARY,NULL,NULL,0,0,NULL,NULL,||,106,1,0.02,0,0,0,0,0,NULL,0,NULL,NULL,NULL,NULL,NULL,NULL
activist_insight,2026-05-10 01:35:21.070,[dbo].[tblSECLitigation_Release],dbo,tblSECLitigation_Release,1,PK__tblSECLi__7F5F1D76A5547CEB,CLUSTERED,1,1,0,0,0,NULL,0,PRIMARY,release_id,NULL,1,4,release_id,NULL,release_id||,102,1,0.03,0,0,0,0,0,NULL,0,NULL,NULL,NULL,NULL,"CREATE UNIQUE CLUSTERED INDEX [PK__tblSECLi__7F5F1D76A5547CEB] ON [dbo].[tblSECLitigation_Release] ([release_id] ASC) WITH (DROP_EXISTING = OFF, ONLINE = ON) ON [PRIMARY];","-- Constraint-backed, review before dropping: ALTER TABLE [dbo].[tblSECLitigation_Release] DROP CONSTRAINT [PK__tblSECLi__7F5F1D76A5547CEB];"
activist_insight,2026-05-10 01:35:21.070,[dbo].[tblSECLitigation_Release],dbo,tblSECLitigation_Release,2,idx_tblSECLitigation_Release_seclitigationid,NONCLUSTERED,0,0,0,0,0,NULL,0,PRIMARY,"sec_litigation_id, release_id",NULL,2,8,"sec_litigation_id, release_id",NULL,"sec_litigation_id, release_id||",102,1,0.02,0,0,0,0,0,NULL,0,NULL,NULL,NULL,NULL,"CREATE NONCLUSTERED INDEX [idx_tblSECLitigation_Release_seclitigationid] ON [dbo].[tblSECLitigation_Release] ([sec_litigation_id] ASC, [release_id] ASC) WITH (DROP_EXISTING = OFF, ONLINE = ON) ON [PRIMARY];",DROP INDEX [idx_tblSECLitigation_Release_seclitigationid] ON [dbo].[tblSECLitigation_Release];
activist_insight,2026-05-10 01:35:21.070,[dbo].[tblQuery_fields],dbo,tblQuery_fields,1,PK_tblQueryFields,CLUSTERED,1,1,0,0,0,NULL,0,PRIMARY,field_id,NULL,1,4,field_id,NULL,field_id||,101,1,0.04,300,0,0,0,300,NULL,300,2026-09-01 14:43:00.847,NULL,NULL,NULL,"CREATE UNIQUE CLUSTERED INDEX [PK_tblQueryFields] ON [dbo].[tblQuery_fields] ([field_id] ASC) WITH (DROP_EXISTING = OFF, ONLINE = ON) ON [PRIMARY];","-- Constraint-backed, review before dropping: ALTER TABLE [dbo].[tblQuery_fields] DROP CONSTRAINT [PK_tblQueryFields];"
activist_insight,2026-05-10 01:35:21.070,[dbo].[tblSECLitigation_DirectorLink],dbo,tblSECLitigation_DirectorLink,1,PK__tblSECLi__EC6E63773AE03621,CLUSTERED,1,1,0,0,0,NULL,0,PRIMARY,directorlink_id,NULL,1,4,directorlink_id,NULL,directorlink_id||,101,1,0.02,0,0,0,0,0,NULL,0,NULL,NULL,NULL,NULL,"CREATE UNIQUE CLUSTERED INDEX [PK__tblSECLi__EC6E63773AE03621] ON [dbo].[tblSECLitigation_DirectorLink] ([directorlink_id] ASC) WITH (DROP_EXISTING = OFF, ONLINE = ON) ON [PRIMARY];","-- Constraint-backed, review before dropping: ALTER TABLE [dbo].[tblSECLitigation_DirectorLink] DROP CONSTRAINT [PK__tblSECLi__EC6E63773AE03621];"
activist_insight,2026-05-10 01:35:21.070,[dbo].[tblSECLitigation_DirectorLink],dbo,tblSECLitigation_DirectorLink,2,idx_tblSECLitigation_DirectorLink_directorid,NONCLUSTERED,0,0,0,0,0,NULL,0,PRIMARY,"director_id, sec_litigation_id",NULL,2,8,"director_id, sec_litigation_id",NULL,"director_id, sec_litigation_id||",101,1,0.02,0,0,0,0,0,NULL,0,NULL,NULL,NULL,NULL,"CREATE NONCLUSTERED INDEX [idx_tblSECLitigation_DirectorLink_directorid] ON [dbo].[tblSECLitigation_DirectorLink] ([director_id] ASC, [sec_litigation_id] ASC) WITH (DROP_EXISTING = OFF, ONLINE = ON) ON [PRIMARY];",DROP INDEX [idx_tblSECLitigation_DirectorLink_directorid] ON [dbo].[tblSECLitigation_DirectorLink];
activist_insight,2026-05-10 01:35:21.070,[dbo].[tblSECLitigation_DirectorLink],dbo,tblSECLitigation_DirectorLink,3,idx_tblSECLitigation_DirectorLink_seclitigationid,NONCLUSTERED,0,0,0,0,0,NULL,0,PRIMARY,"sec_litigation_id, director_id",NULL,2,8,"sec_litigation_id, director_id",NULL,"sec_litigation_id, director_id||",101,1,0.02,0,0,0,0,0,NULL,0,NULL,NULL,NULL,NULL,"CREATE NONCLUSTERED INDEX [idx_tblSECLitigation_DirectorLink_seclitigationid] ON [dbo].[tblSECLitigation_DirectorLink] ([sec_litigation_id] ASC, [director_id] ASC) WITH (DROP_EXISTING = OFF, ONLINE = ON) ON [PRIMARY];",DROP INDEX [idx_tblSECLitigation_DirectorLink_seclitigationid] ON [dbo].[tblSECLitigation_DirectorLink];
activist_insight,2026-05-10 01:35:21.070,[dbo].[tblAddressforReview],dbo,tblAddressforReview,0,NULL,HEAP,0,0,0,0,0,NULL,0,PRIMARY,NULL,NULL,0,0,NULL,NULL,||,99,1,0.05,0,0,0,0,0,NULL,0,NULL,NULL,NULL,NULL,NULL,NULL
activist_insight,2026-05-10 01:35:21.070,[dbo].[tblGovSavedSearches_Values],dbo,tblGovSavedSearches_Values,0,NULL,HEAP,0,0,0,0,0,NULL,0,PRIMARY,NULL,NULL,0,0,NULL,NULL,||,99,1,0.02,0,0,0,0,0,NULL,0,NULL,NULL,NULL,NULL,NULL,NULL
activist_insight,2026-05-10 01:35:21.070,[dbo].[tblCompany_Exclude_shareprice],dbo,tblCompany_Exclude_shareprice,0,NULL,HEAP,0,0,0,0,0,NULL,0,PRIMARY,NULL,NULL,0,0,NULL,NULL,||,94,1,0.06,0,5,0,0,5,NULL,5,NULL,2026-08-14 15:40:52.097,NULL,NULL,NULL,NULL
activist_insight,2026-05-10 01:35:21.070,[dbo].[tblDevelopmentDemand],dbo,tblDevelopmentDemand,1,PK__tblDevel__4E8C9AB77DB140BE,CLUSTERED,1,1,0,0,0,NULL,0,PRIMARY,development_id,NULL,1,4,development_id,NULL,development_id||,94,1,0.02,1,1598,0,0,1599,NULL,1599,2026-08-31 08:25:35.417,2026-08-11 08:49:22.667,NULL,NULL,"CREATE UNIQUE CLUSTERED INDEX [PK__tblDevel__4E8C9AB77DB140BE] ON [dbo].[tblDevelopmentDemand] ([development_id] ASC) WITH (DROP_EXISTING = OFF, ONLINE = ON) ON [PRIMARY];","-- Constraint-backed, review before dropping: ALTER TABLE [dbo].[tblDevelopmentDemand] DROP CONSTRAINT [PK__tblDevel__4E8C9AB77DB140BE];"
activist_insight,2026-05-10 01:35:21.070,[dbo].[tblScrape_automation_sets],dbo,tblScrape_automation_sets,1,PK_tblScrape_automation_sets,CLUSTERED,1,1,0,0,0,NULL,0,PRIMARY,scrape_automation_set_id,NULL,1,4,scrape_automation_set_id,NULL,scrape_automation_set_id||,94,1,0.02,0,0,0,0,0,NULL,0,NULL,NULL,NULL,NULL,"CREATE UNIQUE CLUSTERED INDEX [PK_tblScrape_automation_sets] ON [dbo].[tblScrape_automation_sets] ([scrape_automation_set_id] ASC) WITH (DROP_EXISTING = OFF, ONLINE = ON) ON [PRIMARY];","-- Constraint-backed, review before dropping: ALTER TABLE [dbo].[tblScrape_automation_sets] DROP CONSTRAINT [PK_tblScrape_automation_sets];"
activist_insight,2026-05-10 01:35:21.070,[dbo].[tblGov_metrics],dbo,tblGov_metrics,1,PK_tblGov_metrics,CLUSTERED,1,1,0,0,0,NULL,0,PRIMARY,gov_metric_id,NULL,1,4,gov_metric_id,NULL,gov_metric_id||,92,1,0.02,31681,67491,0,2,99172,49586.00,99170,2026-09-02 09:02:49.717,2026-09-02 09:02:41.693,NULL,2026-08-26 13:36:07.707,"CREATE UNIQUE CLUSTERED INDEX [PK_tblGov_metrics] ON [dbo].[tblGov_metrics] ([gov_metric_id] ASC) WITH (DROP_EXISTING = OFF, ONLINE = ON) ON [PRIMARY];","-- Constraint-backed, review before dropping: ALTER TABLE [dbo].[tblGov_metrics] DROP CONSTRAINT [PK_tblGov_metrics];"
activist_insight,2026-05-10 01:35:21.070,[dbo].[tblProxy_Contest_Summary],dbo,tblProxy_Contest_Summary,0,NULL,HEAP,0,0,0,0,0,NULL,0,PRIMARY,NULL,NULL,0,0,NULL,NULL,||,89,1,0.02,0,2,0,0,2,NULL,2,NULL,2026-06-02 14:31:36.583,NULL,NULL,NULL,NULL
activist_insight,2026-05-10 01:35:21.070,[dbo].[tmpPIDUpdates],dbo,tmpPIDUpdates,0,NULL,HEAP,0,0,0,0,0,NULL,0,PRIMARY,NULL,NULL,0,0,NULL,NULL,||,89,1,0.02,0,0,0,0,0,NULL,0,NULL,NULL,NULL,NULL,NULL,NULL
activist_insight,2026-05-10 01:35:21.070,[dbo].[stgAddress],dbo,stgAddress,0,NULL,HEAP,0,0,0,0,0,NULL,0,PRIMARY,NULL,NULL,0,0,NULL,NULL,||,88,1,1.32,0,2,0,0,2,NULL,2,NULL,2026-06-05 14:07:37.873,NULL,NULL,NULL,NULL
activist_insight,2026-05-10 01:35:21.070,[dbo].[tblAdmin_Notes],dbo,tblAdmin_Notes,1,PK__tblAdmin__2AFAAB483CD441B7,CLUSTERED,1,1,0,0,0,NULL,0,PRIMARY,Notes_id,NULL,1,4,notes_id,NULL,notes_id||,88,1,0.06,0,60465,0,0,60465,NULL,60465,NULL,2026-09-02 09:00:39.820,NULL,NULL,"CREATE UNIQUE CLUSTERED INDEX [PK__tblAdmin__2AFAAB483CD441B7] ON [dbo].[tblAdmin_Notes] ([Notes_id] ASC) WITH (DROP_EXISTING = OFF, ONLINE = ON) ON [PRIMARY];","-- Constraint-backed, review before dropping: ALTER TABLE [dbo].[tblAdmin_Notes] DROP CONSTRAINT [PK__tblAdmin__2AFAAB483CD441B7];"
activist_insight,2026-05-10 01:35:21.070,[dbo].[tblQuery_criterion_values_type_9],dbo,tblQuery_criterion_values_type_9,1,PK_tblQuery_criterion_values_type_9,CLUSTERED,1,1,0,0,0,NULL,0,PRIMARY,criterion_value_id,NULL,1,4,criterion_value_id,NULL,criterion_value_id||,88,1,0.02,0,0,0,0,0,NULL,0,NULL,NULL,NULL,NULL,"CREATE UNIQUE CLUSTERED INDEX [PK_tblQuery_criterion_values_type_9] ON [dbo].[tblQuery_criterion_values_type_9] ([criterion_value_id] ASC) WITH (DROP_EXISTING = OFF, ONLINE = ON) ON [PRIMARY];","-- Constraint-backed, review before dropping: ALTER TABLE [dbo].[tblQuery_criterion_values_type_9] DROP CONSTRAINT [PK_tblQuery_criterion_values_type_9];"
activist_insight,2026-05-10 01:35:21.070,[dbo].[tblshareholder_no_proponent],dbo,tblshareholder_no_proponent,1,PK_tblshareholder_no_proponent,CLUSTERED,1,1,0,0,0,NULL,0,PRIMARY,shareholder_no_proponent_id,NULL,1,4,shareholder_no_proponent_id,NULL,shareholder_no_proponent_id||,88,1,0.03,0,3,0,0,3,NULL,3,NULL,2026-07-29 07:13:33.530,NULL,NULL,"CREATE UNIQUE CLUSTERED INDEX [PK_tblshareholder_no_proponent] ON [dbo].[tblshareholder_no_proponent] ([shareholder_no_proponent_id] ASC) WITH (DROP_EXISTING = OFF, ONLINE = ON) ON [PRIMARY];","-- Constraint-backed, review before dropping: ALTER TABLE [dbo].[tblshareholder_no_proponent] DROP CONSTRAINT [PK_tblshareholder_no_proponent];"
activist_insight,2026-05-10 01:35:21.070,[dbo].[tREF_VoteRule],dbo,tREF_VoteRule,1,PK_tREF_VoteRule,CLUSTERED,1,1,0,0,0,NULL,0,PRIMARY,voterule_id,NULL,1,4,voterule_id,NULL,voterule_id||,86,1,0.04,17989,204,0,179,18193,101.64,18014,2026-09-01 14:45:36.023,2026-09-01 14:45:34.267,NULL,2026-07-24 14:58:59.167,"CREATE UNIQUE CLUSTERED INDEX [PK_tREF_VoteRule] ON [dbo].[tREF_VoteRule] ([voterule_id] ASC) WITH (DROP_EXISTING = OFF, ONLINE = ON) ON [PRIMARY];","-- Constraint-backed, review before dropping: ALTER TABLE [dbo].[tREF_VoteRule] DROP CONSTRAINT [PK_tREF_VoteRule];"
activist_insight,2026-05-10 01:35:21.070,[dbo].[tREF_VoteRule],dbo,tREF_VoteRule,2,idx_tREF_VoteRule_pattern,NONCLUSTERED,0,0,0,0,0,NULL,0,PRIMARY,"vote_pattern, is_active","voterule_id, matched_vote_id, rule_confidence",2,201,"vote_pattern, is_active","matched_vote_id, rule_confidence, voterule_id","vote_pattern, is_active|matched_vote_id, rule_confidence, voterule_id|",86,1,0.02,0,0,0,179,0,0.00,-179,NULL,NULL,NULL,2026-07-24 14:58:59.167,"CREATE NONCLUSTERED INDEX [idx_tREF_VoteRule_pattern] ON [dbo].[tREF_VoteRule] ([vote_pattern] ASC, [is_active] ASC) INCLUDE (voterule_id, matched_vote_id, rule_confidence) WITH (DROP_EXISTING = OFF, ONLINE = ON) ON [PRIMARY];",DROP INDEX [idx_tREF_VoteRule_pattern] ON [dbo].[tREF_VoteRule];
activist_insight,2026-05-10 01:35:21.070,[dbo].[tREF_VoteRule],dbo,tREF_VoteRule,3,idx_tREF_VoteRule_order,NONCLUSTERED,0,0,0,0,0,NULL,0,PRIMARY,"voterule_order, is_active","voterule_id, vote_pattern, matched_vote_id",2,5,"voterule_order, is_active","matched_vote_id, vote_pattern, voterule_id","voterule_order, is_active|matched_vote_id, vote_pattern, voterule_id|",86,1,0.02,0,0,0,179,0,0.00,-179,NULL,NULL,NULL,2026-07-24 14:58:59.167,"CREATE NONCLUSTERED INDEX [idx_tREF_VoteRule_order] ON [dbo].[tREF_VoteRule] ([voterule_order] ASC, [is_active] ASC) INCLUDE (voterule_id, vote_pattern, matched_vote_id) WITH (DROP_EXISTING = OFF, ONLINE = ON) ON [PRIMARY];",DROP INDEX [idx_tREF_VoteRule_order] ON [dbo].[tREF_VoteRule];
activist_insight,2026-05-10 01:35:21.070,[dbo].[tblOffersMerger],dbo,tblOffersMerger,0,NULL,HEAP,0,0,0,0,0,NULL,0,PRIMARY,NULL,NULL,0,0,NULL,NULL,||,84,1,0.03,0,82,0,0,82,NULL,82,NULL,2026-08-28 09:58:19.703,NULL,NULL,NULL,NULL
activist_insight,2026-05-10 01:35:21.070,[dbo].[tblV2a_activist_location_criteria],dbo,tblV2a_activist_location_criteria,1,PK_tblV2a_activist_location_criteria,CLUSTERED,1,1,0,0,0,NULL,0,PRIMARY,activist_location_criteria_id,NULL,1,4,activist_location_criteria_id,NULL,activist_location_criteria_id||,84,1,0.02,0,0,0,0,0,NULL,0,NULL,NULL,NULL,NULL,"CREATE UNIQUE CLUSTERED INDEX [PK_tblV2a_activist_location_criteria] ON [dbo].[tblV2a_activist_location_criteria] ([activist_location_criteria_id] ASC) WITH (DROP_EXISTING = OFF, ONLINE = ON) ON [PRIMARY];","-- Constraint-backed, review before dropping: ALTER TABLE [dbo].[tblV2a_activist_location_criteria] DROP CONSTRAINT [PK_tblV2a_activist_location_criteria];"
activist_insight,2026-05-10 01:35:21.070,[dbo].[tmpCIKLatest],dbo,tmpCIKLatest,0,NULL,HEAP,0,0,0,0,0,NULL,0,PRIMARY,NULL,NULL,0,0,NULL,NULL,||,84,1,0.03,0,0,0,0,0,NULL,0,NULL,NULL,NULL,NULL,NULL,NULL
activist_insight,2026-05-10 01:35:21.070,[dbo].[tblGov_amend_cat],dbo,tblGov_amend_cat,1,PK_tblGov_amend_cat,CLUSTERED,1,1,0,0,0,NULL,0,PRIMARY,gov_amend_cat_id,NULL,1,4,gov_amend_cat_id,NULL,gov_amend_cat_id||,82,1,0.02,435240,9548,0,0,444788,NULL,444788,2026-09-02 09:00:23.053,2026-09-02 08:50:05.207,NULL,NULL,"CREATE UNIQUE CLUSTERED INDEX [PK_tblGov_amend_cat] ON [dbo].[tblGov_amend_cat] ([gov_amend_cat_id] ASC) WITH (DROP_EXISTING = OFF, ONLINE = ON) ON [PRIMARY];","-- Constraint-backed, review before dropping: ALTER TABLE [dbo].[tblGov_amend_cat] DROP CONSTRAINT [PK_tblGov_amend_cat];"
activist_insight,2026-05-10 01:35:21.070,[dbo].[tblMagazine_issues],dbo,tblMagazine_issues,1,PK_tblMagazine_issues,CLUSTERED,1,1,0,0,0,NULL,0,PRIMARY,magazine_id,NULL,1,4,magazine_id,NULL,magazine_id||,82,1,464.28,4,65637,0,0,65641,NULL,65641,2026-05-21 11:34:57.300,2026-09-02 09:02:53.187,NULL,NULL,"CREATE UNIQUE CLUSTERED INDEX [PK_tblMagazine_issues] ON [dbo].[tblMagazine_issues] ([magazine_id] ASC) WITH (DROP_EXISTING = OFF, ONLINE = ON) ON [PRIMARY];","-- Constraint-backed, review before dropping: ALTER TABLE [dbo].[tblMagazine_issues] DROP CONSTRAINT [PK_tblMagazine_issues];"
activist_insight,2026-05-10 01:35:21.070,[dbo].[tblcheckdirector_exclusions],dbo,tblcheckdirector_exclusions,1,PK__tblcheck__980872AEE745FAFC,CLUSTERED,1,1,0,0,0,NULL,0,PRIMARY,director_exclusion_id,NULL,1,4,director_exclusion_id,NULL,director_exclusion_id||,81,1,0.02,0,3816,0,3812,3816,1.00,4,NULL,2026-08-24 16:06:10.003,NULL,2026-08-24 16:06:10.003,"CREATE UNIQUE CLUSTERED INDEX [PK__tblcheck__980872AEE745FAFC] ON [dbo].[tblcheckdirector_exclusions] ([director_exclusion_id] ASC) WITH (DROP_EXISTING = OFF, ONLINE = ON) ON [PRIMARY];","-- Constraint-backed, review before dropping: ALTER TABLE [dbo].[tblcheckdirector_exclusions] DROP CONSTRAINT [PK__tblcheck__980872AEE745FAFC];"
activist_insight,2026-05-10 01:35:21.070,[dbo].[tblOtherName],dbo,tblOtherName,1,PK_tblOtherName,CLUSTERED,1,1,0,0,0,NULL,0,PRIMARY,othername_id,NULL,1,4,othername_id,NULL,othername_id||,81,1,0.02,0,2,0,0,2,NULL,2,NULL,2026-06-02 14:31:36.010,NULL,NULL,"CREATE UNIQUE CLUSTERED INDEX [PK_tblOtherName] ON [dbo].[tblOtherName] ([othername_id] ASC) WITH (DROP_EXISTING = OFF, ONLINE = ON) ON [PRIMARY];","-- Constraint-backed, review before dropping: ALTER TABLE [dbo].[tblOtherName] DROP CONSTRAINT [PK_tblOtherName];"
activist_insight,2026-05-10 01:35:21.070,[dbo].[tblDirectorSkill_Internal],dbo,tblDirectorSkill_Internal,1,PK_tblDirectorSkill_Internal,CLUSTERED,1,1,0,0,0,NULL,0,PRIMARY,skill_id,NULL,1,4,skill_id,NULL,skill_id||,79,1,0.02,0,0,0,0,0,NULL,0,NULL,NULL,NULL,NULL,"CREATE UNIQUE CLUSTERED INDEX [PK_tblDirectorSkill_Internal] ON [dbo].[tblDirectorSkill_Internal] ([skill_id] ASC) WITH (DROP_EXISTING = OFF, ONLINE = ON) ON [PRIMARY];","-- Constraint-backed, review before dropping: ALTER TABLE [dbo].[tblDirectorSkill_Internal] DROP CONSTRAINT [PK_tblDirectorSkill_Internal];"
activist_insight,2026-05-10 01:35:21.070,[dbo].[tblDirectorSkill_Internal],dbo,tblDirectorSkill_Internal,2,idx_tblDirectorSkill_Internal_skillname,NONCLUSTERED,0,0,0,0,0,NULL,0,PRIMARY,"skill_name, skillgroup_id",NULL,2,54,"skill_name, skillgroup_id",NULL,"skill_name, skillgroup_id||",79,1,0.02,0,0,0,0,0,NULL,0,NULL,NULL,NULL,NULL,"CREATE NONCLUSTERED INDEX [idx_tblDirectorSkill_Internal_skillname] ON [dbo].[tblDirectorSkill_Internal] ([skill_name] ASC, [skillgroup_id] ASC) WITH (DROP_EXISTING = OFF, ONLINE = ON) ON [PRIMARY];",DROP INDEX [idx_tblDirectorSkill_Internal_skillname] ON [dbo].[tblDirectorSkill_Internal];
activist_insight,2026-05-10 01:35:21.070,[dbo].[tblDirectorSkill_Internal],dbo,tblDirectorSkill_Internal,3,idx_tblDirectorSkill_Internal_skillgroupid,NONCLUSTERED,0,0,0,0,0,NULL,0,PRIMARY,"skillgroup_id, skill_name",NULL,2,54,"skillgroup_id, skill_name",NULL,"skillgroup_id, skill_name||",79,1,0.02,0,0,0,0,0,NULL,0,NULL,NULL,NULL,NULL,"CREATE NONCLUSTERED INDEX [idx_tblDirectorSkill_Internal_skillgroupid] ON [dbo].[tblDirectorSkill_Internal] ([skillgroup_id] ASC, [skill_name] ASC) WITH (DROP_EXISTING = OFF, ONLINE = ON) ON [PRIMARY];",DROP INDEX [idx_tblDirectorSkill_Internal_skillgroupid] ON [dbo].[tblDirectorSkill_Internal];
activist_insight,2026-05-10 01:35:21.070,[dbo].[tblJob_title],dbo,tblJob_title,1,PK_tblJob_title,CLUSTERED,1,1,0,0,0,NULL,0,PRIMARY,job_title_id,NULL,1,4,job_title_id,NULL,job_title_id||,79,1,0.02,21184,244,0,0,21428,NULL,21428,2026-09-02 08:53:57.487,2026-06-21 00:35:11.850,NULL,NULL,"CREATE UNIQUE CLUSTERED INDEX [PK_tblJob_title] ON [dbo].[tblJob_title] ([job_title_id] ASC) WITH (DROP_EXISTING = OFF, ONLINE = ON) ON [PRIMARY];","-- Constraint-backed, review before dropping: ALTER TABLE [dbo].[tblJob_title] DROP CONSTRAINT [PK_tblJob_title];"
activist_insight,2026-05-10 01:35:21.070,[dbo].[tmpCIKUpdate],dbo,tmpCIKUpdate,0,NULL,HEAP,0,0,0,0,0,NULL,0,PRIMARY,NULL,NULL,0,0,NULL,NULL,||,79,1,0.02,0,0,0,0,0,NULL,0,NULL,NULL,NULL,NULL,NULL,NULL
activist_insight,2026-05-10 01:35:21.070,[dbo].[tblFiling_type],dbo,tblFiling_type,1,PK_tblFiling_type,CLUSTERED,1,1,0,0,0,NULL,0,PRIMARY,filing_type_id,NULL,1,4,filing_type_id,NULL,filing_type_id||,78,1,0.02,52,628129,0,0,628181,NULL,628181,2026-08-28 07:52:45.990,2026-09-02 02:00:32.780,NULL,NULL,"CREATE UNIQUE CLUSTERED INDEX [PK_tblFiling_type] ON [dbo].[tblFiling_type] ([filing_type_id] ASC) WITH (DROP_EXISTING = OFF, ONLINE = ON) ON [PRIMARY];","-- Constraint-backed, review before dropping: ALTER TABLE [dbo].[tblFiling_type] DROP CONSTRAINT [PK_tblFiling_type];"
activist_insight,2026-05-10 01:35:21.070,[dbo].[tblFiling_type],dbo,tblFiling_type,2,idxFilingType_type,NONCLUSTERED,0,0,0,0,0,NULL,0,PRIMARY,filing_type,NULL,1,50,filing_type,NULL,filing_type||,78,1,0.02,290934,1520371,0,0,1811305,NULL,1811305,2026-09-02 08:37:23.500,2026-09-02 09:02:46.530,NULL,NULL,"CREATE NONCLUSTERED INDEX [idxFilingType_type] ON [dbo].[tblFiling_type] ([filing_type] ASC) WITH (DROP_EXISTING = OFF, ONLINE = ON) ON [PRIMARY];",DROP INDEX [idxFilingType_type] ON [dbo].[tblFiling_type];
activist_insight,2026-05-10 01:35:21.070,[dbo].[tmpSymbols2],dbo,tmpSymbols2,0,NULL,HEAP,0,0,0,0,0,NULL,0,PRIMARY,NULL,NULL,0,0,NULL,NULL,||,78,1,0.02,0,0,0,0,0,NULL,0,NULL,NULL,NULL,NULL,NULL,NULL
activist_insight,2026-05-10 01:35:21.070,[dbo].[tblSECLitigation],dbo,tblSECLitigation,1,PK__tblSECLi__19AFCAB6AFC4B5B1,CLUSTERED,1,1,0,0,0,NULL,0,PRIMARY,sec_litigation_id,NULL,1,4,sec_litigation_id,NULL,sec_litigation_id||,77,1,0.02,0,0,0,0,0,NULL,0,NULL,NULL,NULL,NULL,"CREATE UNIQUE CLUSTERED INDEX [PK__tblSECLi__19AFCAB6AFC4B5B1] ON [dbo].[tblSECLitigation] ([sec_litigation_id] ASC) WITH (DROP_EXISTING = OFF, ONLINE = ON) ON [PRIMARY];","-- Constraint-backed, review before dropping: ALTER TABLE [dbo].[tblSECLitigation] DROP CONSTRAINT [PK__tblSECLi__19AFCAB6AFC4B5B1];"
activist_insight,2026-05-10 01:35:21.070,[dbo].[tblTooltip_section],dbo,tblTooltip_section,1,PK_lTooltip_section,CLUSTERED,1,1,0,0,0,NULL,0,PRIMARY,tooltip_section_id,NULL,1,4,tooltip_section_id,NULL,tooltip_section_id||,77,1,0.02,41134,2274,0,2,43408,21704.00,43406,2026-09-02 08:50:57.190,2026-09-02 08:50:57.190,NULL,2026-08-21 14:39:52.680,"CREATE UNIQUE CLUSTERED INDEX [PK_lTooltip_section] ON [dbo].[tblTooltip_section] ([tooltip_section_id] ASC) WITH (DROP_EXISTING = OFF, ONLINE = ON) ON [PRIMARY];","-- Constraint-backed, review before dropping: ALTER TABLE [dbo].[tblTooltip_section] DROP CONSTRAINT [PK_lTooltip_section];"
activist_insight,2026-05-10 01:35:21.070,[dbo].[tblExport_error_report_profiles],dbo,tblExport_error_report_profiles,1,PK_tblExport_error_report_profiles,CLUSTERED,1,1,0,0,0,NULL,0,PRIMARY,export_error_report_profile_id,NULL,1,4,export_error_report_profile_id,NULL,export_error_report_profile_id||,73,1,0.02,0,0,0,0,0,NULL,0,NULL,NULL,NULL,NULL,"CREATE UNIQUE CLUSTERED INDEX [PK_tblExport_error_report_profiles] ON [dbo].[tblExport_error_report_profiles] ([export_error_report_profile_id] ASC) WITH (DROP_EXISTING = OFF, ONLINE = ON) ON [PRIMARY];","-- Constraint-backed, review before dropping: ALTER TABLE [dbo].[tblExport_error_report_profiles] DROP CONSTRAINT [PK_tblExport_error_report_profiles];"
activist_insight,2026-05-10 01:35:21.070,[dbo].[tblPowerSearchItems],dbo,tblPowerSearchItems,0,NULL,HEAP,0,0,0,0,0,NULL,0,PRIMARY,NULL,NULL,0,0,NULL,NULL,||,73,1,0.05,0,0,0,0,0,NULL,0,NULL,NULL,NULL,NULL,NULL,NULL
activist_insight,2026-05-10 01:35:21.070,[dbo].[tblQuery_criterion_values_type_10],dbo,tblQuery_criterion_values_type_10,1,PK_tblQuery_criterion_values_type_10,CLUSTERED,1,1,0,0,0,NULL,0,PRIMARY,criterion_value_id,NULL,1,4,criterion_value_id,NULL,criterion_value_id||,72,1,0.02,0,0,0,0,0,NULL,0,NULL,NULL,NULL,NULL,"CREATE UNIQUE CLUSTERED INDEX [PK_tblQuery_criterion_values_type_10] ON [dbo].[tblQuery_criterion_values_type_10] ([criterion_value_id] ASC) WITH (DROP_EXISTING = OFF, ONLINE = ON) ON [PRIMARY];","-- Constraint-backed, review before dropping: ALTER TABLE [dbo].[tblQuery_criterion_values_type_10] DROP CONSTRAINT [PK_tblQuery_criterion_values_type_10];"
activist_insight,2026-05-10 01:35:21.070,[dbo].[tblReporting_policies],dbo,tblReporting_policies,1,PK_tblReporting_policies,CLUSTERED,1,1,0,0,0,NULL,0,PRIMARY,policy_id,NULL,1,4,policy_id,NULL,policy_id||,71,1,0.03,0,0,0,0,0,NULL,0,NULL,NULL,NULL,NULL,"CREATE UNIQUE CLUSTERED INDEX [PK_tblReporting_policies] ON [dbo].[tblReporting_policies] ([policy_id] ASC) WITH (DROP_EXISTING = OFF, ONLINE = ON) ON [PRIMARY];","-- Constraint-backed, review before dropping: ALTER TABLE [dbo].[tblReporting_policies] DROP CONSTRAINT [PK_tblReporting_policies];"
activist_insight,2026-05-10 01:35:21.070,[dbo].[tblvun_company_exclusion],dbo,tblvun_company_exclusion,1,PK_tblvun_company_exclusion,CLUSTERED,1,1,0,0,0,NULL,0,PRIMARY,vun_company_exclusion_id,NULL,1,4,vun_company_exclusion_id,NULL,vun_company_exclusion_id||,70,1,0.02,0,887781,0,0,887781,NULL,887781,NULL,2026-09-02 09:02:53.097,NULL,NULL,"CREATE UNIQUE CLUSTERED INDEX [PK_tblvun_company_exclusion] ON [dbo].[tblvun_company_exclusion] ([vun_company_exclusion_id] ASC) WITH (DROP_EXISTING = OFF, ONLINE = ON) ON [PRIMARY];","-- Constraint-backed, review before dropping: ALTER TABLE [dbo].[tblvun_company_exclusion] DROP CONSTRAINT [PK_tblvun_company_exclusion];"
activist_insight,2026-05-10 01:35:21.070,[dbo].[tbladmin_company_user_link],dbo,tbladmin_company_user_link,1,PK__tbladmin__EBDD1DCB9F8BAD7E,CLUSTERED,1,1,0,0,0,NULL,0,PRIMARY,admin_company_user_link_id,NULL,1,4,admin_company_user_link_id,NULL,admin_company_user_link_id||,69,1,0.02,0,6495,0,701,6495,9.27,5794,NULL,2026-09-02 07:58:37.160,NULL,2026-09-01 19:42:28.730,"CREATE UNIQUE CLUSTERED INDEX [PK__tbladmin__EBDD1DCB9F8BAD7E] ON [dbo].[tbladmin_company_user_link] ([admin_company_user_link_id] ASC) WITH (DROP_EXISTING = OFF, ONLINE = ON) ON [PRIMARY];","-- Constraint-backed, review before dropping: ALTER TABLE [dbo].[tbladmin_company_user_link] DROP CONSTRAINT [PK__tbladmin__EBDD1DCB9F8BAD7E];"
activist_insight,2026-05-10 01:35:21.070,[dbo].[tblDailySearchTerms],dbo,tblDailySearchTerms,1,PK_lDailySearchTerms,CLUSTERED,1,1,0,0,0,NULL,0,PRIMARY,daily_search_terms_id,NULL,1,4,daily_search_terms_id,NULL,daily_search_terms_id||,69,1,0.05,3,193,0,6,196,32.67,190,2026-08-04 09:23:11.427,2026-09-01 15:01:24.097,NULL,2026-08-21 08:53:57.363,"CREATE UNIQUE CLUSTERED INDEX [PK_lDailySearchTerms] ON [dbo].[tblDailySearchTerms] ([daily_search_terms_id] ASC) WITH (DROP_EXISTING = OFF, ONLINE = ON) ON [PRIMARY];","-- Constraint-backed, review before dropping: ALTER TABLE [dbo].[tblDailySearchTerms] DROP CONSTRAINT [PK_lDailySearchTerms];"
activist_insight,2026-05-10 01:35:21.070,[dbo].[rawAiVStories20210910],dbo,rawAiVStories20210910,0,NULL,HEAP,0,0,0,0,0,NULL,0,PRIMARY,NULL,NULL,0,0,NULL,NULL,||,68,1,0.02,0,0,0,0,0,NULL,0,NULL,NULL,NULL,NULL,NULL,NULL
activist_insight,2026-05-10 01:35:21.070,[dbo].[tbluser_payg_data],dbo,tbluser_payg_data,0,NULL,HEAP,0,0,0,0,0,NULL,0,PRIMARY,NULL,NULL,0,0,NULL,NULL,||,68,1,0.20,0,2,0,0,2,NULL,2,NULL,2026-06-05 14:02:43.843,NULL,NULL,NULL,NULL
activist_insight,2026-05-10 01:35:21.070,[dbo].[tblSECLitigation_JudgementOutcomeLink],dbo,tblSECLitigation_JudgementOutcomeLink,1,PK__tblSECLi__93471D54B2D96225,CLUSTERED,1,1,0,0,0,NULL,0,PRIMARY,judgement_outcomelink_id,NULL,1,4,judgement_outcomelink_id,NULL,judgement_outcomelink_id||,67,1,0.02,0,0,0,0,0,NULL,0,NULL,NULL,NULL,NULL,"CREATE UNIQUE CLUSTERED INDEX [PK__tblSECLi__93471D54B2D96225] ON [dbo].[tblSECLitigation_JudgementOutcomeLink] ([judgement_outcomelink_id] ASC) WITH (DROP_EXISTING = OFF, ONLINE = ON) ON [PRIMARY];","-- Constraint-backed, review before dropping: ALTER TABLE [dbo].[tblSECLitigation_JudgementOutcomeLink] DROP CONSTRAINT [PK__tblSECLi__93471D54B2D96225];"
activist_insight,2026-05-10 01:35:21.070,[dbo].[tblSECLitigation_JudgementOutcomeLink],dbo,tblSECLitigation_JudgementOutcomeLink,2,idx_tblSECLitigation_JudgementOutcomeLink_outcomeid,NONCLUSTERED,0,0,0,0,0,NULL,0,PRIMARY,"outcome_id, sec_litigation_id",NULL,2,8,"outcome_id, sec_litigation_id",NULL,"outcome_id, sec_litigation_id||",67,1,0.02,0,0,0,0,0,NULL,0,NULL,NULL,NULL,NULL,"CREATE NONCLUSTERED INDEX [idx_tblSECLitigation_JudgementOutcomeLink_outcomeid] ON [dbo].[tblSECLitigation_JudgementOutcomeLink] ([outcome_id] ASC, [sec_litigation_id] ASC) WITH (DROP_EXISTING = OFF, ONLINE = ON) ON [PRIMARY];",DROP INDEX [idx_tblSECLitigation_JudgementOutcomeLink_outcomeid] ON [dbo].[tblSECLitigation_JudgementOutcomeLink];
activist_insight,2026-05-10 01:35:21.070,[dbo].[tblSECLitigation_JudgementOutcomeLink],dbo,tblSECLitigation_JudgementOutcomeLink,3,idx_tblSECLitigation_JudgementOutcomeLink_seclitigationid,NONCLUSTERED,0,0,0,0,0,NULL,0,PRIMARY,"sec_litigation_id, outcome_id",NULL,2,8,"sec_litigation_id, outcome_id",NULL,"sec_litigation_id, outcome_id||",67,1,0.02,0,0,0,0,0,NULL,0,NULL,NULL,NULL,NULL,"CREATE NONCLUSTERED INDEX [idx_tblSECLitigation_JudgementOutcomeLink_seclitigationid] ON [dbo].[tblSECLitigation_JudgementOutcomeLink] ([sec_litigation_id] ASC, [outcome_id] ASC) WITH (DROP_EXISTING = OFF, ONLINE = ON) ON [PRIMARY];",DROP INDEX [idx_tblSECLitigation_JudgementOutcomeLink_seclitigationid] ON [dbo].[tblSECLitigation_JudgementOutcomeLink];
activist_insight,2026-05-10 01:35:21.070,[dbo].[tblV2a_activist_focus_criteria],dbo,tblV2a_activist_focus_criteria,1,PK_tblV2a_activist_focus_criteria,CLUSTERED,1,1,0,0,0,NULL,0,PRIMARY,activist_focus_criteria_id,NULL,1,4,activist_focus_criteria_id,NULL,activist_focus_criteria_id||,67,1,0.02,0,0,0,0,0,NULL,0,NULL,NULL,NULL,NULL,"CREATE UNIQUE CLUSTERED INDEX [PK_tblV2a_activist_focus_criteria] ON [dbo].[tblV2a_activist_focus_criteria] ([activist_focus_criteria_id] ASC) WITH (DROP_EXISTING = OFF, ONLINE = ON) ON [PRIMARY];","-- Constraint-backed, review before dropping: ALTER TABLE [dbo].[tblV2a_activist_focus_criteria] DROP CONSTRAINT [PK_tblV2a_activist_focus_criteria];"
activist_insight,2026-05-10 01:35:21.070,[dbo].[tblCampaign_overview],dbo,tblCampaign_overview,0,NULL,HEAP,0,0,0,0,0,NULL,0,PRIMARY,NULL,NULL,0,0,NULL,NULL,||,65,1,0.05,0,2,0,0,2,NULL,2,NULL,2026-06-02 14:31:35.903,NULL,NULL,NULL,NULL
activist_insight,2026-05-10 01:35:21.070,[dbo].[tblrebuild_calculated_tables],dbo,tblrebuild_calculated_tables,0,NULL,HEAP,0,0,0,0,0,NULL,0,PRIMARY,NULL,NULL,0,0,NULL,NULL,||,65,1,17.16,0,1323011,0,357556,1323011,3.70,965455,NULL,2026-09-02 09:02:34.930,NULL,2026-09-02 09:02:50.947,NULL,NULL
activist_insight,2026-05-10 01:35:21.070,[dbo].[tblTitleGender],dbo,tblTitleGender,1,PK_tblTitleGender,CLUSTERED,1,1,0,0,0,NULL,0,PRIMARY,title,NULL,1,140,title,NULL,title||,64,1,0.02,225233,67021,0,0,292254,NULL,292254,2026-09-02 09:02:53.760,2026-09-02 09:02:53.760,NULL,NULL,"CREATE UNIQUE CLUSTERED INDEX [PK_tblTitleGender] ON [dbo].[tblTitleGender] ([title] ASC) WITH (DROP_EXISTING = OFF, ONLINE = ON) ON [PRIMARY];","-- Constraint-backed, review before dropping: ALTER TABLE [dbo].[tblTitleGender] DROP CONSTRAINT [PK_tblTitleGender];"
activist_insight,2026-05-10 01:35:21.070,[dbo].[tblTitleGender],dbo,tblTitleGender,3,idx_gender,NONCLUSTERED,0,0,0,0,0,NULL,0,PRIMARY,gender,NULL,1,1,gender,NULL,gender||,64,1,0.02,0,5,0,0,5,NULL,5,NULL,2026-08-20 15:13:31.590,NULL,NULL,"CREATE NONCLUSTERED INDEX [idx_gender] ON [dbo].[tblTitleGender] ([gender] ASC) WITH (DROP_EXISTING = OFF, ONLINE = ON) ON [PRIMARY];",DROP INDEX [idx_gender] ON [dbo].[tblTitleGender];
activist_insight,2026-05-10 01:35:21.070,[dbo].[tmpComp],dbo,tmpComp,0,NULL,HEAP,0,0,0,0,0,NULL,0,PRIMARY,NULL,NULL,0,0,NULL,NULL,||,64,1,0.24,0,0,0,0,0,NULL,0,NULL,NULL,NULL,NULL,NULL,NULL
activist_insight,2026-05-10 01:35:21.070,[dbo].[tmp13d_for_trades],dbo,tmp13d_for_trades,0,NULL,HEAP,0,0,0,0,0,NULL,0,PRIMARY,NULL,NULL,0,0,NULL,NULL,||,63,1,0.02,0,0,0,0,0,NULL,0,NULL,NULL,NULL,NULL,NULL,NULL
activist_insight,2026-05-10 01:35:21.070,[dbo].[tblSubDemand],dbo,tblSubDemand,1,PK__tblSubDe__3B154E5E0FA9C261,CLUSTERED,1,1,0,0,0,NULL,0,PRIMARY,subdemand_id,NULL,1,4,subdemand_id,NULL,subdemand_id||,62,1,0.02,1,1598,0,0,1599,NULL,1599,2026-08-31 08:25:35.417,2026-08-11 08:49:22.667,NULL,NULL,"CREATE UNIQUE CLUSTERED INDEX [PK__tblSubDe__3B154E5E0FA9C261] ON [dbo].[tblSubDemand] ([subdemand_id] ASC) WITH (DROP_EXISTING = OFF, ONLINE = ON) ON [PRIMARY];","-- Constraint-backed, review before dropping: ALTER TABLE [dbo].[tblSubDemand] DROP CONSTRAINT [PK__tblSubDe__3B154E5E0FA9C261];"
activist_insight,2026-05-10 01:35:21.070,[dbo].[tDCP_Process],dbo,tDCP_Process,1,PK__tDCP_Pro__5F1082E276C1C8F4,CLUSTERED,1,1,0,0,0,NULL,0,PRIMARY,DCP_ID,NULL,1,4,dcp_id,NULL,dcp_id||,62,1,0.04,1103,566,0,0,1669,NULL,1669,2026-09-02 08:35:25.750,2026-09-02 08:35:02.233,NULL,NULL,"CREATE UNIQUE CLUSTERED INDEX [PK__tDCP_Pro__5F1082E276C1C8F4] ON [dbo].[tDCP_Process] ([DCP_ID] ASC) WITH (DROP_EXISTING = OFF, ONLINE = ON) ON [PRIMARY];","-- Constraint-backed, review before dropping: ALTER TABLE [dbo].[tDCP_Process] DROP CONSTRAINT [PK__tDCP_Pro__5F1082E276C1C8F4];"
activist_insight,2026-05-10 01:35:21.070,[dbo].[tblKey_financials_entries],dbo,tblKey_financials_entries,1,PK_tblKey_financials_entries,CLUSTERED,1,1,0,0,0,NULL,0,PRIMARY,key_financials_entry_id,NULL,1,4,key_financials_entry_id,NULL,key_financials_entry_id||,61,1,0.05,0,21359,0,0,21359,NULL,21359,NULL,2026-09-02 09:02:47.597,NULL,NULL,"CREATE UNIQUE CLUSTERED INDEX [PK_tblKey_financials_entries] ON [dbo].[tblKey_financials_entries] ([key_financials_entry_id] ASC) WITH (DROP_EXISTING = OFF, ONLINE = ON) ON [PRIMARY];","-- Constraint-backed, review before dropping: ALTER TABLE [dbo].[tblKey_financials_entries] DROP CONSTRAINT [PK_tblKey_financials_entries];"
activist_insight,2026-05-10 01:35:21.070,[dbo].[tblDemands],dbo,tblDemands,1,PK__tblDeman__A2D20539E25F1D7C,CLUSTERED,1,1,0,0,0,NULL,0,PRIMARY,demands_id,NULL,1,4,demands_id,NULL,demands_id||,60,1,0.02,0,1599,0,0,1599,NULL,1599,NULL,2026-08-31 08:25:35.417,NULL,NULL,"CREATE UNIQUE CLUSTERED INDEX [PK__tblDeman__A2D20539E25F1D7C] ON [dbo].[tblDemands] ([demands_id] ASC) WITH (DROP_EXISTING = OFF, ONLINE = ON) ON [PRIMARY];","-- Constraint-backed, review before dropping: ALTER TABLE [dbo].[tblDemands] DROP CONSTRAINT [PK__tblDeman__A2D20539E25F1D7C];"
activist_insight,2026-05-10 01:35:21.070,[dbo].[tblExternal_research_report],dbo,tblExternal_research_report,1,PK_tblExternal_research_report,CLUSTERED,1,1,0,0,0,NULL,0,PRIMARY,external_research_id,NULL,1,4,external_research_id,NULL,external_research_id||,60,1,0.03,0,1,0,0,1,NULL,1,NULL,2026-07-20 10:53:27.237,NULL,NULL,"CREATE UNIQUE CLUSTERED INDEX [PK_tblExternal_research_report] ON [dbo].[tblExternal_research_report] ([external_research_id] ASC) WITH (DROP_EXISTING = OFF, ONLINE = ON) ON [PRIMARY];","-- Constraint-backed, review before dropping: ALTER TABLE [dbo].[tblExternal_research_report] DROP CONSTRAINT [PK_tblExternal_research_report];"
activist_insight,2026-05-10 01:35:21.070,[dbo].[tblOtherFilings_type],dbo,tblOtherFilings_type,1,PK_lOtherFilings_type,CLUSTERED,1,1,0,0,0,NULL,0,PRIMARY,other_filings_type_id,NULL,1,4,other_filings_type_id,NULL,other_filings_type_id||,60,1,0.02,83182732,1386681,0,0,84569413,NULL,84569413,2026-09-02 09:01:16.440,2026-09-02 09:02:50.877,NULL,NULL,"CREATE UNIQUE CLUSTERED INDEX [PK_lOtherFilings_type] ON [dbo].[tblOtherFilings_type] ([other_filings_type_id] ASC) WITH (DROP_EXISTING = OFF, ONLINE = ON) ON [PRIMARY];","-- Constraint-backed, review before dropping: ALTER TABLE [dbo].[tblOtherFilings_type] DROP CONSTRAINT [PK_lOtherFilings_type];"
activist_insight,2026-05-10 01:35:21.070,[dbo].[tblQuery_criterion_values_type_12],dbo,tblQuery_criterion_values_type_12,1,PK_tblQuery_criterion_values_type_12,CLUSTERED,1,1,0,0,0,NULL,0,PRIMARY,criterion_value_id,NULL,1,4,criterion_value_id,NULL,criterion_value_id||,59,1,0.02,0,0,0,0,0,NULL,0,NULL,NULL,NULL,NULL,"CREATE UNIQUE CLUSTERED INDEX [PK_tblQuery_criterion_values_type_12] ON [dbo].[tblQuery_criterion_values_type_12] ([criterion_value_id] ASC) WITH (DROP_EXISTING = OFF, ONLINE = ON) ON [PRIMARY];","-- Constraint-backed, review before dropping: ALTER TABLE [dbo].[tblQuery_criterion_values_type_12] DROP CONSTRAINT [PK_tblQuery_criterion_values_type_12];"
activist_insight,2026-05-10 01:35:21.070,[dbo].[tblAIPay_Ratio_SECSearch_DocTypes],dbo,tblAIPay_Ratio_SECSearch_DocTypes,0,NULL,HEAP,0,0,0,0,0,NULL,0,PRIMARY,NULL,NULL,0,0,NULL,NULL,||,58,1,0.02,0,226,0,0,226,NULL,226,NULL,2026-09-02 03:00:37.737,NULL,NULL,NULL,NULL
activist_insight,2026-05-10 01:35:21.070,[dbo].[tblImportPerformance_monthly],dbo,tblImportPerformance_monthly,1,PK_tblImportPerformance_monthly,CLUSTERED,1,1,0,0,0,NULL,0,PRIMARY,performance_monthly_id,NULL,1,4,performance_monthly_id,NULL,performance_monthly_id||,56,1,0.02,0,0,0,0,0,NULL,0,NULL,NULL,NULL,NULL,"CREATE UNIQUE CLUSTERED INDEX [PK_tblImportPerformance_monthly] ON [dbo].[tblImportPerformance_monthly] ([performance_monthly_id] ASC) WITH (DROP_EXISTING = OFF, ONLINE = ON) ON [PRIMARY];","-- Constraint-backed, review before dropping: ALTER TABLE [dbo].[tblImportPerformance_monthly] DROP CONSTRAINT [PK_tblImportPerformance_monthly];"
activist_insight,2026-05-10 01:35:21.070,[dbo].[tblGov_About],dbo,tblGov_About,1,PK__tblGov_A__3161C72C4C950767,CLUSTERED,1,1,0,0,0,NULL,0,PRIMARY,About_ID,NULL,1,4,about_id,NULL,about_id||,55,1,0.03,0,46,0,0,46,NULL,46,NULL,2026-08-18 15:10:06.707,NULL,NULL,"CREATE UNIQUE CLUSTERED INDEX [PK__tblGov_A__3161C72C4C950767] ON [dbo].[tblGov_About] ([About_ID] ASC) WITH (DROP_EXISTING = OFF, ONLINE = ON) ON [PRIMARY];","-- Constraint-backed, review before dropping: ALTER TABLE [dbo].[tblGov_About] DROP CONSTRAINT [PK__tblGov_A__3161C72C4C950767];"
activist_insight,2026-05-10 01:35:21.070,[dbo].[tblAdvertising],dbo,tblAdvertising,1,PK_tblAdvertising,CLUSTERED,1,1,0,0,0,NULL,0,PRIMARY,advert_id,NULL,1,4,advert_id,NULL,advert_id||,54,1,0.05,583,921,0,247,1504,6.09,1257,2026-09-01 21:11:31.567,2026-09-01 21:11:31.567,NULL,2026-09-01 21:11:31.567,"CREATE UNIQUE CLUSTERED INDEX [PK_tblAdvertising] ON [dbo].[tblAdvertising] ([advert_id] ASC) WITH (DROP_EXISTING = OFF, ONLINE = ON) ON [PRIMARY];","-- Constraint-backed, review before dropping: ALTER TABLE [dbo].[tblAdvertising] DROP CONSTRAINT [PK_tblAdvertising];"
activist_insight,2026-05-10 01:35:21.070,[dbo].[tblCampaign_Company_response],dbo,tblCampaign_Company_response,0,NULL,HEAP,0,0,0,0,0,NULL,0,PRIMARY,NULL,NULL,0,0,NULL,NULL,||,52,1,0.05,0,2,0,0,2,NULL,2,NULL,2026-06-02 14:31:35.910,NULL,NULL,NULL,NULL
activist_insight,2026-05-10 01:35:21.070,[dbo].[tblProxyStatement_Ownership],dbo,tblProxyStatement_Ownership,1,PK_tblProxyStatement_Ownership,CLUSTERED,1,1,0,0,0,NULL,0,PRIMARY,proxy_statement_ownership_id,NULL,1,4,proxy_statement_ownership_id,NULL,proxy_statement_ownership_id||,51,1,0.02,25,134,0,39,159,4.08,120,2026-08-31 08:36:53.313,2026-09-02 08:48:10.287,NULL,2026-08-31 08:43:39.400,"CREATE UNIQUE CLUSTERED INDEX [PK_tblProxyStatement_Ownership] ON [dbo].[tblProxyStatement_Ownership] ([proxy_statement_ownership_id] ASC) WITH (DROP_EXISTING = OFF, ONLINE = ON) ON [PRIMARY];","-- Constraint-backed, review before dropping: ALTER TABLE [dbo].[tblProxyStatement_Ownership] DROP CONSTRAINT [PK_tblProxyStatement_Ownership];"
activist_insight,2026-05-10 01:35:21.070,[dbo].[tblVulnAdvSearch_Filter],dbo,tblVulnAdvSearch_Filter,1,PK_VulnAdvSearch_Filter,CLUSTERED,1,1,0,0,0,NULL,0,PRIMARY,filter_id,NULL,1,4,filter_id,NULL,filter_id||,51,1,0.16,0,0,0,0,0,NULL,0,NULL,NULL,NULL,NULL,"CREATE UNIQUE CLUSTERED INDEX [PK_VulnAdvSearch_Filter] ON [dbo].[tblVulnAdvSearch_Filter] ([filter_id] ASC) WITH (DROP_EXISTING = OFF, ONLINE = ON) ON [PRIMARY];","-- Constraint-backed, review before dropping: ALTER TABLE [dbo].[tblVulnAdvSearch_Filter] DROP CONSTRAINT [PK_VulnAdvSearch_Filter];"
activist_insight,2026-05-10 01:35:21.070,[dbo].[tblVulnAdvSearch_Filter],dbo,tblVulnAdvSearch_Filter,2,UQ_VulnAdvSearch_Filter,NONCLUSTERED,1,0,1,0,0,NULL,0,PRIMARY,"filter_name, owner_id",NULL,2,104,"filter_name, owner_id",NULL,"filter_name, owner_id||",51,1,0.02,0,0,0,0,0,NULL,0,NULL,NULL,NULL,NULL,"CREATE UNIQUE NONCLUSTERED INDEX [UQ_VulnAdvSearch_Filter] ON [dbo].[tblVulnAdvSearch_Filter] ([filter_name] ASC, [owner_id] ASC) WITH (DROP_EXISTING = OFF, ONLINE = ON) ON [PRIMARY];","-- Constraint-backed, review before dropping: ALTER TABLE [dbo].[tblVulnAdvSearch_Filter] DROP CONSTRAINT [UQ_VulnAdvSearch_Filter];"
activist_insight,2026-05-10 01:35:21.070,[dbo].[tblStates],dbo,tblStates,1,PK_tblStates,CLUSTERED,1,1,0,0,0,NULL,0,PRIMARY,State_id,NULL,1,4,state_id,NULL,state_id||,50,1,0.02,42815,1367834,0,0,1410649,NULL,1410649,2026-09-02 09:01:13.150,2026-09-02 09:02:53.417,NULL,NULL,"CREATE UNIQUE CLUSTERED INDEX [PK_tblStates] ON [dbo].[tblStates] ([State_id] ASC) WITH (DROP_EXISTING = OFF, ONLINE = ON) ON [PRIMARY];","-- Constraint-backed, review before dropping: ALTER TABLE [dbo].[tblStates] DROP CONSTRAINT [PK_tblStates];"
activist_insight,2026-05-10 01:35:21.070,[dbo].[tblDataSource],dbo,tblDataSource,1,PK__tblDataS__5055362C07220764,CLUSTERED,1,1,0,0,0,NULL,0,PRIMARY,dataSource_id,NULL,1,4,datasource_id,NULL,datasource_id||,48,1,0.02,74987,3319,0,3,78306,26102.00,78303,2026-09-02 09:02:50.973,2026-09-02 08:48:35.173,NULL,2026-08-18 13:26:31.113,"CREATE UNIQUE CLUSTERED INDEX [PK__tblDataS__5055362C07220764] ON [dbo].[tblDataSource] ([dataSource_id] ASC) WITH (DROP_EXISTING = OFF, ONLINE = ON) ON [PRIMARY];","-- Constraint-backed, review before dropping: ALTER TABLE [dbo].[tblDataSource] DROP CONSTRAINT [PK__tblDataS__5055362C07220764];"
activist_insight,2026-05-10 01:35:21.070,[dbo].[tblProcessed_triggers],dbo,tblProcessed_triggers,1,PK_tblProcessed_triggers,CLUSTERED,1,1,0,0,0,NULL,0,PRIMARY,processed_trigger_id,NULL,1,4,processed_trigger_id,NULL,processed_trigger_id||,48,1,0.02,0,0,0,0,0,NULL,0,NULL,NULL,NULL,NULL,"CREATE UNIQUE CLUSTERED INDEX [PK_tblProcessed_triggers] ON [dbo].[tblProcessed_triggers] ([processed_trigger_id] ASC) WITH (DROP_EXISTING = OFF, ONLINE = ON) ON [PRIMARY];","-- Constraint-backed, review before dropping: ALTER TABLE [dbo].[tblProcessed_triggers] DROP CONSTRAINT [PK_tblProcessed_triggers];"
activist_insight,2026-05-10 01:35:21.070,[dbo].[tblDashboard_Widget],dbo,tblDashboard_Widget,1,PK_lDashboard_Widget,CLUSTERED,1,1,0,0,0,NULL,0,PRIMARY,dashboard_widget_id,NULL,1,4,dashboard_widget_id,NULL,dashboard_widget_id||,47,1,0.04,293283,190654,0,0,483937,NULL,483937,2026-09-02 09:02:52.500,2026-09-02 09:02:52.923,NULL,NULL,"CREATE UNIQUE CLUSTERED INDEX [PK_lDashboard_Widget] ON [dbo].[tblDashboard_Widget] ([dashboard_widget_id] ASC) WITH (DROP_EXISTING = OFF, ONLINE = ON) ON [PRIMARY];","-- Constraint-backed, review before dropping: ALTER TABLE [dbo].[tblDashboard_Widget] DROP CONSTRAINT [PK_lDashboard_Widget];"
activist_insight,2026-05-10 01:35:21.070,[dbo].[tblCampaign_settlement_dir_com_link],dbo,tblCampaign_settlement_dir_com_link,1,PK__tblCampa__78ECB0C07DA4E509,CLUSTERED,1,1,0,0,0,NULL,0,PRIMARY,campaign_settlement_dir_com_link_id,NULL,1,4,campaign_settlement_dir_com_link_id,NULL,campaign_settlement_dir_com_link_id||,44,1,0.02,0,0,0,0,0,NULL,0,NULL,NULL,NULL,NULL,"CREATE UNIQUE CLUSTERED INDEX [PK__tblCampa__78ECB0C07DA4E509] ON [dbo].[tblCampaign_settlement_dir_com_link] ([campaign_settlement_dir_com_link_id] ASC) WITH (DROP_EXISTING = OFF, ONLINE = ON) ON [PRIMARY];","-- Constraint-backed, review before dropping: ALTER TABLE [dbo].[tblCampaign_settlement_dir_com_link] DROP CONSTRAINT [PK__tblCampa__78ECB0C07DA4E509];"
activist_insight,2026-05-10 01:35:21.070,[dbo].[tblGovSavedSearches],dbo,tblGovSavedSearches,1,PK_tblGovSavedSearches,CLUSTERED,1,1,0,0,0,NULL,0,PRIMARY,savedsearch_id,NULL,1,4,savedsearch_id,NULL,savedsearch_id||,43,1,0.02,0,0,0,0,0,NULL,0,NULL,NULL,NULL,NULL,"CREATE UNIQUE CLUSTERED INDEX [PK_tblGovSavedSearches] ON [dbo].[tblGovSavedSearches] ([savedsearch_id] ASC) WITH (DROP_EXISTING = OFF, ONLINE = ON) ON [PRIMARY];","-- Constraint-backed, review before dropping: ALTER TABLE [dbo].[tblGovSavedSearches] DROP CONSTRAINT [PK_tblGovSavedSearches];"
activist_insight,2026-05-10 01:35:21.070,[dbo].[tblfeed_data_tables_history],dbo,tblfeed_data_tables_history,0,NULL,HEAP,0,0,0,0,0,NULL,0,PRIMARY,NULL,NULL,0,0,NULL,NULL,||,42,1,0.07,NULL,NULL,NULL,NULL,0,NULL,0,NULL,NULL,NULL,NULL,NULL,NULL
activist_insight,2026-05-10 01:35:21.070,[dbo].[raw13FHeadlines20210910],dbo,raw13FHeadlines20210910,0,NULL,HEAP,0,0,0,0,0,NULL,0,PRIMARY,NULL,NULL,0,0,NULL,NULL,||,41,1,0.02,0,0,0,0,0,NULL,0,NULL,NULL,NULL,NULL,NULL,NULL
activist_insight,2026-05-10 01:35:21.070,[dbo].[tblResearch_report],dbo,tblResearch_report,1,PK_tblResearch_report,CLUSTERED,1,1,0,0,0,NULL,0,PRIMARY,research_report_id,NULL,1,4,research_report_id,NULL,research_report_id||,40,1,0.02,1,6,0,0,7,NULL,7,2026-05-21 11:44:45.290,2026-07-20 10:50:33.360,NULL,NULL,"CREATE UNIQUE CLUSTERED INDEX [PK_tblResearch_report] ON [dbo].[tblResearch_report] ([research_report_id] ASC) WITH (DROP_EXISTING = OFF, ONLINE = ON) ON [PRIMARY];","-- Constraint-backed, review before dropping: ALTER TABLE [dbo].[tblResearch_report] DROP CONSTRAINT [PK_tblResearch_report];"
activist_insight,2026-05-10 01:35:21.070,[dbo].[tblISC_SEC_DECS],dbo,tblISC_SEC_DECS,0,NULL,HEAP,0,0,0,0,0,NULL,0,PRIMARY,NULL,NULL,0,0,NULL,NULL,||,39,1,0.02,0,358,0,0,358,NULL,358,NULL,2026-09-02 05:33:31.340,NULL,NULL,NULL,NULL
activist_insight,2026-05-10 01:35:21.070,[dbo].[tmpCanadianImport],dbo,tmpCanadianImport,0,NULL,HEAP,0,0,0,0,0,NULL,0,PRIMARY,NULL,NULL,0,0,NULL,NULL,||,38,1,0.02,0,0,0,0,0,NULL,0,NULL,NULL,NULL,NULL,NULL,NULL
activist_insight,2026-05-10 01:35:21.070,[dbo].[tDCP_ProcessParameters],dbo,tDCP_ProcessParameters,1,PK__tDCP_Pro__0BD197301A4A48D2,CLUSTERED,1,1,0,0,0,NULL,0,PRIMARY,ProcessParam_ID,NULL,1,4,processparam_id,NULL,processparam_id||,37,1,0.02,0,1110,0,0,1110,NULL,1110,NULL,2026-09-02 08:35:25.750,NULL,NULL,"CREATE UNIQUE CLUSTERED INDEX [PK__tDCP_Pro__0BD197301A4A48D2] ON [dbo].[tDCP_ProcessParameters] ([ProcessParam_ID] ASC) WITH (DROP_EXISTING = OFF, ONLINE = ON) ON [PRIMARY];","-- Constraint-backed, review before dropping: ALTER TABLE [dbo].[tDCP_ProcessParameters] DROP CONSTRAINT [PK__tDCP_Pro__0BD197301A4A48D2];"
activist_insight,2026-05-10 01:35:21.070,[dbo].[stgRPI_Investor_PolicyDiffDocument],dbo,stgRPI_Investor_PolicyDiffDocument,1,PK_stgRPI_Investor_PolicyDiffDocument,CLUSTERED,1,1,0,0,0,NULL,0,PRIMARY,RP_PolicyDiffDocumentId,NULL,1,510,rp_policydiffdocumentid,NULL,rp_policydiffdocumentid||,34,1,0.06,0,1,0,0,1,NULL,1,NULL,2026-05-26 14:43:48.387,NULL,NULL,"CREATE UNIQUE CLUSTERED INDEX [PK_stgRPI_Investor_PolicyDiffDocument] ON [dbo].[stgRPI_Investor_PolicyDiffDocument] ([RP_PolicyDiffDocumentId] ASC) WITH (DROP_EXISTING = OFF, ONLINE = ON) ON [PRIMARY];","-- Constraint-backed, review before dropping: ALTER TABLE [dbo].[stgRPI_Investor_PolicyDiffDocument] DROP CONSTRAINT [PK_stgRPI_Investor_PolicyDiffDocument];"
activist_insight,2026-05-10 01:35:21.070,[dbo].[tblQuery_criterion_values_type_3],dbo,tblQuery_criterion_values_type_3,1,PK_tblQuery_criterion_values_type_3,CLUSTERED,1,1,0,0,0,NULL,0,PRIMARY,criterion_value_id,NULL,1,4,criterion_value_id,NULL,criterion_value_id||,34,1,0.02,0,0,0,0,0,NULL,0,NULL,NULL,NULL,NULL,"CREATE UNIQUE CLUSTERED INDEX [PK_tblQuery_criterion_values_type_3] ON [dbo].[tblQuery_criterion_values_type_3] ([criterion_value_id] ASC) WITH (DROP_EXISTING = OFF, ONLINE = ON) ON [PRIMARY];","-- Constraint-backed, review before dropping: ALTER TABLE [dbo].[tblQuery_criterion_values_type_3] DROP CONSTRAINT [PK_tblQuery_criterion_values_type_3];"
activist_insight,2026-05-10 01:35:21.070,[dbo].[tmpPIDImport],dbo,tmpPIDImport,0,NULL,HEAP,0,0,0,0,0,NULL,0,PRIMARY,NULL,NULL,0,0,NULL,NULL,||,34,1,0.02,0,0,0,0,0,NULL,0,NULL,NULL,NULL,NULL,NULL,NULL
activist_insight,2026-05-10 01:35:21.070,[dbo].[tblCompany_type],dbo,tblCompany_type,1,PK_tblCompany_type,CLUSTERED,1,1,0,0,0,NULL,0,PRIMARY,type_id,NULL,1,4,type_id,NULL,type_id||,33,1,0.02,30589,64592,0,0,95181,NULL,95181,2026-09-02 09:00:05.807,2026-09-02 09:00:39.810,NULL,NULL,"CREATE UNIQUE CLUSTERED INDEX [PK_tblCompany_type] ON [dbo].[tblCompany_type] ([type_id] ASC) WITH (DROP_EXISTING = OFF, ONLINE = ON) ON [PRIMARY];","-- Constraint-backed, review before dropping: ALTER TABLE [dbo].[tblCompany_type] DROP CONSTRAINT [PK_tblCompany_type];"
activist_insight,2026-05-10 01:35:21.070,[dbo].[tblDeferred_Compensation],dbo,tblDeferred_Compensation,1,PK__tblDefer__A7A22BBF1D2795B6,CLUSTERED,1,1,0,0,0,NULL,0,PRIMARY,deffered_compensation_id,NULL,1,4,deffered_compensation_id,NULL,deffered_compensation_id||,33,1,0.02,0,2,0,0,2,NULL,2,NULL,2026-08-28 07:52:50.170,NULL,NULL,"CREATE UNIQUE CLUSTERED INDEX [PK__tblDefer__A7A22BBF1D2795B6] ON [dbo].[tblDeferred_Compensation] ([deffered_compensation_id] ASC) WITH (DROP_EXISTING = OFF, ONLINE = ON) ON [PRIMARY];","-- Constraint-backed, review before dropping: ALTER TABLE [dbo].[tblDeferred_Compensation] DROP CONSTRAINT [PK__tblDefer__A7A22BBF1D2795B6];"
activist_insight,2026-05-10 01:35:21.070,[dbo].[tblGov_check_notes],dbo,tblGov_check_notes,0,NULL,HEAP,0,0,0,0,0,NULL,0,PRIMARY,NULL,NULL,0,0,NULL,NULL,||,33,1,0.02,0,4,0,0,4,NULL,4,NULL,2026-07-08 13:20:26.443,NULL,NULL,NULL,NULL
activist_insight,2026-05-10 01:35:21.070,[dbo].[tblGov_Takeover],dbo,tblGov_Takeover,1,PK_tblGov_Takeover,CLUSTERED,1,1,0,0,0,NULL,0,PRIMARY,Takeover_id,NULL,1,4,takeover_id,NULL,takeover_id||,33,1,0.05,0,720,0,0,720,NULL,720,NULL,2026-09-02 09:00:10.723,NULL,NULL,"CREATE UNIQUE CLUSTERED INDEX [PK_tblGov_Takeover] ON [dbo].[tblGov_Takeover] ([Takeover_id] ASC) WITH (DROP_EXISTING = OFF, ONLINE = ON) ON [PRIMARY];","-- Constraint-backed, review before dropping: ALTER TABLE [dbo].[tblGov_Takeover] DROP CONSTRAINT [PK_tblGov_Takeover];"
activist_insight,2026-05-10 01:35:21.070,[dbo].[tblAISECSearch_ItemCodes],dbo,tblAISECSearch_ItemCodes,0,NULL,HEAP,0,0,0,0,0,NULL,0,PRIMARY,NULL,NULL,0,0,NULL,NULL,||,32,1,0.02,0,0,0,0,0,NULL,0,NULL,NULL,NULL,NULL,NULL,NULL
activist_insight,2026-05-10 01:35:21.070,[dbo].[tblASExchanges],dbo,tblASExchanges,0,NULL,HEAP,0,0,0,0,0,NULL,0,PRIMARY,NULL,NULL,0,0,NULL,NULL,||,32,1,0.02,0,0,0,0,0,NULL,0,NULL,NULL,NULL,NULL,NULL,NULL
activist_insight,2026-05-10 01:35:21.070,[dbo].[tblDirectorSkill_Group],dbo,tblDirectorSkill_Group,1,PK_tblDirectorSkill_Group,CLUSTERED,1,1,0,0,0,NULL,0,PRIMARY,skillgroup_id,NULL,1,4,skillgroup_id,NULL,skillgroup_id||,32,1,0.02,0,7,0,0,7,NULL,7,NULL,2026-08-26 13:35:12.280,NULL,NULL,"CREATE UNIQUE CLUSTERED INDEX [PK_tblDirectorSkill_Group] ON [dbo].[tblDirectorSkill_Group] ([skillgroup_id] ASC) WITH (DROP_EXISTING = OFF, ONLINE = ON) ON [PRIMARY];","-- Constraint-backed, review before dropping: ALTER TABLE [dbo].[tblDirectorSkill_Group] DROP CONSTRAINT [PK_tblDirectorSkill_Group];"
activist_insight,2026-05-10 01:35:21.070,[dbo].[tblNotification_source],dbo,tblNotification_source,1,PK__tblNotification___423761EE,CLUSTERED,1,1,0,0,0,NULL,0,PRIMARY,notification_source_id,NULL,1,4,notification_source_id,NULL,notification_source_id||,32,1,0.02,1,1,0,0,2,NULL,2,2026-05-16 06:31:26.863,2026-05-16 06:31:27.970,NULL,NULL,"CREATE UNIQUE CLUSTERED INDEX [PK__tblNotification___423761EE] ON [dbo].[tblNotification_source] ([notification_source_id] ASC) WITH (DROP_EXISTING = OFF, ONLINE = ON) ON [PRIMARY];","-- Constraint-backed, review before dropping: ALTER TABLE [dbo].[tblNotification_source] DROP CONSTRAINT [PK__tblNotification___423761EE];"
activist_insight,2026-05-10 01:35:21.070,[dbo].[tblV2a_processed_sf_trigger_unmatched_elements],dbo,tblV2a_processed_sf_trigger_unmatched_elements,1,PK_tblV2a_processed_sf_trigger_unmatched_elements,CLUSTERED,1,1,0,0,0,NULL,0,PRIMARY,processed_sf_trigger_unmatched_id,NULL,1,4,processed_sf_trigger_unmatched_id,NULL,processed_sf_trigger_unmatched_id||,32,1,0.83,0,0,0,0,0,NULL,0,NULL,NULL,NULL,NULL,"CREATE UNIQUE CLUSTERED INDEX [PK_tblV2a_processed_sf_trigger_unmatched_elements] ON [dbo].[tblV2a_processed_sf_trigger_unmatched_elements] ([processed_sf_trigger_unmatched_id] ASC) WITH (DROP_EXISTING = OFF, ONLINE = ON) ON [PRIMARY];","-- Constraint-backed, review before dropping: ALTER TABLE [dbo].[tblV2a_processed_sf_trigger_unmatched_elements] DROP CONSTRAINT [PK_tblV2a_processed_sf_trigger_unmatched_elements];"
activist_insight,2026-05-10 01:35:21.070,[dbo].[tblv3a_alert_suboption_static_values],dbo,tblv3a_alert_suboption_static_values,0,NULL,HEAP,0,0,0,0,0,NULL,0,PRIMARY,NULL,NULL,0,0,NULL,NULL,||,32,1,0.02,0,14879,0,0,14879,NULL,14879,NULL,2026-09-02 08:50:05.223,NULL,NULL,NULL,NULL
activist_insight,2026-05-10 01:35:21.070,[dbo].[rawImportCGICompensation_PayRatio],dbo,rawImportCGICompensation_PayRatio,0,NULL,HEAP,0,0,0,0,0,NULL,0,PRIMARY,NULL,NULL,0,0,NULL,NULL,||,31,1,0.04,NULL,NULL,NULL,NULL,0,NULL,0,NULL,NULL,NULL,NULL,NULL,NULL
activist_insight,2026-05-10 01:35:21.070,[dbo].[tbldirector_app_type],dbo,tbldirector_app_type,1,PK_tbldirector_app_type,CLUSTERED,1,1,0,0,0,NULL,0,PRIMARY,director_typeno_id,NULL,1,4,director_typeno_id,NULL,director_typeno_id||,31,1,0.02,281749,618923,0,11,900672,81879.27,900661,2026-09-02 09:02:53.760,2026-09-02 09:02:53.663,NULL,2026-08-11 13:25:42.230,"CREATE UNIQUE CLUSTERED INDEX [PK_tbldirector_app_type] ON [dbo].[tbldirector_app_type] ([director_typeno_id] ASC) WITH (DROP_EXISTING = OFF, ONLINE = ON) ON [PRIMARY];","-- Constraint-backed, review before dropping: ALTER TABLE [dbo].[tbldirector_app_type] DROP CONSTRAINT [PK_tbldirector_app_type];"
activist_insight,2026-05-10 01:35:21.070,[dbo].[tblKey_ratios_entries],dbo,tblKey_ratios_entries,1,PK_tblKey_ratios_entries,CLUSTERED,1,1,0,0,0,NULL,0,PRIMARY,key_ratios_entry_id,NULL,1,4,key_ratios_entry_id,NULL,key_ratios_entry_id||,31,1,0.04,0,1781180,18927,0,1800107,NULL,1800107,NULL,2026-09-02 09:02:47.697,2026-09-02 09:02:47.660,NULL,"CREATE UNIQUE CLUSTERED INDEX [PK_tblKey_ratios_entries] ON [dbo].[tblKey_ratios_entries] ([key_ratios_entry_id] ASC) WITH (DROP_EXISTING = OFF, ONLINE = ON) ON [PRIMARY];","-- Constraint-backed, review before dropping: ALTER TABLE [dbo].[tblKey_ratios_entries] DROP CONSTRAINT [PK_tblKey_ratios_entries];"
activist_insight,2026-05-10 01:35:21.070,[dbo].[tblKey_ratios_entries],dbo,tblKey_ratios_entries,10,NonClusteredIndex-20161024-183332,NONCLUSTERED,0,0,0,0,0,NULL,0,PRIMARY,metric_id,NULL,1,4,metric_id,NULL,metric_id||,31,1,0.02,50675,63240,0,0,113915,NULL,113915,2026-09-02 09:02:47.660,2026-09-02 07:00:27.203,NULL,NULL,"CREATE NONCLUSTERED INDEX [NonClusteredIndex-20161024-183332] ON [dbo].[tblKey_ratios_entries] ([metric_id] ASC) WITH (DROP_EXISTING = OFF, ONLINE = ON) ON [PRIMARY];",DROP INDEX [NonClusteredIndex-20161024-183332] ON [dbo].[tblKey_ratios_entries];
activist_insight,2026-05-10 01:35:21.070,[dbo].[tblRegion],dbo,tblRegion,1,PK_tblRegion,CLUSTERED,1,1,0,0,0,NULL,0,PRIMARY,Region_id,NULL,1,4,region_id,NULL,region_id||,31,1,0.02,582005,118766,0,0,700771,NULL,700771,2026-09-02 08:56:52.587,2026-09-02 09:02:53.783,NULL,NULL,"CREATE UNIQUE CLUSTERED INDEX [PK_tblRegion] ON [dbo].[tblRegion] ([Region_id] ASC) WITH (DROP_EXISTING = OFF, ONLINE = ON) ON [PRIMARY];","-- Constraint-backed, review before dropping: ALTER TABLE [dbo].[tblRegion] DROP CONSTRAINT [PK_tblRegion];"
activist_insight,2026-05-10 01:35:21.070,[dbo].[tUser_RevokedTokens],dbo,tUser_RevokedTokens,1,PK__tUser_Re__9F6BDB12A983F31D,CLUSTERED,1,1,0,0,0,NULL,0,PRIMARY,token_hash,NULL,1,512,token_hash,NULL,token_hash||,31,1,0.20,16858788,1,0,15606,16858789,1080.28,16843183,2026-09-02 09:02:53.893,2026-05-11 08:39:45.310,NULL,2026-09-02 08:47:49.280,"CREATE UNIQUE CLUSTERED INDEX [PK__tUser_Re__9F6BDB12A983F31D] ON [dbo].[tUser_RevokedTokens] ([token_hash] ASC) WITH (DROP_EXISTING = OFF, ONLINE = ON) ON [PRIMARY];","-- Constraint-backed, review before dropping: ALTER TABLE [dbo].[tUser_RevokedTokens] DROP CONSTRAINT [PK__tUser_Re__9F6BDB12A983F31D];"
activist_insight,2026-05-10 01:35:21.070,[dbo].[tUser_RevokedTokens],dbo,tUser_RevokedTokens,2,IX_tUser_RevokedTokens_ExpiresAt,NONCLUSTERED,0,0,0,0,0,NULL,0,PRIMARY,expires_at,NULL,1,8,expires_at,NULL,expires_at||,31,1,0.20,1840,0,0,15606,1840,0.12,-13766,2026-09-02 02:00:01.110,NULL,NULL,2026-09-02 08:47:49.280,"CREATE NONCLUSTERED INDEX [IX_tUser_RevokedTokens_ExpiresAt] ON [dbo].[tUser_RevokedTokens] ([expires_at] ASC) WITH (DROP_EXISTING = OFF, ONLINE = ON) ON [PRIMARY];",DROP INDEX [IX_tUser_RevokedTokens_ExpiresAt] ON [dbo].[tUser_RevokedTokens];
activist_insight,2026-05-10 01:35:21.070,[dbo].[tmpperfannual],dbo,tmpperfannual,0,NULL,HEAP,0,0,0,0,0,NULL,0,PRIMARY,NULL,NULL,0,0,NULL,NULL,||,30,1,0.02,0,0,0,0,0,NULL,0,NULL,NULL,NULL,NULL,NULL,NULL
activist_insight,2026-05-10 01:35:21.070,[dbo].[tblPowerSearch_Filter],dbo,tblPowerSearch_Filter,1,PK_PowerSearch_Filter,CLUSTERED,1,1,0,0,0,NULL,0,PRIMARY,filter_id,NULL,1,4,filter_id,NULL,filter_id||,29,1,0.10,0,0,489,1,489,489.00,488,NULL,NULL,2026-09-02 08:59:59.360,2026-07-31 12:52:01.530,"CREATE UNIQUE CLUSTERED INDEX [PK_PowerSearch_Filter] ON [dbo].[tblPowerSearch_Filter] ([filter_id] ASC) WITH (DROP_EXISTING = OFF, ONLINE = ON) ON [PRIMARY];","-- Constraint-backed, review before dropping: ALTER TABLE [dbo].[tblPowerSearch_Filter] DROP CONSTRAINT [PK_PowerSearch_Filter];"
activist_insight,2026-05-10 01:35:21.070,[dbo].[tblPowerSearch_Filter],dbo,tblPowerSearch_Filter,2,UQ_PowerSearch_Filter,NONCLUSTERED,1,0,1,0,0,NULL,0,PRIMARY,"filter_name, owner_id",NULL,2,104,"filter_name, owner_id",NULL,"filter_name, owner_id||",29,1,0.02,0,0,0,1,0,0.00,-1,NULL,NULL,NULL,2026-07-31 12:52:01.530,"CREATE UNIQUE NONCLUSTERED INDEX [UQ_PowerSearch_Filter] ON [dbo].[tblPowerSearch_Filter] ([filter_name] ASC, [owner_id] ASC) WITH (DROP_EXISTING = OFF, ONLINE = ON) ON [PRIMARY];","-- Constraint-backed, review before dropping: ALTER TABLE [dbo].[tblPowerSearch_Filter] DROP CONSTRAINT [UQ_PowerSearch_Filter];"
activist_insight,2026-05-10 01:35:21.070,[dbo].[tblPowerSearch_Filter],dbo,tblPowerSearch_Filter,3,idx_PowerSearch_Filter_ownerid_filtername,NONCLUSTERED,0,0,0,0,0,NULL,0,PRIMARY,"owner_id, filter_name",NULL,2,104,"owner_id, filter_name",NULL,"owner_id, filter_name||",29,1,0.02,489,0,0,1,489,489.00,488,2026-09-02 08:59:59.360,NULL,NULL,2026-07-31 12:52:01.530,"CREATE NONCLUSTERED INDEX [idx_PowerSearch_Filter_ownerid_filtername] ON [dbo].[tblPowerSearch_Filter] ([owner_id] ASC, [filter_name] ASC) WITH (DROP_EXISTING = OFF, ONLINE = ON) ON [PRIMARY];",DROP INDEX [idx_PowerSearch_Filter_ownerid_filtername] ON [dbo].[tblPowerSearch_Filter];
activist_insight,2026-05-10 01:35:21.070,[dbo].[tblPension_Payments],dbo,tblPension_Payments,1,PK__tblPensi__B93729D847B94375,CLUSTERED,1,1,0,0,0,NULL,0,PRIMARY,pension_payment_id,NULL,1,4,pension_payment_id,NULL,pension_payment_id||,28,1,0.02,0,2,0,0,2,NULL,2,NULL,2026-08-28 07:52:48.213,NULL,NULL,"CREATE UNIQUE CLUSTERED INDEX [PK__tblPensi__B93729D847B94375] ON [dbo].[tblPension_Payments] ([pension_payment_id] ASC) WITH (DROP_EXISTING = OFF, ONLINE = ON) ON [PRIMARY];","-- Constraint-backed, review before dropping: ALTER TABLE [dbo].[tblPension_Payments] DROP CONSTRAINT [PK__tblPensi__B93729D847B94375];"
activist_insight,2026-05-10 01:35:21.070,[dbo].[tblcampaign_short_tactics_type],dbo,tblcampaign_short_tactics_type,1,PK_tblcampaign_short_tactics_type,CLUSTERED,1,1,0,0,0,NULL,0,PRIMARY,tactic_id,NULL,1,4,tactic_id,NULL,tactic_id||,27,1,0.02,77948,7691,0,0,85639,NULL,85639,2026-09-02 09:00:19.920,2026-09-02 09:00:44.503,NULL,NULL,"CREATE UNIQUE CLUSTERED INDEX [PK_tblcampaign_short_tactics_type] ON [dbo].[tblcampaign_short_tactics_type] ([tactic_id] ASC) WITH (DROP_EXISTING = OFF, ONLINE = ON) ON [PRIMARY];","-- Constraint-backed, review before dropping: ALTER TABLE [dbo].[tblcampaign_short_tactics_type] DROP CONSTRAINT [PK_tblcampaign_short_tactics_type];"
activist_insight,2026-05-10 01:35:21.070,[dbo].[tblPowerSearchFilterType],dbo,tblPowerSearchFilterType,1,PK_lPowerSearchFilterType,CLUSTERED,1,1,0,0,0,NULL,0,PRIMARY,PowerSearchFilterType_Id,NULL,1,4,powersearchfiltertype_id,NULL,powersearchfiltertype_id||,27,1,0.02,0,0,0,0,0,NULL,0,NULL,NULL,NULL,NULL,"CREATE UNIQUE CLUSTERED INDEX [PK_lPowerSearchFilterType] ON [dbo].[tblPowerSearchFilterType] ([PowerSearchFilterType_Id] ASC) WITH (DROP_EXISTING = OFF, ONLINE = ON) ON [PRIMARY];","-- Constraint-backed, review before dropping: ALTER TABLE [dbo].[tblPowerSearchFilterType] DROP CONSTRAINT [PK_lPowerSearchFilterType];"
activist_insight,2026-05-10 01:35:21.070,[dbo].[tblV2a_processed_sf_triggers],dbo,tblV2a_processed_sf_triggers,1,PK_tblV2a_processed_sf_triggers,CLUSTERED,1,1,0,0,0,NULL,0,PRIMARY,processed_sf_trigger_id,NULL,1,4,processed_sf_trigger_id,NULL,processed_sf_trigger_id||,27,1,0.77,0,0,0,0,0,NULL,0,NULL,NULL,NULL,NULL,"CREATE UNIQUE CLUSTERED INDEX [PK_tblV2a_processed_sf_triggers] ON [dbo].[tblV2a_processed_sf_triggers] ([processed_sf_trigger_id] ASC) WITH (DROP_EXISTING = OFF, ONLINE = ON) ON [PRIMARY];","-- Constraint-backed, review before dropping: ALTER TABLE [dbo].[tblV2a_processed_sf_triggers] DROP CONSTRAINT [PK_tblV2a_processed_sf_triggers];"
activist_insight,2026-05-10 01:35:21.070,[dbo].[tmpCUSIPImport],dbo,tmpCUSIPImport,0,NULL,HEAP,0,0,0,0,0,NULL,0,PRIMARY,NULL,NULL,0,0,NULL,NULL,||,25,1,0.02,0,0,0,0,0,NULL,0,NULL,NULL,NULL,NULL,NULL,NULL
activist_insight,2026-05-10 01:35:21.070,[dbo].[tblSite_id_sets],dbo,tblSite_id_sets,1,PK_tblSite_id_sets,CLUSTERED,1,1,0,0,0,NULL,0,PRIMARY,side_id_set_entry_id,NULL,1,4,side_id_set_entry_id,NULL,side_id_set_entry_id||,24,1,0.02,0,0,0,0,0,NULL,0,NULL,NULL,NULL,NULL,"CREATE UNIQUE CLUSTERED INDEX [PK_tblSite_id_sets] ON [dbo].[tblSite_id_sets] ([side_id_set_entry_id] ASC) WITH (DROP_EXISTING = OFF, ONLINE = ON) ON [PRIMARY];","-- Constraint-backed, review before dropping: ALTER TABLE [dbo].[tblSite_id_sets] DROP CONSTRAINT [PK_tblSite_id_sets];"
activist_insight,2026-05-10 01:35:21.070,[dbo].[tblGov_Overview],dbo,tblGov_Overview,1,PK_tblGov_Overview,CLUSTERED,1,1,0,0,0,NULL,0,PRIMARY,Country_ID,NULL,1,4,country_id,NULL,country_id||,23,1,0.03,46,0,0,0,46,NULL,46,2026-08-18 15:10:06.703,NULL,NULL,NULL,"CREATE UNIQUE CLUSTERED INDEX [PK_tblGov_Overview] ON [dbo].[tblGov_Overview] ([Country_ID] ASC) WITH (DROP_EXISTING = OFF, ONLINE = ON) ON [PRIMARY];","-- Constraint-backed, review before dropping: ALTER TABLE [dbo].[tblGov_Overview] DROP CONSTRAINT [PK_tblGov_Overview];"
activist_insight,2026-05-10 01:35:21.070,[dbo].[tblownership_notifications_financialinstrument],dbo,tblownership_notifications_financialinstrument,0,NULL,HEAP,0,0,0,0,0,NULL,0,PRIMARY,NULL,NULL,0,0,NULL,NULL,||,23,1,0.02,0,0,0,0,0,NULL,0,NULL,NULL,NULL,NULL,NULL,NULL
activist_insight,2026-05-10 01:35:21.070,[dbo].[tblPure_Activists_13F],dbo,tblPure_Activists_13F,0,NULL,HEAP,0,0,0,0,0,NULL,0,PRIMARY,NULL,NULL,0,0,NULL,NULL,||,23,1,0.02,0,0,0,0,0,NULL,0,NULL,NULL,NULL,NULL,NULL,NULL
activist_insight,2026-05-10 01:35:21.070,[dbo].[tbluser_company_type],dbo,tbluser_company_type,1,PK__tbluser___E5527D7983D9BE27,CLUSTERED,1,1,0,0,0,NULL,0,PRIMARY,User_company_type_id,NULL,1,4,user_company_type_id,NULL,user_company_type_id||,23,1,0.02,1813,3662,0,0,5475,NULL,5475,2026-09-02 07:58:37.160,2026-09-02 07:57:51.990,NULL,NULL,"CREATE UNIQUE CLUSTERED INDEX [PK__tbluser___E5527D7983D9BE27] ON [dbo].[tbluser_company_type] ([User_company_type_id] ASC) WITH (DROP_EXISTING = OFF, ONLINE = ON) ON [PRIMARY];","-- Constraint-backed, review before dropping: ALTER TABLE [dbo].[tbluser_company_type] DROP CONSTRAINT [PK__tbluser___E5527D7983D9BE27];"
activist_insight,2026-05-10 01:35:21.070,[dbo].[tblV3a_alert_inbox_element_types],dbo,tblV3a_alert_inbox_element_types,1,PK_tblV3a_alert_inbox_element_types,CLUSTERED,1,1,0,0,0,NULL,0,PRIMARY,element_type_id,NULL,1,4,element_type_id,NULL,element_type_id||,22,1,0.02,19569284,36389530,0,0,55958814,NULL,55958814,2026-09-02 09:02:51.023,2026-09-02 09:02:53.300,NULL,NULL,"CREATE UNIQUE CLUSTERED INDEX [PK_tblV3a_alert_inbox_element_types] ON [dbo].[tblV3a_alert_inbox_element_types] ([element_type_id] ASC) WITH (DROP_EXISTING = OFF, ONLINE = ON) ON [PRIMARY];","-- Constraint-backed, review before dropping: ALTER TABLE [dbo].[tblV3a_alert_inbox_element_types] DROP CONSTRAINT [PK_tblV3a_alert_inbox_element_types];"
activist_insight,2026-05-10 01:35:21.070,[dbo].[tblproponent_sub_type],dbo,tblproponent_sub_type,1,PK_lproponent_sub_type,CLUSTERED,1,1,0,0,0,NULL,0,PRIMARY,proponent_sub_type_id,NULL,1,4,proponent_sub_type_id,NULL,proponent_sub_type_id||,21,1,0.02,355,29090,0,0,29445,NULL,29445,2026-08-17 07:34:29.540,2026-09-02 09:01:10.440,NULL,NULL,"CREATE UNIQUE CLUSTERED INDEX [PK_lproponent_sub_type] ON [dbo].[tblproponent_sub_type] ([proponent_sub_type_id] ASC) WITH (DROP_EXISTING = OFF, ONLINE = ON) ON [PRIMARY];","-- Constraint-backed, review before dropping: ALTER TABLE [dbo].[tblproponent_sub_type] DROP CONSTRAINT [PK_lproponent_sub_type];"
activist_insight,2026-05-10 01:35:21.070,[dbo].[tmpNotifiedStakes],dbo,tmpNotifiedStakes,0,NULL,HEAP,0,0,0,0,0,NULL,0,PRIMARY,NULL,NULL,0,0,NULL,NULL,||,21,1,0.02,0,0,0,0,0,NULL,0,NULL,NULL,NULL,NULL,NULL,NULL
activist_insight,2026-05-10 01:35:21.070,[dbo].[awsdms_truncation_safeguard],dbo,awsdms_truncation_safeguard,1,PK__awsdms_t__65C99AC81BE91E1C,CLUSTERED,1,1,0,0,0,NULL,0,PRIMARY,"latchTaskName, latchMachineGUID, LatchKey",NULL,3,169,"latchtaskname, latchmachineguid, latchkey",NULL,"latchtaskname, latchmachineguid, latchkey||",20,1,0.02,0,0,0,0,0,NULL,0,NULL,NULL,NULL,NULL,"CREATE UNIQUE CLUSTERED INDEX [PK__awsdms_t__65C99AC81BE91E1C] ON [dbo].[awsdms_truncation_safeguard] ([latchTaskName] ASC, [latchMachineGUID] ASC, [LatchKey] ASC) WITH (DROP_EXISTING = OFF, ONLINE = ON) ON [PRIMARY];","-- Constraint-backed, review before dropping: ALTER TABLE [dbo].[awsdms_truncation_safeguard] DROP CONSTRAINT [PK__awsdms_t__65C99AC81BE91E1C];"
activist_insight,2026-05-10 01:35:21.070,[dbo].[tblActivism_groups],dbo,tblActivism_groups,1,PK_tblActivism_groups,CLUSTERED,1,1,0,0,0,NULL,0,PRIMARY,activism_group_id,NULL,1,4,activism_group_id,NULL,activism_group_id||,20,1,0.02,134328,300653,0,0,434981,NULL,434981,2026-09-02 09:01:14.077,2026-09-02 09:01:14.277,NULL,NULL,"CREATE UNIQUE CLUSTERED INDEX [PK_tblActivism_groups] ON [dbo].[tblActivism_groups] ([activism_group_id] ASC) WITH (DROP_EXISTING = OFF, ONLINE = ON) ON [PRIMARY];","-- Constraint-backed, review before dropping: ALTER TABLE [dbo].[tblActivism_groups] DROP CONSTRAINT [PK_tblActivism_groups];"
activist_insight,2026-05-10 01:35:21.070,[dbo].[tblExit_type],dbo,tblExit_type,1,PK_lExit_type,CLUSTERED,1,1,0,0,0,NULL,0,PRIMARY,exit_type_id,NULL,1,4,exit_type_id,NULL,exit_type_id||,20,1,0.02,19942,9433,0,0,29375,NULL,29375,2026-09-02 08:53:49.137,2026-09-02 08:57:59.053,NULL,NULL,"CREATE UNIQUE CLUSTERED INDEX [PK_lExit_type] ON [dbo].[tblExit_type] ([exit_type_id] ASC) WITH (DROP_EXISTING = OFF, ONLINE = ON) ON [PRIMARY];","-- Constraint-backed, review before dropping: ALTER TABLE [dbo].[tblExit_type] DROP CONSTRAINT [PK_lExit_type];"
activist_insight,2026-05-10 01:35:21.070,[dbo].[tblHeartbeats],dbo,tblHeartbeats,1,cdx_tblheartbeats_appname,CLUSTERED,1,0,0,0,0,NULL,0,PRIMARY,app_name,NULL,1,50,app_name,NULL,app_name||,20,1,0.02,17799060,1708600,0,17799060,19507660,1.10,1708600,2026-09-02 09:02:53.540,2026-09-02 09:02:53.413,NULL,2026-09-02 09:02:53.540,"CREATE UNIQUE CLUSTERED INDEX [cdx_tblheartbeats_appname] ON [dbo].[tblHeartbeats] ([app_name] ASC) WITH (DROP_EXISTING = OFF, ONLINE = ON) ON [PRIMARY];",DROP INDEX [cdx_tblheartbeats_appname] ON [dbo].[tblHeartbeats];
activist_insight,2026-05-10 01:35:21.070,[dbo].[tblHeartbeats],dbo,tblHeartbeats,5,PK_tblheartbeats,NONCLUSTERED,1,1,0,0,0,NULL,0,PRIMARY,heartbeat_id,NULL,1,4,heartbeat_id,NULL,heartbeat_id||,20,1,0.02,0,0,0,0,0,NULL,0,NULL,NULL,NULL,NULL,"CREATE UNIQUE NONCLUSTERED INDEX [PK_tblheartbeats] ON [dbo].[tblHeartbeats] ([heartbeat_id] ASC) WITH (DROP_EXISTING = OFF, ONLINE = ON) ON [PRIMARY];","-- Constraint-backed, review before dropping: ALTER TABLE [dbo].[tblHeartbeats] DROP CONSTRAINT [PK_tblheartbeats];"
activist_insight,2026-05-10 01:35:21.070,[dbo].[tblIPtoUser],dbo,tblIPtoUser,1,PK_tblIPtoUser,CLUSTERED,1,1,0,0,0,NULL,0,PRIMARY,IPtoUser_id,NULL,1,4,iptouser_id,NULL,iptouser_id||,20,1,0.02,153309,200279,0,0,353588,NULL,353588,2026-09-02 09:02:51.647,2026-09-02 09:01:14.907,NULL,NULL,"CREATE UNIQUE CLUSTERED INDEX [PK_tblIPtoUser] ON [dbo].[tblIPtoUser] ([IPtoUser_id] ASC) WITH (DROP_EXISTING = OFF, ONLINE = ON) ON [PRIMARY];","-- Constraint-backed, review before dropping: ALTER TABLE [dbo].[tblIPtoUser] DROP CONSTRAINT [PK_tblIPtoUser];"
activist_insight,2026-05-10 01:35:21.070,[dbo].[tmpVulScoreCalcsTesting],dbo,tmpVulScoreCalcsTesting,1,PK_tmpVulScoreCalcsTesting,CLUSTERED,1,1,0,0,0,NULL,0,PRIMARY,PID,NULL,1,4,pid,NULL,pid||,20,1,0.02,0,0,0,0,0,NULL,0,NULL,NULL,NULL,NULL,"CREATE UNIQUE CLUSTERED INDEX [PK_tmpVulScoreCalcsTesting] ON [dbo].[tmpVulScoreCalcsTesting] ([PID] ASC) WITH (DROP_EXISTING = OFF, ONLINE = ON) ON [PRIMARY];","-- Constraint-backed, review before dropping: ALTER TABLE [dbo].[tmpVulScoreCalcsTesting] DROP CONSTRAINT [PK_tmpVulScoreCalcsTesting];"
activist_insight,2026-05-10 01:35:21.070,[dbo].[tblActivism_Type_Tooltips],dbo,tblActivism_Type_Tooltips,1,PK_tblActivism_type_Tooltips,CLUSTERED,1,1,0,0,0,NULL,0,PRIMARY,tooltip_id,NULL,1,4,tooltip_id,NULL,tooltip_id||,19,1,0.02,0,589,0,0,589,NULL,589,NULL,2026-09-02 08:53:57.967,NULL,NULL,"CREATE UNIQUE CLUSTERED INDEX [PK_tblActivism_type_Tooltips] ON [dbo].[tblActivism_Type_Tooltips] ([tooltip_id] ASC) WITH (DROP_EXISTING = OFF, ONLINE = ON) ON [PRIMARY];","-- Constraint-backed, review before dropping: ALTER TABLE [dbo].[tblActivism_Type_Tooltips] DROP CONSTRAINT [PK_tblActivism_type_Tooltips];"
activist_insight,2026-05-10 01:35:21.070,[dbo].[tblEmail_Details],dbo,tblEmail_Details,0,NULL,HEAP,0,0,0,0,0,NULL,0,PRIMARY,NULL,NULL,0,0,NULL,NULL,||,19,1,0.02,0,1,0,0,1,NULL,1,NULL,2026-07-28 15:52:04.500,NULL,NULL,NULL,NULL
activist_insight,2026-05-10 01:35:21.070,[dbo].[tblEvent],dbo,tblEvent,1,PK_tblEvent,CLUSTERED,1,1,0,0,0,NULL,0,PRIMARY,event_id,NULL,1,4,event_id,NULL,event_id||,19,1,0.02,0,0,0,0,0,NULL,0,NULL,NULL,NULL,NULL,"CREATE UNIQUE CLUSTERED INDEX [PK_tblEvent] ON [dbo].[tblEvent] ([event_id] ASC) WITH (DROP_EXISTING = OFF, ONLINE = ON) ON [PRIMARY];","-- Constraint-backed, review before dropping: ALTER TABLE [dbo].[tblEvent] DROP CONSTRAINT [PK_tblEvent];"
activist_insight,2026-05-10 01:35:21.070,[dbo].[tblCompoundedPerf_Nightly],dbo,tblCompoundedPerf_Nightly,0,NULL,HEAP,0,0,0,0,0,NULL,0,PRIMARY,NULL,NULL,0,0,NULL,NULL,||,18,1,0.02,NULL,NULL,NULL,NULL,0,NULL,0,NULL,NULL,NULL,NULL,NULL,NULL
activist_insight,2026-05-10 01:35:21.070,[dbo].[tblownership_notifications_shareclass],dbo,tblownership_notifications_shareclass,0,NULL,HEAP,0,0,0,0,0,NULL,0,PRIMARY,NULL,NULL,0,0,NULL,NULL,||,18,1,0.02,0,0,0,0,0,NULL,0,NULL,NULL,NULL,NULL,NULL,NULL
activist_insight,2026-05-10 01:35:21.070,[dbo].[tblV2a_processed_sf_trigger_company_elements],dbo,tblV2a_processed_sf_trigger_company_elements,1,PK_tblV2a_processed_sf_trigger_company_elements,CLUSTERED,1,1,0,0,0,NULL,0,PRIMARY,processed_sf_trigger_company_id,NULL,1,4,processed_sf_trigger_company_id,NULL,processed_sf_trigger_company_id||,18,1,0.80,0,2,0,0,2,NULL,2,NULL,2026-06-05 14:07:37.753,NULL,NULL,"CREATE UNIQUE CLUSTERED INDEX [PK_tblV2a_processed_sf_trigger_company_elements] ON [dbo].[tblV2a_processed_sf_trigger_company_elements] ([processed_sf_trigger_company_id] ASC) WITH (DROP_EXISTING = OFF, ONLINE = ON) ON [PRIMARY];","-- Constraint-backed, review before dropping: ALTER TABLE [dbo].[tblV2a_processed_sf_trigger_company_elements] DROP CONSTRAINT [PK_tblV2a_processed_sf_trigger_company_elements];"
activist_insight,2026-05-10 01:35:21.070,[dbo].[tblV2a_processed_sf_trigger_company_elements],dbo,tblV2a_processed_sf_trigger_company_elements,6,covidx_tblV2a_processed_sf_trigger_company_elements_processed_sf_trigger,NONCLUSTERED,0,0,0,0,0,NULL,0,PRIMARY,processed_sf_trigger_id,NULL,1,4,processed_sf_trigger_id,NULL,processed_sf_trigger_id||,18,1,0.63,0,0,0,0,0,NULL,0,NULL,NULL,NULL,NULL,"CREATE NONCLUSTERED INDEX [covidx_tblV2a_processed_sf_trigger_company_elements_processed_sf_trigger] ON [dbo].[tblV2a_processed_sf_trigger_company_elements] ([processed_sf_trigger_id] ASC) WITH (DROP_EXISTING = OFF, ONLINE = ON) ON [PRIMARY];",DROP INDEX [covidx_tblV2a_processed_sf_trigger_company_elements_processed_sf_trigger] ON [dbo].[tblV2a_processed_sf_trigger_company_elements];
activist_insight,2026-05-10 01:35:21.070,[dbo].[tblownership_notifications_investors],dbo,tblownership_notifications_investors,0,NULL,HEAP,0,0,0,0,0,NULL,0,PRIMARY,NULL,NULL,0,0,NULL,NULL,||,17,1,0.02,0,1,0,0,1,NULL,1,NULL,2026-05-16 06:31:26.863,NULL,NULL,NULL,NULL
activist_insight,2026-05-10 01:35:21.070,[dbo].[tblVoting_Import_Status],dbo,tblVoting_Import_Status,1,PK__tblVotin__93A4A4399CC406B3,CLUSTERED,1,1,0,0,0,NULL,0,PRIMARY,import_status_id,NULL,1,4,import_status_id,NULL,import_status_id||,17,1,0.02,700,3979,0,0,4679,NULL,4679,2026-09-02 08:59:11.270,2026-09-02 08:51:12.027,NULL,NULL,"CREATE UNIQUE CLUSTERED INDEX [PK__tblVotin__93A4A4399CC406B3] ON [dbo].[tblVoting_Import_Status] ([import_status_id] ASC) WITH (DROP_EXISTING = OFF, ONLINE = ON) ON [PRIMARY];","-- Constraint-backed, review before dropping: ALTER TABLE [dbo].[tblVoting_Import_Status] DROP CONSTRAINT [PK__tblVotin__93A4A4399CC406B3];"
activist_insight,2026-05-10 01:35:21.070,[dbo].[tblarticle_type],dbo,tblarticle_type,1,PK_larticle_type,CLUSTERED,1,1,0,0,0,NULL,0,PRIMARY,article_type_id,NULL,1,4,article_type_id,NULL,article_type_id||,16,1,0.02,1,59350,0,0,59351,NULL,59351,2026-08-27 15:53:16.687,2026-09-02 09:02:53.187,NULL,NULL,"CREATE UNIQUE CLUSTERED INDEX [PK_larticle_type] ON [dbo].[tblarticle_type] ([article_type_id] ASC) WITH (DROP_EXISTING = OFF, ONLINE = ON) ON [PRIMARY];","-- Constraint-backed, review before dropping: ALTER TABLE [dbo].[tblarticle_type] DROP CONSTRAINT [PK_larticle_type];"
activist_insight,2026-05-10 01:35:21.070,[dbo].[tblMarket_index],dbo,tblMarket_index,1,PK_tblMarket_index,CLUSTERED,1,1,0,0,0,NULL,0,PRIMARY,index_id,NULL,1,4,index_id,NULL,index_id||,16,1,0.02,0,0,0,0,0,NULL,0,NULL,NULL,NULL,NULL,"CREATE UNIQUE CLUSTERED INDEX [PK_tblMarket_index] ON [dbo].[tblMarket_index] ([index_id] ASC) WITH (DROP_EXISTING = OFF, ONLINE = ON) ON [PRIMARY];","-- Constraint-backed, review before dropping: ALTER TABLE [dbo].[tblMarket_index] DROP CONSTRAINT [PK_tblMarket_index];"
activist_insight,2026-05-10 01:35:21.070,[dbo].[tblQuery_criterion_values_type_13],dbo,tblQuery_criterion_values_type_13,1,PK_tblQuery_criterion_values_type_13,CLUSTERED,1,1,0,0,0,NULL,0,PRIMARY,criterion_value_id,NULL,1,4,criterion_value_id,NULL,criterion_value_id||,16,1,0.02,0,0,0,0,0,NULL,0,NULL,NULL,NULL,NULL,"CREATE UNIQUE CLUSTERED INDEX [PK_tblQuery_criterion_values_type_13] ON [dbo].[tblQuery_criterion_values_type_13] ([criterion_value_id] ASC) WITH (DROP_EXISTING = OFF, ONLINE = ON) ON [PRIMARY];","-- Constraint-backed, review before dropping: ALTER TABLE [dbo].[tblQuery_criterion_values_type_13] DROP CONSTRAINT [PK_tblQuery_criterion_values_type_13];"
activist_insight,2026-05-10 01:35:21.070,[dbo].[tblv3a_alert_options],dbo,tblv3a_alert_options,1,PK_tblv3a_alert_options,CLUSTERED,1,1,0,0,0,NULL,0,PRIMARY,alert_option_id,NULL,1,4,alert_option_id,NULL,alert_option_id||,16,1,0.02,17562336,29365805,0,0,46928141,NULL,46928141,2026-09-02 09:02:51.023,2026-09-02 09:02:50.877,NULL,NULL,"CREATE UNIQUE CLUSTERED INDEX [PK_tblv3a_alert_options] ON [dbo].[tblv3a_alert_options] ([alert_option_id] ASC) WITH (DROP_EXISTING = OFF, ONLINE = ON) ON [PRIMARY];","-- Constraint-backed, review before dropping: ALTER TABLE [dbo].[tblv3a_alert_options] DROP CONSTRAINT [PK_tblv3a_alert_options];"
activist_insight,2026-05-10 01:35:21.070,[dbo].[tbllead_our_fields],dbo,tbllead_our_fields,0,NULL,HEAP,0,0,0,0,0,NULL,0,PRIMARY,NULL,NULL,0,0,NULL,NULL,||,15,1,0.02,0,0,0,0,0,NULL,0,NULL,NULL,NULL,NULL,NULL,NULL
activist_insight,2026-05-10 01:35:21.070,[dbo].[tblSpotCheck],dbo,tblSpotCheck,1,PK__tblSpotC__2CA893ADD9C70ACC,CLUSTERED,1,1,0,0,0,NULL,0,PRIMARY,spotcheck_id,NULL,1,4,spotcheck_id,NULL,spotcheck_id||,15,1,0.05,0,1,0,0,1,NULL,1,NULL,2026-08-25 08:54:31.303,NULL,NULL,"CREATE UNIQUE CLUSTERED INDEX [PK__tblSpotC__2CA893ADD9C70ACC] ON [dbo].[tblSpotCheck] ([spotcheck_id] ASC) WITH (DROP_EXISTING = OFF, ONLINE = ON) ON [PRIMARY];","-- Constraint-backed, review before dropping: ALTER TABLE [dbo].[tblSpotCheck] DROP CONSTRAINT [PK__tblSpotC__2CA893ADD9C70ACC];"
activist_insight,2026-05-10 01:35:21.070,[dbo].[tbl502_Comp_Checked],dbo,tbl502_Comp_Checked,0,NULL,HEAP,0,0,0,0,0,NULL,0,PRIMARY,NULL,NULL,0,0,NULL,NULL,||,14,1,0.04,0,2428,0,0,2428,NULL,2428,NULL,2026-09-02 08:42:22.497,NULL,NULL,NULL,NULL
activist_insight,2026-05-10 01:35:21.070,[dbo].[tblCampaign_Action_Strategy],dbo,tblCampaign_Action_Strategy,0,NULL,HEAP,0,0,0,0,0,NULL,0,PRIMARY,NULL,NULL,0,0,NULL,NULL,||,14,1,0.02,0,1038,0,0,1038,NULL,1038,NULL,2026-09-02 08:07:50.810,NULL,NULL,NULL,NULL
activist_insight,2026-05-10 01:35:21.070,[dbo].[tblDataInvestory_SQL_group],dbo,tblDataInvestory_SQL_group,1,PK__tblDataI__1D8E8E3886D3158F,CLUSTERED,1,1,0,0,0,NULL,0,PRIMARY,DataInvestory_SQL_group_id,NULL,1,4,datainvestory_sql_group_id,NULL,datainvestory_sql_group_id||,14,1,0.02,0,0,0,0,0,NULL,0,NULL,NULL,NULL,NULL,"CREATE UNIQUE CLUSTERED INDEX [PK__tblDataI__1D8E8E3886D3158F] ON [dbo].[tblDataInvestory_SQL_group] ([DataInvestory_SQL_group_id] ASC) WITH (DROP_EXISTING = OFF, ONLINE = ON) ON [PRIMARY];","-- Constraint-backed, review before dropping: ALTER TABLE [dbo].[tblDataInvestory_SQL_group] DROP CONSTRAINT [PK__tblDataI__1D8E8E3886D3158F];"
activist_insight,2026-05-10 01:35:21.070,[dbo].[tblDataInvestorySubGroups],dbo,tblDataInvestorySubGroups,1,PK__tblDataI__5CFDAD8C2B4A1CE8,CLUSTERED,1,1,0,0,0,NULL,0,PRIMARY,DataInventory_subcategory_id,NULL,1,4,datainventory_subcategory_id,NULL,datainventory_subcategory_id||,14,1,0.02,1,0,0,0,1,NULL,1,2026-08-25 08:54:31.303,NULL,NULL,NULL,"CREATE UNIQUE CLUSTERED INDEX [PK__tblDataI__5CFDAD8C2B4A1CE8] ON [dbo].[tblDataInvestorySubGroups] ([DataInventory_subcategory_id] ASC) WITH (DROP_EXISTING = OFF, ONLINE = ON) ON [PRIMARY];","-- Constraint-backed, review before dropping: ALTER TABLE [dbo].[tblDataInvestorySubGroups] DROP CONSTRAINT [PK__tblDataI__5CFDAD8C2B4A1CE8];"
activist_insight,2026-05-10 01:35:21.070,[dbo].[tblPermission_areas],dbo,tblPermission_areas,1,PK_tblPermission_areas,CLUSTERED,1,1,0,0,0,NULL,0,PRIMARY,area_id,NULL,1,4,area_id,NULL,area_id||,14,1,0.02,0,24029,0,0,24029,NULL,24029,NULL,2026-09-02 08:59:45.700,NULL,NULL,"CREATE UNIQUE CLUSTERED INDEX [PK_tblPermission_areas] ON [dbo].[tblPermission_areas] ([area_id] ASC) WITH (DROP_EXISTING = OFF, ONLINE = ON) ON [PRIMARY];","-- Constraint-backed, review before dropping: ALTER TABLE [dbo].[tblPermission_areas] DROP CONSTRAINT [PK_tblPermission_areas];"
activist_insight,2026-05-10 01:35:21.070,[dbo].[tblV2a_processed_sf_trigger_activist_elements],dbo,tblV2a_processed_sf_trigger_activist_elements,1,PK_tblV2a_processed_sf_trigger_activist_elements,CLUSTERED,1,1,0,0,0,NULL,0,PRIMARY,processed_sf_trigger_activist_id,NULL,1,4,processed_sf_trigger_activist_id,NULL,processed_sf_trigger_activist_id||,14,1,0.28,0,0,0,0,0,NULL,0,NULL,NULL,NULL,NULL,"CREATE UNIQUE CLUSTERED INDEX [PK_tblV2a_processed_sf_trigger_activist_elements] ON [dbo].[tblV2a_processed_sf_trigger_activist_elements] ([processed_sf_trigger_activist_id] ASC) WITH (DROP_EXISTING = OFF, ONLINE = ON) ON [PRIMARY];","-- Constraint-backed, review before dropping: ALTER TABLE [dbo].[tblV2a_processed_sf_trigger_activist_elements] DROP CONSTRAINT [PK_tblV2a_processed_sf_trigger_activist_elements];"
activist_insight,2026-05-10 01:35:21.070,[dbo].[tblForm_type],dbo,tblForm_type,1,PK_lForm_type,CLUSTERED,1,1,0,0,0,NULL,0,PRIMARY,form_type_id,NULL,1,4,form_type_id,NULL,form_type_id||,13,1,0.02,0,4110,0,0,4110,NULL,4110,NULL,2026-09-02 08:57:45.620,NULL,NULL,"CREATE UNIQUE CLUSTERED INDEX [PK_lForm_type] ON [dbo].[tblForm_type] ([form_type_id] ASC) WITH (DROP_EXISTING = OFF, ONLINE = ON) ON [PRIMARY];","-- Constraint-backed, review before dropping: ALTER TABLE [dbo].[tblForm_type] DROP CONSTRAINT [PK_lForm_type];"
activist_insight,2026-05-10 01:35:21.070,[dbo].[tblUserSearch_FilterType],dbo,tblUserSearch_FilterType,1,PK_UserSearchFilterType,CLUSTERED,1,1,0,0,0,NULL,0,PRIMARY,filter_type_id,NULL,1,4,filter_type_id,NULL,filter_type_id||,13,1,0.02,16164,15,0,0,16179,NULL,16179,2026-09-02 09:01:11.650,2026-08-26 13:35:13.190,NULL,NULL,"CREATE UNIQUE CLUSTERED INDEX [PK_UserSearchFilterType] ON [dbo].[tblUserSearch_FilterType] ([filter_type_id] ASC) WITH (DROP_EXISTING = OFF, ONLINE = ON) ON [PRIMARY];","-- Constraint-backed, review before dropping: ALTER TABLE [dbo].[tblUserSearch_FilterType] DROP CONSTRAINT [PK_UserSearchFilterType];"
activist_insight,2026-05-10 01:35:21.070,[dbo].[tblv3a_alert_suboption],dbo,tblv3a_alert_suboption,0,NULL,HEAP,0,0,0,0,0,NULL,0,PRIMARY,NULL,NULL,0,0,NULL,NULL,||,13,1,0.02,0,4965,0,0,4965,NULL,4965,NULL,2026-09-02 08:50:05.223,NULL,NULL,NULL,NULL
activist_insight,2026-05-10 01:35:21.070,[dbo].[tblvoting_import_action],dbo,tblvoting_import_action,1,PK__tblvotin__D5F249604BCAC600,CLUSTERED,1,1,0,0,0,NULL,0,PRIMARY,importaction_id,NULL,1,1,importaction_id,NULL,importaction_id||,13,1,0.02,0,1,0,0,1,NULL,1,NULL,2026-08-19 13:15:58.820,NULL,NULL,"CREATE UNIQUE CLUSTERED INDEX [PK__tblvotin__D5F249604BCAC600] ON [dbo].[tblvoting_import_action] ([importaction_id] ASC) WITH (DROP_EXISTING = OFF, ONLINE = ON) ON [PRIMARY];","-- Constraint-backed, review before dropping: ALTER TABLE [dbo].[tblvoting_import_action] DROP CONSTRAINT [PK__tblvotin__D5F249604BCAC600];"
activist_insight,2026-05-10 01:35:21.070,[dbo].[tbladditional_filing_type],dbo,tbladditional_filing_type,1,PK_tbladditional_filing_type,CLUSTERED,1,1,0,0,0,NULL,0,PRIMARY,additional_filing_type,NULL,1,4,additional_filing_type,NULL,additional_filing_type||,12,1,0.02,214834,153185,0,0,368019,NULL,368019,2026-09-02 09:01:12.693,2026-09-02 09:01:56.113,NULL,NULL,"CREATE UNIQUE CLUSTERED INDEX [PK_tbladditional_filing_type] ON [dbo].[tbladditional_filing_type] ([additional_filing_type] ASC) WITH (DROP_EXISTING = OFF, ONLINE = ON) ON [PRIMARY];","-- Constraint-backed, review before dropping: ALTER TABLE [dbo].[tbladditional_filing_type] DROP CONSTRAINT [PK_tbladditional_filing_type];"
activist_insight,2026-05-10 01:35:21.070,[dbo].[tblDirector_policy_headings],dbo,tblDirector_policy_headings,1,PK_tblDirector_policy_headings,CLUSTERED,1,1,0,0,0,NULL,0,PRIMARY,director_policy_heading_id,NULL,1,4,director_policy_heading_id,NULL,director_policy_heading_id||,12,1,0.02,0,0,0,0,0,NULL,0,NULL,NULL,NULL,NULL,"CREATE UNIQUE CLUSTERED INDEX [PK_tblDirector_policy_headings] ON [dbo].[tblDirector_policy_headings] ([director_policy_heading_id] ASC) WITH (DROP_EXISTING = OFF, ONLINE = ON) ON [PRIMARY];","-- Constraint-backed, review before dropping: ALTER TABLE [dbo].[tblDirector_policy_headings] DROP CONSTRAINT [PK_tblDirector_policy_headings];"
activist_insight,2026-05-10 01:35:21.070,[dbo].[tblFiling_groups],dbo,tblFiling_groups,1,PK_tblFiling_groups,CLUSTERED,1,1,0,0,0,NULL,0,PRIMARY,filing_group_id,NULL,1,4,filing_group_id,NULL,filing_group_id||,12,1,0.02,0,4968,0,0,4968,NULL,4968,NULL,2026-09-02 08:50:05.203,NULL,NULL,"CREATE UNIQUE CLUSTERED INDEX [PK_tblFiling_groups] ON [dbo].[tblFiling_groups] ([filing_group_id] ASC) WITH (DROP_EXISTING = OFF, ONLINE = ON) ON [PRIMARY];","-- Constraint-backed, review before dropping: ALTER TABLE [dbo].[tblFiling_groups] DROP CONSTRAINT [PK_tblFiling_groups];"
activist_insight,2026-05-10 01:35:21.070,[dbo].[tblFundamental_check_types],dbo,tblFundamental_check_types,1,PK_tblFundamental_check_types,CLUSTERED,1,1,0,0,0,NULL,0,PRIMARY,check_type_id,NULL,1,4,check_type_id,NULL,check_type_id||,12,1,0.02,0,140,0,0,140,NULL,140,NULL,2026-09-02 06:47:54.193,NULL,NULL,"CREATE UNIQUE CLUSTERED INDEX [PK_tblFundamental_check_types] ON [dbo].[tblFundamental_check_types] ([check_type_id] ASC) WITH (DROP_EXISTING = OFF, ONLINE = ON) ON [PRIMARY];","-- Constraint-backed, review before dropping: ALTER TABLE [dbo].[tblFundamental_check_types] DROP CONSTRAINT [PK_tblFundamental_check_types];"
activist_insight,2026-05-10 01:35:21.070,[dbo].[tblgov_metric_proposal_type_link],dbo,tblgov_metric_proposal_type_link,1,PK_tblgov_metric_proposal_type_link,CLUSTERED,1,1,0,0,0,NULL,0,PRIMARY,gov_metric_proposal_type_id,NULL,1,4,gov_metric_proposal_type_id,NULL,gov_metric_proposal_type_id||,12,1,0.02,0,14577,0,0,14577,NULL,14577,NULL,2026-09-02 09:02:41.823,NULL,NULL,"CREATE UNIQUE CLUSTERED INDEX [PK_tblgov_metric_proposal_type_link] ON [dbo].[tblgov_metric_proposal_type_link] ([gov_metric_proposal_type_id] ASC) WITH (DROP_EXISTING = OFF, ONLINE = ON) ON [PRIMARY];","-- Constraint-backed, review before dropping: ALTER TABLE [dbo].[tblgov_metric_proposal_type_link] DROP CONSTRAINT [PK_tblgov_metric_proposal_type_link];"
activist_insight,2026-05-10 01:35:21.070,[dbo].[tblDirectors_from_ProxyStatement],dbo,tblDirectors_from_ProxyStatement,1,PK_tblDirectors,CLUSTERED,1,1,0,0,0,NULL,0,PRIMARY,director_id,NULL,1,4,director_id,NULL,director_id||,11,1,0.05,3824,0,0,3824,3824,1.00,0,2026-08-24 16:06:09.810,NULL,NULL,2026-08-24 16:06:09.810,"CREATE UNIQUE CLUSTERED INDEX [PK_tblDirectors] ON [dbo].[tblDirectors_from_ProxyStatement] ([director_id] ASC) WITH (DROP_EXISTING = OFF, ONLINE = ON) ON [PRIMARY];","-- Constraint-backed, review before dropping: ALTER TABLE [dbo].[tblDirectors_from_ProxyStatement] DROP CONSTRAINT [PK_tblDirectors];"
activist_insight,2026-05-10 01:35:21.070,[dbo].[tblMechanismsDemand],dbo,tblMechanismsDemand,1,PK__tblMecha__5F086D8610B61D8C,CLUSTERED,1,1,0,0,0,NULL,0,PRIMARY,MechanismsId,NULL,1,4,mechanismsid,NULL,mechanismsid||,11,1,0.02,0,1599,0,0,1599,NULL,1599,NULL,2026-08-31 08:25:35.417,NULL,NULL,"CREATE UNIQUE CLUSTERED INDEX [PK__tblMecha__5F086D8610B61D8C] ON [dbo].[tblMechanismsDemand] ([MechanismsId] ASC) WITH (DROP_EXISTING = OFF, ONLINE = ON) ON [PRIMARY];","-- Constraint-backed, review before dropping: ALTER TABLE [dbo].[tblMechanismsDemand] DROP CONSTRAINT [PK__tblMecha__5F086D8610B61D8C];"
activist_insight,2026-05-10 01:35:21.070,[dbo].[tblSpotCheck_unique_id_description],dbo,tblSpotCheck_unique_id_description,1,PK__tblSpotC__5C0F2F5C78A87CBF,CLUSTERED,1,1,0,0,0,NULL,0,PRIMARY,spotcheck_unique_id,NULL,1,4,spotcheck_unique_id,NULL,spotcheck_unique_id||,11,1,0.02,0,0,0,0,0,NULL,0,NULL,NULL,NULL,NULL,"CREATE UNIQUE CLUSTERED INDEX [PK__tblSpotC__5C0F2F5C78A87CBF] ON [dbo].[tblSpotCheck_unique_id_description] ([spotcheck_unique_id] ASC) WITH (DROP_EXISTING = OFF, ONLINE = ON) ON [PRIMARY];","-- Constraint-backed, review before dropping: ALTER TABLE [dbo].[tblSpotCheck_unique_id_description] DROP CONSTRAINT [PK__tblSpotC__5C0F2F5C78A87CBF];"
activist_insight,2026-05-10 01:35:21.070,[dbo].[raw_stgtest],dbo,raw_stgtest,0,NULL,HEAP,0,0,0,0,0,NULL,0,PRIMARY,NULL,NULL,0,0,NULL,NULL,||,10,1,0.02,NULL,NULL,NULL,NULL,0,NULL,0,NULL,NULL,NULL,NULL,NULL,NULL
activist_insight,2026-05-10 01:35:21.070,[dbo].[tblFinal_offer_outcome],dbo,tblFinal_offer_outcome,0,NULL,HEAP,0,0,0,0,0,NULL,0,PRIMARY,NULL,NULL,0,0,NULL,NULL,||,10,1,0.02,0,61289,0,0,61289,NULL,61289,NULL,2026-09-02 09:00:29.990,NULL,NULL,NULL,NULL
activist_insight,2026-05-10 01:35:21.070,[dbo].[tblJob_level],dbo,tblJob_level,1,PK_tblJob_level,CLUSTERED,1,1,0,0,0,NULL,0,PRIMARY,job_level_id,NULL,1,4,job_level_id,NULL,job_level_id||,10,1,0.02,0,0,0,0,0,NULL,0,NULL,NULL,NULL,NULL,"CREATE UNIQUE CLUSTERED INDEX [PK_tblJob_level] ON [dbo].[tblJob_level] ([job_level_id] ASC) WITH (DROP_EXISTING = OFF, ONLINE = ON) ON [PRIMARY];","-- Constraint-backed, review before dropping: ALTER TABLE [dbo].[tblJob_level] DROP CONSTRAINT [PK_tblJob_level];"
activist_insight,2026-05-10 01:35:21.070,[dbo].[tblProducts],dbo,tblProducts,1,PK_tblProducts,CLUSTERED,1,1,0,0,0,NULL,0,PRIMARY,product_id,NULL,1,4,product_id,NULL,product_id||,10,1,0.02,144045,384524,0,1,528569,528569.00,528568,2026-09-02 08:57:16.697,2026-09-02 09:02:52.263,NULL,2026-08-05 14:18:27.100,"CREATE UNIQUE CLUSTERED INDEX [PK_tblProducts] ON [dbo].[tblProducts] ([product_id] ASC) WITH (DROP_EXISTING = OFF, ONLINE = ON) ON [PRIMARY];","-- Constraint-backed, review before dropping: ALTER TABLE [dbo].[tblProducts] DROP CONSTRAINT [PK_tblProducts];"
activist_insight,2026-05-10 01:35:21.070,[dbo].[tblProducts],dbo,tblProducts,2,CvIndex-ProductModuleName,NONCLUSTERED,0,0,0,0,0,NULL,0,PRIMARY,product_id,module_name,1,4,product_id,module_name,product_id|module_name|,10,1,0.02,17775843,29672021,0,1,47447864,47447864.00,47447863,2026-09-02 09:02:51.023,2026-09-02 09:02:50.877,NULL,2026-08-05 14:18:27.100,"CREATE NONCLUSTERED INDEX [CvIndex-ProductModuleName] ON [dbo].[tblProducts] ([product_id] ASC) INCLUDE (module_name) WITH (DROP_EXISTING = OFF, ONLINE = ON) ON [PRIMARY];",DROP INDEX [CvIndex-ProductModuleName] ON [dbo].[tblProducts];
activist_insight,2026-05-10 01:35:21.070,[dbo].[tblTest],dbo,tblTest,1,PK_tblTest,CLUSTERED,1,1,0,0,0,NULL,0,PRIMARY,ID,NULL,1,4,id,NULL,id||,10,1,0.02,0,0,0,0,0,NULL,0,NULL,NULL,NULL,NULL,"CREATE UNIQUE CLUSTERED INDEX [PK_tblTest] ON [dbo].[tblTest] ([ID] ASC) WITH (DROP_EXISTING = OFF, ONLINE = ON) ON [PRIMARY];","-- Constraint-backed, review before dropping: ALTER TABLE [dbo].[tblTest] DROP CONSTRAINT [PK_tblTest];"
activist_insight,2026-05-10 01:35:21.070,[dbo].[tDCP_ProcessGroup],dbo,tDCP_ProcessGroup,1,PK__tDCP_Pro__8207D9CC7FE96E08,CLUSTERED,1,1,0,0,0,NULL,0,PRIMARY,ProcessGroup_ID,NULL,1,4,processgroup_id,NULL,processgroup_id||,10,1,0.02,0,1003,0,0,1003,NULL,1003,NULL,2026-09-02 08:34:49.820,NULL,NULL,"CREATE UNIQUE CLUSTERED INDEX [PK__tDCP_Pro__8207D9CC7FE96E08] ON [dbo].[tDCP_ProcessGroup] ([ProcessGroup_ID] ASC) WITH (DROP_EXISTING = OFF, ONLINE = ON) ON [PRIMARY];","-- Constraint-backed, review before dropping: ALTER TABLE [dbo].[tDCP_ProcessGroup] DROP CONSTRAINT [PK__tDCP_Pro__8207D9CC7FE96E08];"
activist_insight,2026-05-10 01:35:21.070,[dbo].[tVoting_Sync_Run],dbo,tVoting_Sync_Run,2,IX_tVoting_Sync_Run_Status,NONCLUSTERED,0,0,0,0,1,([RunStatus]='InProgress'),0,PRIMARY,"RunStatus, StartTime",NULL,2,28,"runstatus, starttime",NULL,"runstatus, starttime||([runstatus]='inprogress')",10,1,0.02,0,0,0,0,0,NULL,0,NULL,NULL,NULL,NULL,"CREATE NONCLUSTERED INDEX [IX_tVoting_Sync_Run_Status] ON [dbo].[tVoting_Sync_Run] ([RunStatus] ASC, [StartTime] DESC) WHERE ([RunStatus]='InProgress') WITH (DROP_EXISTING = OFF, ONLINE = ON) ON [PRIMARY];",DROP INDEX [IX_tVoting_Sync_Run_Status] ON [dbo].[tVoting_Sync_Run];
activist_insight,2026-05-10 01:35:21.070,[dbo].[tblFeature],dbo,tblFeature,1,PK__tblFeatu__7906CBD7057D8329,CLUSTERED,1,1,0,0,0,NULL,0,PRIMARY,feature_id,NULL,1,4,feature_id,NULL,feature_id||,9,1,0.02,917,50557,0,0,51474,NULL,51474,2026-09-01 19:42:28.617,2026-09-02 09:02:51.823,NULL,NULL,"CREATE UNIQUE CLUSTERED INDEX [PK__tblFeatu__7906CBD7057D8329] ON [dbo].[tblFeature] ([feature_id] ASC) WITH (DROP_EXISTING = OFF, ONLINE = ON) ON [PRIMARY];","-- Constraint-backed, review before dropping: ALTER TABLE [dbo].[tblFeature] DROP CONSTRAINT [PK__tblFeatu__7906CBD7057D8329];"
activist_insight,2026-05-10 01:35:21.070,[dbo].[tblFollowerReturns_Sector],dbo,tblFollowerReturns_Sector,0,NULL,HEAP,0,0,0,0,0,NULL,0,PRIMARY,NULL,NULL,0,0,NULL,NULL,||,9,1,0.02,0,0,0,0,0,NULL,0,NULL,NULL,NULL,NULL,NULL,NULL
activist_insight,2026-05-10 01:35:21.070,[dbo].[tblIndustry_sector],dbo,tblIndustry_sector,1,PK_tblIndustry_sector,CLUSTERED,1,1,0,0,0,NULL,0,PRIMARY,industry_sector_id,NULL,1,4,industry_sector_id,NULL,industry_sector_id||,9,1,0.02,0,116,0,0,116,NULL,116,NULL,2026-09-02 05:33:41.537,NULL,NULL,"CREATE UNIQUE CLUSTERED INDEX [PK_tblIndustry_sector] ON [dbo].[tblIndustry_sector] ([industry_sector_id] ASC) WITH (DROP_EXISTING = OFF, ONLINE = ON) ON [PRIMARY];","-- Constraint-backed, review before dropping: ALTER TABLE [dbo].[tblIndustry_sector] DROP CONSTRAINT [PK_tblIndustry_sector];"
activist_insight,2026-05-10 01:35:21.070,[dbo].[tblNews_site_matching],dbo,tblNews_site_matching,1,PK_tblNews_site_matching,CLUSTERED,1,1,0,0,0,NULL,0,PRIMARY,news_site_id,NULL,1,4,news_site_id,NULL,news_site_id||,9,1,0.02,0,0,0,0,0,NULL,0,NULL,NULL,NULL,NULL,"CREATE UNIQUE CLUSTERED INDEX [PK_tblNews_site_matching] ON [dbo].[tblNews_site_matching] ([news_site_id] ASC) WITH (DROP_EXISTING = OFF, ONLINE = ON) ON [PRIMARY];","-- Constraint-backed, review before dropping: ALTER TABLE [dbo].[tblNews_site_matching] DROP CONSTRAINT [PK_tblNews_site_matching];"
activist_insight,2026-05-10 01:35:21.070,[dbo].[tblSystem_Parameter],dbo,tblSystem_Parameter,1,PKSystem_Parameter,CLUSTERED,1,1,0,0,0,NULL,0,PRIMARY,id,NULL,1,4,id,NULL,id||,9,1,0.02,0,0,97384,2,97384,48692.00,97382,NULL,NULL,2026-09-02 09:01:45.460,2026-08-19 18:53:12.193,"CREATE UNIQUE CLUSTERED INDEX [PKSystem_Parameter] ON [dbo].[tblSystem_Parameter] ([id] ASC) WITH (DROP_EXISTING = OFF, ONLINE = ON) ON [PRIMARY];","-- Constraint-backed, review before dropping: ALTER TABLE [dbo].[tblSystem_Parameter] DROP CONSTRAINT [PKSystem_Parameter];"
activist_insight,2026-05-10 01:35:21.070,[dbo].[tblSystem_Parameter],dbo,tblSystem_Parameter,2,UQSystem_Parameter,NONCLUSTERED,1,0,1,0,0,NULL,0,PRIMARY,parameter_name,NULL,1,255,parameter_name,NULL,parameter_name||,9,1,0.02,97386,0,0,0,97386,NULL,97386,2026-09-02 09:01:45.460,NULL,NULL,NULL,"CREATE UNIQUE NONCLUSTERED INDEX [UQSystem_Parameter] ON [dbo].[tblSystem_Parameter] ([parameter_name] ASC) WITH (DROP_EXISTING = OFF, ONLINE = ON) ON [PRIMARY];","-- Constraint-backed, review before dropping: ALTER TABLE [dbo].[tblSystem_Parameter] DROP CONSTRAINT [UQSystem_Parameter];"
activist_insight,2026-05-10 01:35:21.070,[dbo].[tblTrial_source],dbo,tblTrial_source,0,NULL,HEAP,0,0,0,0,0,NULL,0,PRIMARY,NULL,NULL,0,0,NULL,NULL,||,9,1,0.02,0,3422,0,0,3422,NULL,3422,NULL,2026-09-02 07:57:43.823,NULL,NULL,NULL,NULL
activist_insight,2026-05-10 01:35:21.070,[dbo].[tblVulnerability_comparisons_from_custom_peer_groups],dbo,tblVulnerability_comparisons_from_custom_peer_groups,1,PK_tblVulnerability_comparisons_from_custom_peer_groups,CLUSTERED,1,1,0,0,0,NULL,0,PRIMARY,vulnerability_comparison_id,NULL,1,4,vulnerability_comparison_id,NULL,vulnerability_comparison_id||,9,1,0.02,0,0,0,0,0,NULL,0,NULL,NULL,NULL,NULL,"CREATE UNIQUE CLUSTERED INDEX [PK_tblVulnerability_comparisons_from_custom_peer_groups] ON [dbo].[tblVulnerability_comparisons_from_custom_peer_groups] ([vulnerability_comparison_id] ASC) WITH (DROP_EXISTING = OFF, ONLINE = ON) ON [PRIMARY];","-- Constraint-backed, review before dropping: ALTER TABLE [dbo].[tblVulnerability_comparisons_from_custom_peer_groups] DROP CONSTRAINT [PK_tblVulnerability_comparisons_from_custom_peer_groups];"
activist_insight,2026-05-10 01:35:21.070,[dbo].[tblYear_lookup],dbo,tblYear_lookup,1,PK_lYear_lookup,CLUSTERED,1,1,0,0,0,NULL,0,PRIMARY,Year_id,NULL,1,4,year_id,NULL,year_id||,9,1,0.02,0,116,0,116,116,1.00,0,NULL,2026-09-02 05:33:41.290,NULL,2026-09-02 05:33:41.290,"CREATE UNIQUE CLUSTERED INDEX [PK_lYear_lookup] ON [dbo].[tblYear_lookup] ([Year_id] ASC) WITH (DROP_EXISTING = OFF, ONLINE = ON) ON [PRIMARY];","-- Constraint-backed, review before dropping: ALTER TABLE [dbo].[tblYear_lookup] DROP CONSTRAINT [PK_lYear_lookup];"
activist_insight,2026-05-10 01:35:21.070,[dbo].[tblDocument_names],dbo,tblDocument_names,1,PK_tblDocument_names,CLUSTERED,1,1,0,0,0,NULL,0,PRIMARY,doc_type,NULL,1,50,doc_type,NULL,doc_type||,8,1,0.02,5079,5433,0,0,10512,NULL,10512,2026-09-01 07:29:57.480,2026-09-02 08:46:00.703,NULL,NULL,"CREATE UNIQUE CLUSTERED INDEX [PK_tblDocument_names] ON [dbo].[tblDocument_names] ([doc_type] ASC) WITH (DROP_EXISTING = OFF, ONLINE = ON) ON [PRIMARY];","-- Constraint-backed, review before dropping: ALTER TABLE [dbo].[tblDocument_names] DROP CONSTRAINT [PK_tblDocument_names];"
activist_insight,2026-05-10 01:35:21.070,[dbo].[tblDocument_type],dbo,tblDocument_type,1,PK_tblDocument_type,CLUSTERED,1,1,0,0,0,NULL,0,PRIMARY,document_type_id,NULL,1,4,document_type_id,NULL,document_type_id||,8,1,0.02,0,0,0,0,0,NULL,0,NULL,NULL,NULL,NULL,"CREATE UNIQUE CLUSTERED INDEX [PK_tblDocument_type] ON [dbo].[tblDocument_type] ([document_type_id] ASC) WITH (DROP_EXISTING = OFF, ONLINE = ON) ON [PRIMARY];","-- Constraint-backed, review before dropping: ALTER TABLE [dbo].[tblDocument_type] DROP CONSTRAINT [PK_tblDocument_type];"
activist_insight,2026-05-10 01:35:21.070,[dbo].[tblEthnicity],dbo,tblEthnicity,1,PK_tblEthnicity,CLUSTERED,1,1,0,0,0,NULL,0,PRIMARY,Ethnicity_id,NULL,1,4,ethnicity_id,NULL,ethnicity_id||,8,1,0.02,1866,6439,0,0,8305,NULL,8305,2026-09-02 09:02:53.663,2026-09-02 09:02:53.663,NULL,NULL,"CREATE UNIQUE CLUSTERED INDEX [PK_tblEthnicity] ON [dbo].[tblEthnicity] ([Ethnicity_id] ASC) WITH (DROP_EXISTING = OFF, ONLINE = ON) ON [PRIMARY];","-- Constraint-backed, review before dropping: ALTER TABLE [dbo].[tblEthnicity] DROP CONSTRAINT [PK_tblEthnicity];"
activist_insight,2026-05-10 01:35:21.070,[dbo].[tblFinancial_instrument],dbo,tblFinancial_instrument,1,PK__tblFinancial_ins__3E9AD04C,CLUSTERED,1,1,0,0,0,NULL,0,PRIMARY,financial_instrument_id,NULL,1,4,financial_instrument_id,NULL,financial_instrument_id||,8,1,0.02,0,0,0,0,0,NULL,0,NULL,NULL,NULL,NULL,"CREATE UNIQUE CLUSTERED INDEX [PK__tblFinancial_ins__3E9AD04C] ON [dbo].[tblFinancial_instrument] ([financial_instrument_id] ASC) WITH (DROP_EXISTING = OFF, ONLINE = ON) ON [PRIMARY];","-- Constraint-backed, review before dropping: ALTER TABLE [dbo].[tblFinancial_instrument] DROP CONSTRAINT [PK__tblFinancial_ins__3E9AD04C];"
activist_insight,2026-05-10 01:35:21.070,[dbo].[tblImportPerformance_periodic],dbo,tblImportPerformance_periodic,1,PK_tblImportPerformance_periodic,CLUSTERED,1,1,0,0,0,NULL,0,PRIMARY,performance_periodic_id,NULL,1,4,performance_periodic_id,NULL,performance_periodic_id||,8,1,0.02,0,0,0,0,0,NULL,0,NULL,NULL,NULL,NULL,"CREATE UNIQUE CLUSTERED INDEX [PK_tblImportPerformance_periodic] ON [dbo].[tblImportPerformance_periodic] ([performance_periodic_id] ASC) WITH (DROP_EXISTING = OFF, ONLINE = ON) ON [PRIMARY];","-- Constraint-backed, review before dropping: ALTER TABLE [dbo].[tblImportPerformance_periodic] DROP CONSTRAINT [PK_tblImportPerformance_periodic];"
activist_insight,2026-05-10 01:35:21.070,[dbo].[tblIntermediary_type],dbo,tblIntermediary_type,1,PK_lIntermediary_type,CLUSTERED,1,1,0,0,0,NULL,0,PRIMARY,intermediary_type_id,NULL,1,4,intermediary_type_id,NULL,intermediary_type_id||,8,1,0.02,1258659,226209,0,0,1484868,NULL,1484868,2026-09-02 09:02:53.420,2026-09-02 09:01:29.377,NULL,NULL,"CREATE UNIQUE CLUSTERED INDEX [PK_lIntermediary_type] ON [dbo].[tblIntermediary_type] ([intermediary_type_id] ASC) WITH (DROP_EXISTING = OFF, ONLINE = ON) ON [PRIMARY];","-- Constraint-backed, review before dropping: ALTER TABLE [dbo].[tblIntermediary_type] DROP CONSTRAINT [PK_lIntermediary_type];"
activist_insight,2026-05-10 01:35:21.070,[dbo].[tblInvestor_Fund],dbo,tblInvestor_Fund,1,PK_tblInvestor_Fund,CLUSTERED,1,1,0,0,0,NULL,0,PRIMARY,investor_fd_id,NULL,1,4,investor_fd_id,NULL,investor_fd_id||,8,1,0.02,0,0,0,0,0,NULL,0,NULL,NULL,NULL,NULL,"CREATE UNIQUE CLUSTERED INDEX [PK_tblInvestor_Fund] ON [dbo].[tblInvestor_Fund] ([investor_fd_id] ASC) WITH (DROP_EXISTING = OFF, ONLINE = ON) ON [PRIMARY];","-- Constraint-backed, review before dropping: ALTER TABLE [dbo].[tblInvestor_Fund] DROP CONSTRAINT [PK_tblInvestor_Fund];"
activist_insight,2026-05-10 01:35:21.070,[dbo].[tblJudgementOutcome],dbo,tblJudgementOutcome,1,PK__tblJudge__C2C15B7749AAF2AB,CLUSTERED,1,1,0,0,0,NULL,0,PRIMARY,outcome_id,NULL,1,4,outcome_id,NULL,outcome_id||,8,1,0.02,0,7,0,0,7,NULL,7,NULL,2026-08-26 13:35:12.740,NULL,NULL,"CREATE UNIQUE CLUSTERED INDEX [PK__tblJudge__C2C15B7749AAF2AB] ON [dbo].[tblJudgementOutcome] ([outcome_id] ASC) WITH (DROP_EXISTING = OFF, ONLINE = ON) ON [PRIMARY];","-- Constraint-backed, review before dropping: ALTER TABLE [dbo].[tblJudgementOutcome] DROP CONSTRAINT [PK__tblJudge__C2C15B7749AAF2AB];"
activist_insight,2026-05-10 01:35:21.070,[dbo].[tblQuarterlyIgnoreReason],dbo,tblQuarterlyIgnoreReason,0,NULL,HEAP,0,0,0,0,0,NULL,0,PRIMARY,NULL,NULL,0,0,NULL,NULL,||,8,1,0.02,0,0,0,0,0,NULL,0,NULL,NULL,NULL,NULL,NULL,NULL
activist_insight,2026-05-10 01:35:21.070,[dbo].[tbladminuser_actions],dbo,tbladminuser_actions,1,PK__tbladmin__ED9D696662AC0BD2,CLUSTERED,1,1,0,0,0,NULL,0,PRIMARY,adminuser_actions_id,NULL,1,4,adminuser_actions_id,NULL,adminuser_actions_id||,7,1,0.02,0,1176585,0,0,1176585,NULL,1176585,NULL,2026-09-02 09:02:53.423,NULL,NULL,"CREATE UNIQUE CLUSTERED INDEX [PK__tbladmin__ED9D696662AC0BD2] ON [dbo].[tbladminuser_actions] ([adminuser_actions_id] ASC) WITH (DROP_EXISTING = OFF, ONLINE = ON) ON [PRIMARY];","-- Constraint-backed, review before dropping: ALTER TABLE [dbo].[tbladminuser_actions] DROP CONSTRAINT [PK__tbladmin__ED9D696662AC0BD2];"
activist_insight,2026-05-10 01:35:21.070,[dbo].[tbladminuser_actions_audit],dbo,tbladminuser_actions_audit,1,PK__tbladmin__5AF33E330B468C6F,CLUSTERED,1,1,0,0,0,NULL,0,PRIMARY,audit_id,NULL,1,4,audit_id,NULL,audit_id||,7,1,0.02,0,0,0,0,0,NULL,0,NULL,NULL,NULL,NULL,"CREATE UNIQUE CLUSTERED INDEX [PK__tbladmin__5AF33E330B468C6F] ON [dbo].[tbladminuser_actions_audit] ([audit_id] ASC) WITH (DROP_EXISTING = OFF, ONLINE = ON) ON [PRIMARY];","-- Constraint-backed, review before dropping: ALTER TABLE [dbo].[tbladminuser_actions_audit] DROP CONSTRAINT [PK__tbladmin__5AF33E330B468C6F];"
activist_insight,2026-05-10 01:35:21.070,[dbo].[tblAISECSearch_DocTypes],dbo,tblAISECSearch_DocTypes,0,NULL,HEAP,0,0,0,0,0,NULL,0,PRIMARY,NULL,NULL,0,0,NULL,NULL,||,7,1,0.02,0,0,0,0,0,NULL,0,NULL,NULL,NULL,NULL,NULL,NULL
activist_insight,2026-05-10 01:35:21.070,[dbo].[tblannouncement_method],dbo,tblannouncement_method,1,PK__tblannou__63B6728D9275BAA1,CLUSTERED,1,1,0,0,0,NULL,0,PRIMARY,announcement_method_id,NULL,1,4,announcement_method_id,NULL,announcement_method_id||,7,1,0.02,55,2436,0,0,2491,NULL,2491,2026-08-31 13:51:22.410,2026-09-02 08:22:16.547,NULL,NULL,"CREATE UNIQUE CLUSTERED INDEX [PK__tblannou__63B6728D9275BAA1] ON [dbo].[tblannouncement_method] ([announcement_method_id] ASC) WITH (DROP_EXISTING = OFF, ONLINE = ON) ON [PRIMARY];","-- Constraint-backed, review before dropping: ALTER TABLE [dbo].[tblannouncement_method] DROP CONSTRAINT [PK__tblannou__63B6728D9275BAA1];"
activist_insight,2026-05-10 01:35:21.070,[dbo].[tblCampaign_Strategy_Options],dbo,tblCampaign_Strategy_Options,1,PK__tblCampa__5E93315CA6DF8431,CLUSTERED,1,1,0,0,0,NULL,0,PRIMARY,campaign_strategy_options_id,NULL,1,4,campaign_strategy_options_id,NULL,campaign_strategy_options_id||,7,1,0.02,3377,0,0,0,3377,NULL,3377,2026-09-02 08:53:42.510,NULL,NULL,NULL,"CREATE UNIQUE CLUSTERED INDEX [PK__tblCampa__5E93315CA6DF8431] ON [dbo].[tblCampaign_Strategy_Options] ([campaign_strategy_options_id] ASC) WITH (DROP_EXISTING = OFF, ONLINE = ON) ON [PRIMARY];","-- Constraint-backed, review before dropping: ALTER TABLE [dbo].[tblCampaign_Strategy_Options] DROP CONSTRAINT [PK__tblCampa__5E93315CA6DF8431];"
activist_insight,2026-05-10 01:35:21.070,[dbo].[tblDirectorLeavingRea],dbo,tblDirectorLeavingRea,1,PK_tblDirectorLeavingRea,CLUSTERED,1,1,0,0,0,NULL,0,PRIMARY,directorleavingrea_id,NULL,1,4,directorleavingrea_id,NULL,directorleavingrea_id||,7,1,0.02,0,544292,0,0,544292,NULL,544292,NULL,2026-09-02 09:02:00.387,NULL,NULL,"CREATE UNIQUE CLUSTERED INDEX [PK_tblDirectorLeavingRea] ON [dbo].[tblDirectorLeavingRea] ([directorleavingrea_id] ASC) WITH (DROP_EXISTING = OFF, ONLINE = ON) ON [PRIMARY];","-- Constraint-backed, review before dropping: ALTER TABLE [dbo].[tblDirectorLeavingRea] DROP CONSTRAINT [PK_tblDirectorLeavingRea];"
activist_insight,2026-05-10 01:35:21.070,[dbo].[tblfeedFrequency],dbo,tblfeedFrequency,0,NULL,HEAP,0,0,0,0,0,NULL,0,PRIMARY,NULL,NULL,0,0,NULL,NULL,||,7,1,0.02,0,13466,0,0,13466,NULL,13466,NULL,2026-09-02 09:00:53.293,NULL,NULL,NULL,NULL
activist_insight,2026-05-10 01:35:21.070,[dbo].[tblGT_goals],dbo,tblGT_goals,1,PK_tblGT_goals,CLUSTERED,1,1,0,0,0,NULL,0,PRIMARY,goal_id,NULL,1,4,goal_id,NULL,goal_id||,7,1,0.02,0,0,0,0,0,NULL,0,NULL,NULL,NULL,NULL,"CREATE UNIQUE CLUSTERED INDEX [PK_tblGT_goals] ON [dbo].[tblGT_goals] ([goal_id] ASC) WITH (DROP_EXISTING = OFF, ONLINE = ON) ON [PRIMARY];","-- Constraint-backed, review before dropping: ALTER TABLE [dbo].[tblGT_goals] DROP CONSTRAINT [PK_tblGT_goals];"
activist_insight,2026-05-10 01:35:21.070,[dbo].[tblProxyStatement_ShareClass],dbo,tblProxyStatement_ShareClass,1,PK_tblProxyStatement_ShareClass,CLUSTERED,1,1,0,0,0,NULL,0,PRIMARY,proxy_statement_shareclass_id,NULL,1,4,proxy_statement_shareclass_id,NULL,proxy_statement_shareclass_id||,7,1,0.02,130,122,0,7,252,36.00,245,2026-09-02 08:48:10.287,2026-09-02 08:48:10.283,NULL,2026-08-31 08:23:19.257,"CREATE UNIQUE CLUSTERED INDEX [PK_tblProxyStatement_ShareClass] ON [dbo].[tblProxyStatement_ShareClass] ([proxy_statement_shareclass_id] ASC) WITH (DROP_EXISTING = OFF, ONLINE = ON) ON [PRIMARY];","-- Constraint-backed, review before dropping: ALTER TABLE [dbo].[tblProxyStatement_ShareClass] DROP CONSTRAINT [PK_tblProxyStatement_ShareClass];"
activist_insight,2026-05-10 01:35:21.070,[dbo].[tblProxyStatement_ShareClass],dbo,tblProxyStatement_ShareClass,2,pk_ProxyStatement_ShareClass,NONCLUSTERED,1,0,0,0,0,NULL,0,PRIMARY,proxy_statement_shareclass_id,NULL,1,4,proxy_statement_shareclass_id,NULL,proxy_statement_shareclass_id||,7,1,0.02,35,3,0,7,38,5.43,31,2026-08-31 08:43:39.400,2026-08-31 08:24:31.027,NULL,2026-08-31 08:23:19.257,"CREATE UNIQUE NONCLUSTERED INDEX [pk_ProxyStatement_ShareClass] ON [dbo].[tblProxyStatement_ShareClass] ([proxy_statement_shareclass_id] ASC) WITH (DROP_EXISTING = OFF, ONLINE = ON) ON [PRIMARY];",DROP INDEX [pk_ProxyStatement_ShareClass] ON [dbo].[tblProxyStatement_ShareClass];
activist_insight,2026-05-10 01:35:21.070,[dbo].[tblProxyStatement_ShareClass],dbo,tblProxyStatement_ShareClass,3,NonClusteredIndex-20260810-164317,NONCLUSTERED,0,0,0,0,0,NULL,0,PRIMARY,"scraped_filing_id, additional_filing_id",NULL,2,8,"scraped_filing_id, additional_filing_id",NULL,"scraped_filing_id, additional_filing_id||",7,1,0.02,0,0,0,7,0,0.00,-7,NULL,NULL,NULL,2026-08-31 08:23:19.257,"CREATE NONCLUSTERED INDEX [NonClusteredIndex-20260810-164317] ON [dbo].[tblProxyStatement_ShareClass] ([scraped_filing_id] ASC, [additional_filing_id] ASC) WITH (DROP_EXISTING = OFF, ONLINE = ON) ON [PRIMARY];",DROP INDEX [NonClusteredIndex-20260810-164317] ON [dbo].[tblProxyStatement_ShareClass];
activist_insight,2026-05-10 01:35:21.070,[dbo].[tblStatisticalDataCreation],dbo,tblStatisticalDataCreation,0,NULL,HEAP,0,0,0,0,0,NULL,0,PRIMARY,NULL,NULL,0,0,NULL,NULL,||,7,1,0.02,0,0,0,0,0,NULL,0,NULL,NULL,NULL,NULL,NULL,NULL
activist_insight,2026-05-10 01:35:21.070,[dbo].[tblStatusTranslation],dbo,tblStatusTranslation,1,PK_tblStatusTranslation,CLUSTERED,1,1,0,0,0,NULL,0,PRIMARY,old_status,NULL,1,4,old_status,NULL,old_status||,7,1,0.02,41302,0,0,0,41302,NULL,41302,2026-09-02 09:02:51.813,NULL,NULL,NULL,"CREATE UNIQUE CLUSTERED INDEX [PK_tblStatusTranslation] ON [dbo].[tblStatusTranslation] ([old_status] ASC) WITH (DROP_EXISTING = OFF, ONLINE = ON) ON [PRIMARY];","-- Constraint-backed, review before dropping: ALTER TABLE [dbo].[tblStatusTranslation] DROP CONSTRAINT [PK_tblStatusTranslation];"
activist_insight,2026-05-10 01:35:21.070,[dbo].[tblV2a_company_exchange_criteria],dbo,tblV2a_company_exchange_criteria,1,PK_tblV2a_company_exchange_criteria,CLUSTERED,1,1,0,0,0,NULL,0,PRIMARY,company_exchange_criteria_id,NULL,1,4,company_exchange_criteria_id,NULL,company_exchange_criteria_id||,7,1,0.02,0,0,0,0,0,NULL,0,NULL,NULL,NULL,NULL,"CREATE UNIQUE CLUSTERED INDEX [PK_tblV2a_company_exchange_criteria] ON [dbo].[tblV2a_company_exchange_criteria] ([company_exchange_criteria_id] ASC) WITH (DROP_EXISTING = OFF, ONLINE = ON) ON [PRIMARY];","-- Constraint-backed, review before dropping: ALTER TABLE [dbo].[tblV2a_company_exchange_criteria] DROP CONSTRAINT [PK_tblV2a_company_exchange_criteria];"
activist_insight,2026-05-10 01:35:21.070,[dbo].[tmpCompPerf],dbo,tmpCompPerf,0,NULL,HEAP,0,0,0,0,0,NULL,0,PRIMARY,NULL,NULL,0,0,NULL,NULL,||,7,1,0.02,0,0,0,0,0,NULL,0,NULL,NULL,NULL,NULL,NULL,NULL
activist_insight,2026-05-10 01:35:21.070,[dbo].[tblActivism_Type_New],dbo,tblActivism_Type_New,1,PK_tblActivism_Type_New,CLUSTERED,1,1,0,0,0,NULL,0,PRIMARY,activism_type_id,NULL,1,4,activism_type_id,NULL,activism_type_id||,6,1,0.02,0,5,0,0,5,NULL,5,NULL,2026-07-20 11:43:39.777,NULL,NULL,"CREATE UNIQUE CLUSTERED INDEX [PK_tblActivism_Type_New] ON [dbo].[tblActivism_Type_New] ([activism_type_id] ASC) WITH (DROP_EXISTING = OFF, ONLINE = ON) ON [PRIMARY];","-- Constraint-backed, review before dropping: ALTER TABLE [dbo].[tblActivism_Type_New] DROP CONSTRAINT [PK_tblActivism_Type_New];"
activist_insight,2026-05-10 01:35:21.070,[dbo].[tblAUM_category],dbo,tblAUM_category,1,PK_tblAUM_category,CLUSTERED,1,1,0,0,0,NULL,0,PRIMARY,aum_category_id,NULL,1,4,aum_category_id,NULL,aum_category_id||,6,1,0.02,0,58454,0,0,58454,NULL,58454,NULL,2026-09-02 09:02:52.963,NULL,NULL,"CREATE UNIQUE CLUSTERED INDEX [PK_tblAUM_category] ON [dbo].[tblAUM_category] ([aum_category_id] ASC) WITH (DROP_EXISTING = OFF, ONLINE = ON) ON [PRIMARY];","-- Constraint-backed, review before dropping: ALTER TABLE [dbo].[tblAUM_category] DROP CONSTRAINT [PK_tblAUM_category];"
activist_insight,2026-05-10 01:35:21.070,[dbo].[tblBoard_representation_type],dbo,tblBoard_representation_type,1,PK_tblBoard_representation_type,CLUSTERED,1,1,0,0,0,NULL,0,PRIMARY,board_representation_id,NULL,1,4,board_representation_id,NULL,board_representation_id||,6,1,0.02,54067,63027,0,0,117094,NULL,117094,2026-09-02 09:01:14.200,2026-09-02 08:56:20.563,NULL,NULL,"CREATE UNIQUE CLUSTERED INDEX [PK_tblBoard_representation_type] ON [dbo].[tblBoard_representation_type] ([board_representation_id] ASC) WITH (DROP_EXISTING = OFF, ONLINE = ON) ON [PRIMARY];","-- Constraint-backed, review before dropping: ALTER TABLE [dbo].[tblBoard_representation_type] DROP CONSTRAINT [PK_tblBoard_representation_type];"
activist_insight,2026-05-10 01:35:21.070,[dbo].[tblContinent],dbo,tblContinent,1,PK_tblContinent,CLUSTERED,1,1,0,0,0,NULL,0,PRIMARY,Continent_id,NULL,1,4,continent_id,NULL,continent_id||,6,1,0.02,3858,64142,0,0,68000,NULL,68000,2026-09-02 09:02:53.753,2026-09-02 09:02:53.460,NULL,NULL,"CREATE UNIQUE CLUSTERED INDEX [PK_tblContinent] ON [dbo].[tblContinent] ([Continent_id] ASC) WITH (DROP_EXISTING = OFF, ONLINE = ON) ON [PRIMARY];","-- Constraint-backed, review before dropping: ALTER TABLE [dbo].[tblContinent] DROP CONSTRAINT [PK_tblContinent];"
activist_insight,2026-05-10 01:35:21.070,[dbo].[tblFocused_type],dbo,tblFocused_type,1,PK_tblFocused_type,CLUSTERED,1,1,0,0,0,NULL,0,PRIMARY,focused_type_id,NULL,1,4,focused_type_id,NULL,focused_type_id||,6,1,0.02,116053,218035,0,0,334088,NULL,334088,2026-09-02 09:02:47.787,2026-09-02 09:02:47.787,NULL,NULL,"CREATE UNIQUE CLUSTERED INDEX [PK_tblFocused_type] ON [dbo].[tblFocused_type] ([focused_type_id] ASC) WITH (DROP_EXISTING = OFF, ONLINE = ON) ON [PRIMARY];","-- Constraint-backed, review before dropping: ALTER TABLE [dbo].[tblFocused_type] DROP CONSTRAINT [PK_tblFocused_type];"
activist_insight,2026-05-10 01:35:21.070,[dbo].[tblFundamental_comparison_types],dbo,tblFundamental_comparison_types,1,PK_tblFundamental_comparison_types,CLUSTERED,1,1,0,0,0,NULL,0,PRIMARY,comparison_type_id,NULL,1,1,comparison_type_id,NULL,comparison_type_id||,6,1,0.02,0,139,0,0,139,NULL,139,NULL,2026-09-02 06:47:54.193,NULL,NULL,"CREATE UNIQUE CLUSTERED INDEX [PK_tblFundamental_comparison_types] ON [dbo].[tblFundamental_comparison_types] ([comparison_type_id] ASC) WITH (DROP_EXISTING = OFF, ONLINE = ON) ON [PRIMARY];","-- Constraint-backed, review before dropping: ALTER TABLE [dbo].[tblFundamental_comparison_types] DROP CONSTRAINT [PK_tblFundamental_comparison_types];"
activist_insight,2026-05-10 01:35:21.070,[dbo].[tblGov_metric_types],dbo,tblGov_metric_types,1,PK_tblGov_metric_types,CLUSTERED,1,1,0,0,0,NULL,0,PRIMARY,gov_metric_type_id,NULL,1,4,gov_metric_type_id,NULL,gov_metric_type_id||,6,1,0.02,8448,1579,0,0,10027,NULL,10027,2026-09-02 09:00:04.200,2026-09-02 09:00:10.723,NULL,NULL,"CREATE UNIQUE CLUSTERED INDEX [PK_tblGov_metric_types] ON [dbo].[tblGov_metric_types] ([gov_metric_type_id] ASC) WITH (DROP_EXISTING = OFF, ONLINE = ON) ON [PRIMARY];","-- Constraint-backed, review before dropping: ALTER TABLE [dbo].[tblGov_metric_types] DROP CONSTRAINT [PK_tblGov_metric_types];"
activist_insight,2026-05-10 01:35:21.070,[dbo].[tblOffers_Intermediary_Type],dbo,tblOffers_Intermediary_Type,1,PK__tblOffers_Interm__65C49109,CLUSTERED,1,1,0,0,0,NULL,0,PRIMARY,Offers_Intermediary_Type_id,NULL,1,4,offers_intermediary_type_id,NULL,offers_intermediary_type_id||,6,1,0.02,0,0,0,0,0,NULL,0,NULL,NULL,NULL,NULL,"CREATE UNIQUE CLUSTERED INDEX [PK__tblOffers_Interm__65C49109] ON [dbo].[tblOffers_Intermediary_Type] ([Offers_Intermediary_Type_id] ASC) WITH (DROP_EXISTING = OFF, ONLINE = ON) ON [PRIMARY];","-- Constraint-backed, review before dropping: ALTER TABLE [dbo].[tblOffers_Intermediary_Type] DROP CONSTRAINT [PK__tblOffers_Interm__65C49109];"
activist_insight,2026-05-10 01:35:21.070,[dbo].[tblPerformance_Annual_Rebased],dbo,tblPerformance_Annual_Rebased,0,NULL,HEAP,0,0,0,0,0,NULL,0,PRIMARY,NULL,NULL,0,0,NULL,NULL,||,6,1,0.02,0,0,0,0,0,NULL,0,NULL,NULL,NULL,NULL,NULL,NULL
activist_insight,2026-05-10 01:35:21.070,[dbo].[tblPoison_pill_type],dbo,tblPoison_pill_type,0,NULL,HEAP,0,0,0,0,0,NULL,0,PRIMARY,NULL,NULL,0,0,NULL,NULL,||,6,1,0.02,0,317,0,0,317,NULL,317,NULL,2026-09-02 08:03:08.823,NULL,NULL,NULL,NULL
activist_insight,2026-05-10 01:35:21.070,[dbo].[tblReleaseType],dbo,tblReleaseType,1,PK__tblRelea__563E71F38C91C547,CLUSTERED,1,1,0,0,0,NULL,0,PRIMARY,releasetype_id,NULL,1,4,releasetype_id,NULL,releasetype_id||,6,1,0.02,0,7,0,0,7,NULL,7,NULL,2026-08-26 13:35:13.060,NULL,NULL,"CREATE UNIQUE CLUSTERED INDEX [PK__tblRelea__563E71F38C91C547] ON [dbo].[tblReleaseType] ([releasetype_id] ASC) WITH (DROP_EXISTING = OFF, ONLINE = ON) ON [PRIMARY];","-- Constraint-backed, review before dropping: ALTER TABLE [dbo].[tblReleaseType] DROP CONSTRAINT [PK__tblRelea__563E71F38C91C547];"
activist_insight,2026-05-10 01:35:21.070,[dbo].[tblXml_scrape_errors],dbo,tblXml_scrape_errors,1,PK_tblXml_scrape_errors,CLUSTERED,1,1,0,0,0,NULL,0,PRIMARY,xml_scrape_error_id,NULL,1,4,xml_scrape_error_id,NULL,xml_scrape_error_id||,6,1,0.02,0,0,0,0,0,NULL,0,NULL,NULL,NULL,NULL,"CREATE UNIQUE CLUSTERED INDEX [PK_tblXml_scrape_errors] ON [dbo].[tblXml_scrape_errors] ([xml_scrape_error_id] ASC) WITH (DROP_EXISTING = OFF, ONLINE = ON) ON [PRIMARY];","-- Constraint-backed, review before dropping: ALTER TABLE [dbo].[tblXml_scrape_errors] DROP CONSTRAINT [PK_tblXml_scrape_errors];"
activist_insight,2026-05-10 01:35:21.070,[dbo].[tbladmin_actions],dbo,tbladmin_actions,1,PK__tbladmin__74EFC217C8F65BEC,CLUSTERED,1,1,0,0,0,NULL,0,PRIMARY,action_id,NULL,1,4,action_id,NULL,action_id||,5,1,0.02,1176579,7,0,0,1176586,NULL,1176586,2026-09-02 09:02:53.423,2026-08-26 13:35:11.490,NULL,NULL,"CREATE UNIQUE CLUSTERED INDEX [PK__tbladmin__74EFC217C8F65BEC] ON [dbo].[tbladmin_actions] ([action_id] ASC) WITH (DROP_EXISTING = OFF, ONLINE = ON) ON [PRIMARY];","-- Constraint-backed, review before dropping: ALTER TABLE [dbo].[tbladmin_actions] DROP CONSTRAINT [PK__tbladmin__74EFC217C8F65BEC];"
activist_insight,2026-05-10 01:35:21.070,[dbo].[tblAPPScraperRun_App_Status],dbo,tblAPPScraperRun_App_Status,1,PK_tblAPPScraperRun_App_Status,CLUSTERED,1,1,0,0,0,NULL,0,PRIMARY,appID,NULL,1,4,appid,NULL,appid||,5,1,0.02,0,1064915,0,0,1064915,NULL,1064915,NULL,2026-09-02 09:02:53.550,NULL,NULL,"CREATE UNIQUE CLUSTERED INDEX [PK_tblAPPScraperRun_App_Status] ON [dbo].[tblAPPScraperRun_App_Status] ([appID] ASC) WITH (DROP_EXISTING = OFF, ONLINE = ON) ON [PRIMARY];","-- Constraint-backed, review before dropping: ALTER TABLE [dbo].[tblAPPScraperRun_App_Status] DROP CONSTRAINT [PK_tblAPPScraperRun_App_Status];"
activist_insight,2026-05-10 01:35:21.070,[dbo].[tblExternal_resource_centre],dbo,tblExternal_resource_centre,1,PK_tblExternal_resource_centre,CLUSTERED,1,1,0,0,0,NULL,0,PRIMARY,external_resource_id,NULL,1,4,external_resource_id,NULL,external_resource_id||,5,1,0.02,0,1,0,0,1,NULL,1,NULL,2026-07-20 10:53:27.247,NULL,NULL,"CREATE UNIQUE CLUSTERED INDEX [PK_tblExternal_resource_centre] ON [dbo].[tblExternal_resource_centre] ([external_resource_id] ASC) WITH (DROP_EXISTING = OFF, ONLINE = ON) ON [PRIMARY];","-- Constraint-backed, review before dropping: ALTER TABLE [dbo].[tblExternal_resource_centre] DROP CONSTRAINT [PK_tblExternal_resource_centre];"
activist_insight,2026-05-10 01:35:21.070,[dbo].[tblFollowerReturns_MarkCap],dbo,tblFollowerReturns_MarkCap,0,NULL,HEAP,0,0,0,0,0,NULL,0,PRIMARY,NULL,NULL,0,0,NULL,NULL,||,5,1,0.02,0,0,0,0,0,NULL,0,NULL,NULL,NULL,NULL,NULL,NULL
activist_insight,2026-05-10 01:35:21.070,[dbo].[tblGovCode],dbo,tblGovCode,1,PK_tblGovCode,CLUSTERED,1,1,0,0,0,NULL,0,PRIMARY,Id,NULL,1,4,id,NULL,id||,5,1,0.02,106727,111,0,0,106838,NULL,106838,2026-09-02 09:01:12.720,2026-08-19 08:54:48.540,NULL,NULL,"CREATE UNIQUE CLUSTERED INDEX [PK_tblGovCode] ON [dbo].[tblGovCode] ([Id] ASC) WITH (DROP_EXISTING = OFF, ONLINE = ON) ON [PRIMARY];","-- Constraint-backed, review before dropping: ALTER TABLE [dbo].[tblGovCode] DROP CONSTRAINT [PK_tblGovCode];"
activist_insight,2026-05-10 01:35:21.070,[dbo].[tblGT_landing_pages],dbo,tblGT_landing_pages,1,PK_tblGT_landing_pages,CLUSTERED,1,1,0,0,0,NULL,0,PRIMARY,landing_page_id,NULL,1,4,landing_page_id,NULL,landing_page_id||,5,1,0.02,0,0,0,0,0,NULL,0,NULL,NULL,NULL,NULL,"CREATE UNIQUE CLUSTERED INDEX [PK_tblGT_landing_pages] ON [dbo].[tblGT_landing_pages] ([landing_page_id] ASC) WITH (DROP_EXISTING = OFF, ONLINE = ON) ON [PRIMARY];","-- Constraint-backed, review before dropping: ALTER TABLE [dbo].[tblGT_landing_pages] DROP CONSTRAINT [PK_tblGT_landing_pages];"
activist_insight,2026-05-10 01:35:21.070,[dbo].[tblKey_ratios_headings],dbo,tblKey_ratios_headings,1,PK_tblKey_ratios_headings,CLUSTERED,1,1,0,0,0,NULL,0,PRIMARY,key_ratios_heading_id,NULL,1,4,key_ratios_heading_id,NULL,key_ratios_heading_id||,5,1,0.02,20476,21371,0,0,41847,NULL,41847,2026-09-02 09:02:47.660,2026-09-02 09:02:47.660,NULL,NULL,"CREATE UNIQUE CLUSTERED INDEX [PK_tblKey_ratios_headings] ON [dbo].[tblKey_ratios_headings] ([key_ratios_heading_id] ASC) WITH (DROP_EXISTING = OFF, ONLINE = ON) ON [PRIMARY];","-- Constraint-backed, review before dropping: ALTER TABLE [dbo].[tblKey_ratios_headings] DROP CONSTRAINT [PK_tblKey_ratios_headings];"
activist_insight,2026-05-10 01:35:21.070,[dbo].[tblMarket_Cap_Category],dbo,tblMarket_Cap_Category,1,PK_lMarket_Cap_Category,CLUSTERED,1,1,0,0,0,NULL,0,PRIMARY,market_cap_id,NULL,1,4,market_cap_id,NULL,market_cap_id||,5,1,0.02,272777,253082,0,0,525859,NULL,525859,2026-09-02 09:02:53.753,2026-09-02 09:02:44.193,NULL,NULL,"CREATE UNIQUE CLUSTERED INDEX [PK_lMarket_Cap_Category] ON [dbo].[tblMarket_Cap_Category] ([market_cap_id] ASC) WITH (DROP_EXISTING = OFF, ONLINE = ON) ON [PRIMARY];","-- Constraint-backed, review before dropping: ALTER TABLE [dbo].[tblMarket_Cap_Category] DROP CONSTRAINT [PK_lMarket_Cap_Category];"
activist_insight,2026-05-10 01:35:21.070,[dbo].[tblproponent_type],dbo,tblproponent_type,1,PK_lproponent_type,CLUSTERED,1,1,0,0,0,NULL,0,PRIMARY,proponent_type_id,NULL,1,4,proponent_type_id,NULL,proponent_type_id||,5,1,0.02,355,58294,0,0,58649,NULL,58649,2026-08-17 07:34:29.540,2026-09-02 09:01:10.440,NULL,NULL,"CREATE UNIQUE CLUSTERED INDEX [PK_lproponent_type] ON [dbo].[tblproponent_type] ([proponent_type_id] ASC) WITH (DROP_EXISTING = OFF, ONLINE = ON) ON [PRIMARY];","-- Constraint-backed, review before dropping: ALTER TABLE [dbo].[tblproponent_type] DROP CONSTRAINT [PK_lproponent_type];"
activist_insight,2026-05-10 01:35:21.070,[dbo].[tblShare_class],dbo,tblShare_class,1,PK__tblShare_class__2960620A,CLUSTERED,1,1,0,0,0,NULL,0,PRIMARY,share_class_id,NULL,1,4,share_class_id,NULL,share_class_id||,5,1,0.02,0,2,0,0,2,NULL,2,NULL,2026-08-06 15:35:50.693,NULL,NULL,"CREATE UNIQUE CLUSTERED INDEX [PK__tblShare_class__2960620A] ON [dbo].[tblShare_class] ([share_class_id] ASC) WITH (DROP_EXISTING = OFF, ONLINE = ON) ON [PRIMARY];","-- Constraint-backed, review before dropping: ALTER TABLE [dbo].[tblShare_class] DROP CONSTRAINT [PK__tblShare_class__2960620A];"
activist_insight,2026-05-10 01:35:21.070,[dbo].[tblActivism_category],dbo,tblActivism_category,1,PK_tblActivism_category,CLUSTERED,1,1,0,0,0,NULL,0,PRIMARY,activism_category_id,NULL,1,4,activism_category_id,NULL,activism_category_id||,4,1,0.02,0,2492,0,0,2492,NULL,2492,NULL,2026-09-02 08:55:00.203,NULL,NULL,"CREATE UNIQUE CLUSTERED INDEX [PK_tblActivism_category] ON [dbo].[tblActivism_category] ([activism_category_id] ASC) WITH (DROP_EXISTING = OFF, ONLINE = ON) ON [PRIMARY];","-- Constraint-backed, review before dropping: ALTER TABLE [dbo].[tblActivism_category] DROP CONSTRAINT [PK_tblActivism_category];"
activist_insight,2026-05-10 01:35:21.070,[dbo].[tblClarity_Raw_Metric_Type],dbo,tblClarity_Raw_Metric_Type,1,PK__tblClari__1F75F3400254655D,CLUSTERED,1,1,0,0,0,NULL,0,PRIMARY,RAW_METRIC_TYPE_ID,NULL,1,4,raw_metric_type_id,NULL,raw_metric_type_id||,4,1,0.02,0,7,0,0,7,NULL,7,NULL,2026-08-26 13:35:11.877,NULL,NULL,"CREATE UNIQUE CLUSTERED INDEX [PK__tblClari__1F75F3400254655D] ON [dbo].[tblClarity_Raw_Metric_Type] ([RAW_METRIC_TYPE_ID] ASC) WITH (DROP_EXISTING = OFF, ONLINE = ON) ON [PRIMARY];","-- Constraint-backed, review before dropping: ALTER TABLE [dbo].[tblClarity_Raw_Metric_Type] DROP CONSTRAINT [PK__tblClari__1F75F3400254655D];"
activist_insight,2026-05-10 01:35:21.070,[dbo].[tblData_Source],dbo,tblData_Source,1,PK_tblData_Source,CLUSTERED,1,1,0,0,0,NULL,0,PRIMARY,data_source_id,NULL,1,4,data_source_id,NULL,data_source_id||,4,1,0.03,0,2,0,0,2,NULL,2,NULL,2026-07-28 14:42:25.687,NULL,NULL,"CREATE UNIQUE CLUSTERED INDEX [PK_tblData_Source] ON [dbo].[tblData_Source] ([data_source_id] ASC) WITH (DROP_EXISTING = OFF, ONLINE = ON) ON [PRIMARY];","-- Constraint-backed, review before dropping: ALTER TABLE [dbo].[tblData_Source] DROP CONSTRAINT [PK_tblData_Source];"
activist_insight,2026-05-10 01:35:21.070,[dbo].[tblDid_you_know],dbo,tblDid_you_know,1,PK_tblDid_you_know,CLUSTERED,1,1,0,0,0,NULL,0,PRIMARY,did_you_know_id,NULL,1,4,did_you_know_id,NULL,did_you_know_id||,4,1,0.02,37,455,0,19,492,25.89,473,2026-09-01 10:59:54.943,2026-09-01 21:05:18.007,NULL,2026-09-01 10:59:54.943,"CREATE UNIQUE CLUSTERED INDEX [PK_tblDid_you_know] ON [dbo].[tblDid_you_know] ([did_you_know_id] ASC) WITH (DROP_EXISTING = OFF, ONLINE = ON) ON [PRIMARY];","-- Constraint-backed, review before dropping: ALTER TABLE [dbo].[tblDid_you_know] DROP CONSTRAINT [PK_tblDid_you_know];"
activist_insight,2026-05-10 01:35:21.070,[dbo].[tblDirectorClass],dbo,tblDirectorClass,1,PK_tblDirectorClass,CLUSTERED,1,1,0,0,0,NULL,0,PRIMARY,directorclass_id,NULL,1,4,directorclass_id,NULL,directorclass_id||,4,1,0.02,0,767,0,767,767,1.00,0,NULL,2026-09-02 08:24:48.587,NULL,2026-09-02 08:24:48.587,"CREATE UNIQUE CLUSTERED INDEX [PK_tblDirectorClass] ON [dbo].[tblDirectorClass] ([directorclass_id] ASC) WITH (DROP_EXISTING = OFF, ONLINE = ON) ON [PRIMARY];","-- Constraint-backed, review before dropping: ALTER TABLE [dbo].[tblDirectorClass] DROP CONSTRAINT [PK_tblDirectorClass];"
activist_insight,2026-05-10 01:35:21.070,[dbo].[tblFeedEmails],dbo,tblFeedEmails,0,NULL,HEAP,0,0,0,0,0,NULL,0,PRIMARY,NULL,NULL,0,0,NULL,NULL,||,4,1,0.02,0,26726,0,0,26726,NULL,26726,NULL,2026-09-02 09:00:53.297,NULL,NULL,NULL,NULL
activist_insight,2026-05-10 01:35:21.070,[dbo].[tblGov_amend_type],dbo,tblGov_amend_type,1,PK_tblGov_amend_type,CLUSTERED,1,1,0,0,0,NULL,0,PRIMARY,gov_amend_type_id,NULL,1,4,gov_amend_type_id,NULL,gov_amend_type_id||,4,1,0.02,172211,266015,0,0,438226,NULL,438226,2026-09-01 21:46:48.073,2026-09-02 09:00:23.053,NULL,NULL,"CREATE UNIQUE CLUSTERED INDEX [PK_tblGov_amend_type] ON [dbo].[tblGov_amend_type] ([gov_amend_type_id] ASC) WITH (DROP_EXISTING = OFF, ONLINE = ON) ON [PRIMARY];","-- Constraint-backed, review before dropping: ALTER TABLE [dbo].[tblGov_amend_type] DROP CONSTRAINT [PK_tblGov_amend_type];"
activist_insight,2026-05-10 01:35:21.070,[dbo].[tblSearchTermsSource],dbo,tblSearchTermsSource,1,PK_lSearchTermsSource,CLUSTERED,1,1,0,0,0,NULL,0,PRIMARY,search_term_source_id,NULL,1,4,search_term_source_id,NULL,search_term_source_id||,4,1,0.02,0,0,0,0,0,NULL,0,NULL,NULL,NULL,NULL,"CREATE UNIQUE CLUSTERED INDEX [PK_lSearchTermsSource] ON [dbo].[tblSearchTermsSource] ([search_term_source_id] ASC) WITH (DROP_EXISTING = OFF, ONLINE = ON) ON [PRIMARY];","-- Constraint-backed, review before dropping: ALTER TABLE [dbo].[tblSearchTermsSource] DROP CONSTRAINT [PK_lSearchTermsSource];"
activist_insight,2026-05-10 01:35:21.070,[dbo].[tblStrategy_type],dbo,tblStrategy_type,1,PK_tblStrategy_type,CLUSTERED,1,1,0,0,0,NULL,0,PRIMARY,strategy_type_id,NULL,1,4,strategy_type_id,NULL,strategy_type_id||,4,1,0.02,17311,510,0,0,17821,NULL,17821,2026-09-02 08:53:49.140,2026-09-02 08:38:20.267,NULL,NULL,"CREATE UNIQUE CLUSTERED INDEX [PK_tblStrategy_type] ON [dbo].[tblStrategy_type] ([strategy_type_id] ASC) WITH (DROP_EXISTING = OFF, ONLINE = ON) ON [PRIMARY];","-- Constraint-backed, review before dropping: ALTER TABLE [dbo].[tblStrategy_type] DROP CONSTRAINT [PK_tblStrategy_type];"
activist_insight,2026-05-10 01:35:21.070,[dbo].[tblCampaignCharacteristic_Type],dbo,tblCampaignCharacteristic_Type,1,PK_Characteristic_Type_id,CLUSTERED,1,1,0,0,0,NULL,0,PRIMARY,characteristic_type_id,NULL,1,4,characteristic_type_id,NULL,characteristic_type_id||,3,1,0.02,2190,149,0,0,2339,NULL,2339,2026-09-02 08:53:42.513,2026-08-28 10:50:29.407,NULL,NULL,"CREATE UNIQUE CLUSTERED INDEX [PK_Characteristic_Type_id] ON [dbo].[tblCampaignCharacteristic_Type] ([characteristic_type_id] ASC) WITH (DROP_EXISTING = OFF, ONLINE = ON) ON [PRIMARY];","-- Constraint-backed, review before dropping: ALTER TABLE [dbo].[tblCampaignCharacteristic_Type] DROP CONSTRAINT [PK_Characteristic_Type_id];"
activist_insight,2026-05-10 01:35:21.070,[dbo].[tblDirectorMeetingInfo],dbo,tblDirectorMeetingInfo,1,PK__tblDirec__C7B4B1BF0B97C43F,CLUSTERED,1,1,0,0,0,NULL,0,PRIMARY,meeting_info_id,NULL,1,4,meeting_info_id,NULL,meeting_info_id||,3,1,0.02,0,2,0,0,2,NULL,2,NULL,2026-06-02 14:31:36.480,NULL,NULL,"CREATE UNIQUE CLUSTERED INDEX [PK__tblDirec__C7B4B1BF0B97C43F] ON [dbo].[tblDirectorMeetingInfo] ([meeting_info_id] ASC) WITH (DROP_EXISTING = OFF, ONLINE = ON) ON [PRIMARY];","-- Constraint-backed, review before dropping: ALTER TABLE [dbo].[tblDirectorMeetingInfo] DROP CONSTRAINT [PK__tblDirec__C7B4B1BF0B97C43F];"
activist_insight,2026-05-10 01:35:21.070,[dbo].[tblDirty_fundamental_metrics],dbo,tblDirty_fundamental_metrics,1,PK_tblDirty_vulnerability_scores,CLUSTERED,1,1,0,0,0,NULL,0,PRIMARY,dirty_fundamental_metric_id,NULL,1,4,dirty_fundamental_metric_id,NULL,dirty_fundamental_metric_id||,3,1,0.50,0,132480,0,19332,132480,6.85,113148,NULL,2026-09-02 09:02:39.140,NULL,2026-09-02 06:47:54.260,"CREATE UNIQUE CLUSTERED INDEX [PK_tblDirty_vulnerability_scores] ON [dbo].[tblDirty_fundamental_metrics] ([dirty_fundamental_metric_id] ASC) WITH (DROP_EXISTING = OFF, ONLINE = ON) ON [PRIMARY];","-- Constraint-backed, review before dropping: ALTER TABLE [dbo].[tblDirty_fundamental_metrics] DROP CONSTRAINT [PK_tblDirty_vulnerability_scores];"
activist_insight,2026-05-10 01:35:21.070,[dbo].[tblGT_goal_linked_tables],dbo,tblGT_goal_linked_tables,1,PK_tblGT_goal_linked_tables,CLUSTERED,1,1,0,0,0,NULL,0,PRIMARY,linked_table_id,NULL,1,4,linked_table_id,NULL,linked_table_id||,3,1,0.02,0,0,0,0,0,NULL,0,NULL,NULL,NULL,NULL,"CREATE UNIQUE CLUSTERED INDEX [PK_tblGT_goal_linked_tables] ON [dbo].[tblGT_goal_linked_tables] ([linked_table_id] ASC) WITH (DROP_EXISTING = OFF, ONLINE = ON) ON [PRIMARY];","-- Constraint-backed, review before dropping: ALTER TABLE [dbo].[tblGT_goal_linked_tables] DROP CONSTRAINT [PK_tblGT_goal_linked_tables];"
activist_insight,2026-05-10 01:35:21.070,[dbo].[tblheartbeat_server_type],dbo,tblheartbeat_server_type,1,PK_lheartbeat_server_type,CLUSTERED,1,1,0,0,0,NULL,0,PRIMARY,server_type,NULL,1,1,server_type,NULL,server_type||,3,1,0.02,0,113191,0,0,113191,NULL,113191,NULL,2026-09-02 09:02:36.360,NULL,NULL,"CREATE UNIQUE CLUSTERED INDEX [PK_lheartbeat_server_type] ON [dbo].[tblheartbeat_server_type] ([server_type] ASC) WITH (DROP_EXISTING = OFF, ONLINE = ON) ON [PRIMARY];","-- Constraint-backed, review before dropping: ALTER TABLE [dbo].[tblheartbeat_server_type] DROP CONSTRAINT [PK_lheartbeat_server_type];"
activist_insight,2026-05-10 01:35:21.070,[dbo].[tblIndex],dbo,tblIndex,1,PK_tblIndex,CLUSTERED,1,1,0,0,0,NULL,0,PRIMARY,Index_id,NULL,1,4,index_id,NULL,index_id||,3,1,0.02,9476,8,0,0,9484,NULL,9484,2026-08-25 09:04:49.200,2026-08-25 09:04:46.777,NULL,NULL,"CREATE UNIQUE CLUSTERED INDEX [PK_tblIndex] ON [dbo].[tblIndex] ([Index_id] ASC) WITH (DROP_EXISTING = OFF, ONLINE = ON) ON [PRIMARY];","-- Constraint-backed, review before dropping: ALTER TABLE [dbo].[tblIndex] DROP CONSTRAINT [PK_tblIndex];"
activist_insight,2026-05-10 01:35:21.070,[dbo].[tblKey_financials_headings],dbo,tblKey_financials_headings,1,PK_tblKey_financials_headings,CLUSTERED,1,1,0,0,0,NULL,0,PRIMARY,key_financials_heading_id,NULL,1,4,key_financials_heading_id,NULL,key_financials_heading_id||,3,1,0.02,8,41053,0,0,41061,NULL,41061,2026-08-28 17:50:51.373,2026-09-02 09:02:47.597,NULL,NULL,"CREATE UNIQUE CLUSTERED INDEX [PK_tblKey_financials_headings] ON [dbo].[tblKey_financials_headings] ([key_financials_heading_id] ASC) WITH (DROP_EXISTING = OFF, ONLINE = ON) ON [PRIMARY];","-- Constraint-backed, review before dropping: ALTER TABLE [dbo].[tblKey_financials_headings] DROP CONSTRAINT [PK_tblKey_financials_headings];"
activist_insight,2026-05-10 01:35:21.070,[dbo].[tblleven_matchtype],dbo,tblleven_matchtype,1,PK_tblleven_matchtype,CLUSTERED,1,1,0,0,0,NULL,0,PRIMARY,leven_matchtype_id,NULL,1,4,leven_matchtype_id,NULL,leven_matchtype_id||,3,1,0.02,0,0,0,0,0,NULL,0,NULL,NULL,NULL,NULL,"CREATE UNIQUE CLUSTERED INDEX [PK_tblleven_matchtype] ON [dbo].[tblleven_matchtype] ([leven_matchtype_id] ASC) WITH (DROP_EXISTING = OFF, ONLINE = ON) ON [PRIMARY];","-- Constraint-backed, review before dropping: ALTER TABLE [dbo].[tblleven_matchtype] DROP CONSTRAINT [PK_tblleven_matchtype];"
activist_insight,2026-05-10 01:35:21.070,[dbo].[tblPerformance_Periodic_Benchmark],dbo,tblPerformance_Periodic_Benchmark,1,PK_lPerformance_Periodic_Benchmark,CLUSTERED,1,1,0,0,0,NULL,0,PRIMARY,periodic_id,NULL,1,4,periodic_id,NULL,periodic_id||,3,1,0.02,0,0,0,0,0,NULL,0,NULL,NULL,NULL,NULL,"CREATE UNIQUE CLUSTERED INDEX [PK_lPerformance_Periodic_Benchmark] ON [dbo].[tblPerformance_Periodic_Benchmark] ([periodic_id] ASC) WITH (DROP_EXISTING = OFF, ONLINE = ON) ON [PRIMARY];","-- Constraint-backed, review before dropping: ALTER TABLE [dbo].[tblPerformance_Periodic_Benchmark] DROP CONSTRAINT [PK_lPerformance_Periodic_Benchmark];"
activist_insight,2026-05-10 01:35:21.070,[dbo].[tblPersisted_emails],dbo,tblPersisted_emails,1,PK_tblPersisted_emails,CLUSTERED,1,1,0,0,0,NULL,0,PRIMARY,persisted_email_id,NULL,1,4,persisted_email_id,NULL,persisted_email_id||,3,1,2.98,494,672,0,919,1166,1.27,247,2026-09-01 21:11:20.313,2026-09-01 21:05:20.130,NULL,2026-09-01 21:11:20.313,"CREATE UNIQUE CLUSTERED INDEX [PK_tblPersisted_emails] ON [dbo].[tblPersisted_emails] ([persisted_email_id] ASC) WITH (DROP_EXISTING = OFF, ONLINE = ON) ON [PRIMARY];","-- Constraint-backed, review before dropping: ALTER TABLE [dbo].[tblPersisted_emails] DROP CONSTRAINT [PK_tblPersisted_emails];"
activist_insight,2026-05-10 01:35:21.070,[dbo].[tblRegion_Classification],dbo,tblRegion_Classification,1,PK_tblRegion_Classification,CLUSTERED,1,1,0,0,0,NULL,0,PRIMARY,region_classification_id,NULL,1,4,region_classification_id,NULL,region_classification_id||,3,1,0.02,3419,7,0,0,3426,NULL,3426,2026-09-02 08:50:39.510,2026-08-26 13:35:13.037,NULL,NULL,"CREATE UNIQUE CLUSTERED INDEX [PK_tblRegion_Classification] ON [dbo].[tblRegion_Classification] ([region_classification_id] ASC) WITH (DROP_EXISTING = OFF, ONLINE = ON) ON [PRIMARY];","-- Constraint-backed, review before dropping: ALTER TABLE [dbo].[tblRegion_Classification] DROP CONSTRAINT [PK_tblRegion_Classification];"
activist_insight,2026-05-10 01:35:21.070,[dbo].[tblShare_price],dbo,tblShare_price,1,PK_lShare_price,CLUSTERED,1,1,0,0,0,NULL,0,PRIMARY,share_price_id,NULL,1,4,share_price_id,NULL,share_price_id||,3,1,0.02,0,0,0,0,0,NULL,0,NULL,NULL,NULL,NULL,"CREATE UNIQUE CLUSTERED INDEX [PK_lShare_price] ON [dbo].[tblShare_price] ([share_price_id] ASC) WITH (DROP_EXISTING = OFF, ONLINE = ON) ON [PRIMARY];","-- Constraint-backed, review before dropping: ALTER TABLE [dbo].[tblShare_price] DROP CONSTRAINT [PK_lShare_price];"
activist_insight,2026-05-10 01:35:21.070,[dbo].[tblShareClass],dbo,tblShareClass,1,PK_tblShareClass,CLUSTERED,1,1,0,0,0,NULL,0,PRIMARY,Id,NULL,1,4,id,NULL,id||,3,1,0.02,0,4,0,0,4,NULL,4,NULL,2026-08-06 15:36:06.683,NULL,NULL,"CREATE UNIQUE CLUSTERED INDEX [PK_tblShareClass] ON [dbo].[tblShareClass] ([Id] ASC) WITH (DROP_EXISTING = OFF, ONLINE = ON) ON [PRIMARY];","-- Constraint-backed, review before dropping: ALTER TABLE [dbo].[tblShareClass] DROP CONSTRAINT [PK_tblShareClass];"
activist_insight,2026-05-10 01:35:21.070,[dbo].[tblShareHolderInfo],dbo,tblShareHolderInfo,1,PK__tblShare__6A08BB607E49F0AA,CLUSTERED,1,1,0,0,0,NULL,0,PRIMARY,shareholder_info_id,NULL,1,4,shareholder_info_id,NULL,shareholder_info_id||,3,1,0.02,0,2,0,0,2,NULL,2,NULL,2026-06-02 14:31:36.473,NULL,NULL,"CREATE UNIQUE CLUSTERED INDEX [PK__tblShare__6A08BB607E49F0AA] ON [dbo].[tblShareHolderInfo] ([shareholder_info_id] ASC) WITH (DROP_EXISTING = OFF, ONLINE = ON) ON [PRIMARY];","-- Constraint-backed, review before dropping: ALTER TABLE [dbo].[tblShareHolderInfo] DROP CONSTRAINT [PK__tblShare__6A08BB607E49F0AA];"
activist_insight,2026-05-10 01:35:21.070,[dbo].[TblTooltip_AdditionalSection],dbo,TblTooltip_AdditionalSection,1,PK__TblToolt__322D08C93CDE8F76,CLUSTERED,1,1,0,0,0,NULL,0,PRIMARY,additionalsectionid,NULL,1,1,additionalsectionid,NULL,additionalsectionid||,3,1,0.02,141,59,0,0,200,NULL,200,2026-08-27 15:10:39.877,2026-08-27 15:10:33.230,NULL,NULL,"CREATE UNIQUE CLUSTERED INDEX [PK__TblToolt__322D08C93CDE8F76] ON [dbo].[TblTooltip_AdditionalSection] ([additionalsectionid] ASC) WITH (DROP_EXISTING = OFF, ONLINE = ON) ON [PRIMARY];","-- Constraint-backed, review before dropping: ALTER TABLE [dbo].[TblTooltip_AdditionalSection] DROP CONSTRAINT [PK__TblToolt__322D08C93CDE8F76];"
activist_insight,2026-05-10 01:35:21.070,[dbo].[tblVotingDisclosureType],dbo,tblVotingDisclosureType,1,PK__tblVotin__7E24CFB01CB9922E,CLUSTERED,1,1,0,0,0,NULL,0,PRIMARY,disclosuretype_id,NULL,1,4,disclosuretype_id,NULL,disclosuretype_id||,3,1,0.02,114319,112966,0,0,227285,NULL,227285,2026-09-02 09:00:29.970,2026-09-02 09:00:29.510,NULL,NULL,"CREATE UNIQUE CLUSTERED INDEX [PK__tblVotin__7E24CFB01CB9922E] ON [dbo].[tblVotingDisclosureType] ([disclosuretype_id] ASC) WITH (DROP_EXISTING = OFF, ONLINE = ON) ON [PRIMARY];","-- Constraint-backed, review before dropping: ALTER TABLE [dbo].[tblVotingDisclosureType] DROP CONSTRAINT [PK__tblVotin__7E24CFB01CB9922E];"
activist_insight,2026-05-10 01:35:21.070,[dbo].[tblVulnerability_score_thresholds],dbo,tblVulnerability_score_thresholds,1,PK_tblVulnerability_score_thresholds,CLUSTERED,1,1,0,0,0,NULL,0,PRIMARY,vulnerability_score_threshold_id,NULL,1,4,vulnerability_score_threshold_id,NULL,vulnerability_score_threshold_id||,3,1,0.02,1160295,137370,0,1160295,1297665,1.12,137370,2026-09-02 09:02:53.083,2026-09-02 09:02:53.717,NULL,2026-09-02 09:02:53.083,"CREATE UNIQUE CLUSTERED INDEX [PK_tblVulnerability_score_thresholds] ON [dbo].[tblVulnerability_score_thresholds] ([vulnerability_score_threshold_id] ASC) WITH (DROP_EXISTING = OFF, ONLINE = ON) ON [PRIMARY];","-- Constraint-backed, review before dropping: ALTER TABLE [dbo].[tblVulnerability_score_thresholds] DROP CONSTRAINT [PK_tblVulnerability_score_thresholds];"
activist_insight,2026-05-10 01:35:21.070,[dbo].[tblZones],dbo,tblZones,1,PK_tblZones,CLUSTERED,1,1,0,0,0,NULL,0,PRIMARY,zone_id,NULL,1,4,zone_id,NULL,zone_id||,3,1,0.02,157,0,0,0,157,NULL,157,2026-09-01 11:12:16.950,NULL,NULL,NULL,"CREATE UNIQUE CLUSTERED INDEX [PK_tblZones] ON [dbo].[tblZones] ([zone_id] ASC) WITH (DROP_EXISTING = OFF, ONLINE = ON) ON [PRIMARY];","-- Constraint-backed, review before dropping: ALTER TABLE [dbo].[tblZones] DROP CONSTRAINT [PK_tblZones];"
activist_insight,2026-05-10 01:35:21.070,[dbo].[tmpperfbenchannual],dbo,tmpperfbenchannual,0,NULL,HEAP,0,0,0,0,0,NULL,0,PRIMARY,NULL,NULL,0,0,NULL,NULL,||,3,1,0.02,0,0,0,0,0,NULL,0,NULL,NULL,NULL,NULL,NULL,NULL
activist_insight,2026-05-10 01:35:21.070,[dbo].[tblADM_MFA_Method],dbo,tblADM_MFA_Method,1,PK_tblADM_MFA_Method,CLUSTERED,1,1,0,0,0,NULL,0,PRIMARY,MFA_Method,NULL,1,4,mfa_method,NULL,mfa_method||,2,1,0.02,0,0,0,0,0,NULL,0,NULL,NULL,NULL,NULL,"CREATE UNIQUE CLUSTERED INDEX [PK_tblADM_MFA_Method] ON [dbo].[tblADM_MFA_Method] ([MFA_Method] ASC) WITH (DROP_EXISTING = OFF, ONLINE = ON) ON [PRIMARY];","-- Constraint-backed, review before dropping: ALTER TABLE [dbo].[tblADM_MFA_Method] DROP CONSTRAINT [PK_tblADM_MFA_Method];"
activist_insight,2026-05-10 01:35:21.070,[dbo].[tblDataInventoryGroups],dbo,tblDataInventoryGroups,1,PK__tblDataI__78DAEB19C56FA3B9,CLUSTERED,1,1,0,0,0,NULL,0,PRIMARY,DataInventory_group_id,NULL,1,4,datainventory_group_id,NULL,datainventory_group_id||,2,1,0.02,1,1,0,0,2,NULL,2,2026-08-25 08:54:31.303,2026-08-25 08:54:31.357,NULL,NULL,"CREATE UNIQUE CLUSTERED INDEX [PK__tblDataI__78DAEB19C56FA3B9] ON [dbo].[tblDataInventoryGroups] ([DataInventory_group_id] ASC) WITH (DROP_EXISTING = OFF, ONLINE = ON) ON [PRIMARY];","-- Constraint-backed, review before dropping: ALTER TABLE [dbo].[tblDataInventoryGroups] DROP CONSTRAINT [PK__tblDataI__78DAEB19C56FA3B9];"
activist_insight,2026-05-10 01:35:21.070,[dbo].[tblDataInventoryTopics],dbo,tblDataInventoryTopics,1,PK__tblDataI__395BEE834F5ED4D1,CLUSTERED,1,1,0,0,0,NULL,0,PRIMARY,DataInventory_topic_id,NULL,1,4,datainventory_topic_id,NULL,datainventory_topic_id||,2,1,0.02,1,1,0,0,2,NULL,2,2026-08-25 08:54:31.303,2026-08-25 08:54:31.377,NULL,NULL,"CREATE UNIQUE CLUSTERED INDEX [PK__tblDataI__395BEE834F5ED4D1] ON [dbo].[tblDataInventoryTopics] ([DataInventory_topic_id] ASC) WITH (DROP_EXISTING = OFF, ONLINE = ON) ON [PRIMARY];","-- Constraint-backed, review before dropping: ALTER TABLE [dbo].[tblDataInventoryTopics] DROP CONSTRAINT [PK__tblDataI__395BEE834F5ED4D1];"
activist_insight,2026-05-10 01:35:21.070,[dbo].[tblDirectorBoardInfo],dbo,tblDirectorBoardInfo,1,PK__tblDirec__14EAA835A4640637,CLUSTERED,1,1,0,0,0,NULL,0,PRIMARY,board_info_id,NULL,1,4,board_info_id,NULL,board_info_id||,2,1,0.02,0,2,0,0,2,NULL,2,NULL,2026-06-02 14:31:36.483,NULL,NULL,"CREATE UNIQUE CLUSTERED INDEX [PK__tblDirec__14EAA835A4640637] ON [dbo].[tblDirectorBoardInfo] ([board_info_id] ASC) WITH (DROP_EXISTING = OFF, ONLINE = ON) ON [PRIMARY];","-- Constraint-backed, review before dropping: ALTER TABLE [dbo].[tblDirectorBoardInfo] DROP CONSTRAINT [PK__tblDirec__14EAA835A4640637];"
activist_insight,2026-05-10 01:35:21.070,[dbo].[tblPowerSearchOptionType],dbo,tblPowerSearchOptionType,1,PK_lPowerSearchOptionType,CLUSTERED,1,1,0,0,0,NULL,0,PRIMARY,PowerSearchOptionType_Id,NULL,1,4,powersearchoptiontype_id,NULL,powersearchoptiontype_id||,2,1,0.02,0,0,0,0,0,NULL,0,NULL,NULL,NULL,NULL,"CREATE UNIQUE CLUSTERED INDEX [PK_lPowerSearchOptionType] ON [dbo].[tblPowerSearchOptionType] ([PowerSearchOptionType_Id] ASC) WITH (DROP_EXISTING = OFF, ONLINE = ON) ON [PRIMARY];","-- Constraint-backed, review before dropping: ALTER TABLE [dbo].[tblPowerSearchOptionType] DROP CONSTRAINT [PK_lPowerSearchOptionType];"
activist_insight,2026-05-10 01:35:21.070,[dbo].[tblSites],dbo,tblSites,1,PK_tblSites,CLUSTERED,1,1,0,0,0,NULL,0,PRIMARY,site_id,NULL,1,1,site_id,NULL,site_id||,2,1,0.02,0,0,0,0,0,NULL,0,NULL,NULL,NULL,NULL,"CREATE UNIQUE CLUSTERED INDEX [PK_tblSites] ON [dbo].[tblSites] ([site_id] ASC) WITH (DROP_EXISTING = OFF, ONLINE = ON) ON [PRIMARY];","-- Constraint-backed, review before dropping: ALTER TABLE [dbo].[tblSites] DROP CONSTRAINT [PK_tblSites];"
activist_insight,2026-05-10 01:35:21.070,[dbo].[tblUpdate_emails],dbo,tblUpdate_emails,1,PK_tblUpdate_emails,CLUSTERED,1,1,0,0,0,NULL,0,PRIMARY,update_email_id,NULL,1,4,update_email_id,NULL,update_email_id||,2,1,0.02,179,9,0,0,188,NULL,188,2026-09-01 21:05:16.460,2026-08-19 09:06:47.420,NULL,NULL,"CREATE UNIQUE CLUSTERED INDEX [PK_tblUpdate_emails] ON [dbo].[tblUpdate_emails] ([update_email_id] ASC) WITH (DROP_EXISTING = OFF, ONLINE = ON) ON [PRIMARY];","-- Constraint-backed, review before dropping: ALTER TABLE [dbo].[tblUpdate_emails] DROP CONSTRAINT [PK_tblUpdate_emails];"
activist_insight,2026-05-10 01:35:21.070,[dbo].[tblvoting_data_external_client],dbo,tblvoting_data_external_client,1,PK_tblvoting_data_external_client,CLUSTERED,1,1,0,0,0,NULL,0,PRIMARY,investor_identifier,NULL,1,100,investor_identifier,NULL,investor_identifier||,2,1,0.02,0,0,0,0,0,NULL,0,NULL,NULL,NULL,NULL,"CREATE UNIQUE CLUSTERED INDEX [PK_tblvoting_data_external_client] ON [dbo].[tblvoting_data_external_client] ([investor_identifier] ASC) WITH (DROP_EXISTING = OFF, ONLINE = ON) ON [PRIMARY];","-- Constraint-backed, review before dropping: ALTER TABLE [dbo].[tblvoting_data_external_client] DROP CONSTRAINT [PK_tblvoting_data_external_client];"
activist_insight,2026-05-10 01:35:21.070,[dbo].[tmpVulScoreCalcsAdHoc],dbo,tmpVulScoreCalcsAdHoc,1,PK_tmpVulScoreCalcsAdHoc,CLUSTERED,1,1,0,0,0,NULL,0,PRIMARY,vul_score_calcs_ad_hoc_id,NULL,1,4,vul_score_calcs_ad_hoc_id,NULL,vul_score_calcs_ad_hoc_id||,2,1,0.52,0,36109,0,35373,36109,1.02,736,NULL,2026-08-31 15:45:37.487,NULL,2026-08-31 15:45:37.470,"CREATE UNIQUE CLUSTERED INDEX [PK_tmpVulScoreCalcsAdHoc] ON [dbo].[tmpVulScoreCalcsAdHoc] ([vul_score_calcs_ad_hoc_id] ASC) WITH (DROP_EXISTING = OFF, ONLINE = ON) ON [PRIMARY];","-- Constraint-backed, review before dropping: ALTER TABLE [dbo].[tmpVulScoreCalcsAdHoc] DROP CONSTRAINT [PK_tmpVulScoreCalcsAdHoc];"
activist_insight,2026-05-10 01:35:21.070,[dbo].[rawImportCGICompensationUS_PayRatio],dbo,rawImportCGICompensationUS_PayRatio,0,NULL,HEAP,0,0,0,0,0,NULL,0,PRIMARY,NULL,NULL,0,0,NULL,NULL,||,1,1,0.02,0,116,0,0,116,NULL,116,NULL,2026-09-02 02:28:51.543,NULL,NULL,NULL,NULL
activist_insight,2026-05-10 01:35:21.070,[dbo].[stgCompensation_PayRatio],dbo,stgCompensation_PayRatio,1,PK_stgCompensation_PayRatio,CLUSTERED,1,1,0,0,0,NULL,0,PRIMARY,stgCompensation_PayRatio_id,NULL,1,4,stgcompensation_payratio_id,NULL,stgcompensation_payratio_id||,1,1,0.02,0,1974,0,1972,1974,1.00,2,NULL,2026-09-02 02:28:51.567,NULL,2026-09-02 02:28:51.567,"CREATE UNIQUE CLUSTERED INDEX [PK_stgCompensation_PayRatio] ON [dbo].[stgCompensation_PayRatio] ([stgCompensation_PayRatio_id] ASC) WITH (DROP_EXISTING = OFF, ONLINE = ON) ON [PRIMARY];","-- Constraint-backed, review before dropping: ALTER TABLE [dbo].[stgCompensation_PayRatio] DROP CONSTRAINT [PK_stgCompensation_PayRatio];"
activist_insight,2026-05-10 01:35:21.070,[dbo].[stgCompensation_PayRatio],dbo,stgCompensation_PayRatio,2,idx_stgCompensation_PayRatio_directorappointmentid,NONCLUSTERED,0,0,0,0,0,NULL,0,PRIMARY,"import_id, DirectorAppointment_id",NULL,2,8,"import_id, directorappointment_id",NULL,"import_id, directorappointment_id||",1,1,0.02,0,0,0,348,0,0.00,-348,NULL,NULL,NULL,2026-09-02 02:28:51.563,"CREATE NONCLUSTERED INDEX [idx_stgCompensation_PayRatio_directorappointmentid] ON [dbo].[stgCompensation_PayRatio] ([import_id] ASC, [DirectorAppointment_id] ASC) WITH (DROP_EXISTING = OFF, ONLINE = ON) ON [PRIMARY];",DROP INDEX [idx_stgCompensation_PayRatio_directorappointmentid] ON [dbo].[stgCompensation_PayRatio];
activist_insight,2026-05-10 01:35:21.070,[dbo].[stgCompensation_PayRatio],dbo,stgCompensation_PayRatio,3,idx_stgCompensation_PayRatio_status,NONCLUSTERED,0,0,0,0,0,NULL,0,PRIMARY,"import_id, status",NULL,2,8,"import_id, status",NULL,"import_id, status||",1,1,0.02,116,116,0,1392,232,0.17,-1160,2026-09-02 02:28:51.567,2026-09-02 02:28:51.543,NULL,2026-09-02 02:28:51.567,"CREATE NONCLUSTERED INDEX [idx_stgCompensation_PayRatio_status] ON [dbo].[stgCompensation_PayRatio] ([import_id] ASC, [status] ASC) WITH (DROP_EXISTING = OFF, ONLINE = ON) ON [PRIMARY];",DROP INDEX [idx_stgCompensation_PayRatio_status] ON [dbo].[stgCompensation_PayRatio];
activist_insight,2026-05-10 01:35:21.070,[dbo].[tblAISECSearch_SelectedSearchTerms],dbo,tblAISECSearch_SelectedSearchTerms,0,NULL,HEAP,0,0,0,0,0,NULL,0,PRIMARY,NULL,NULL,0,0,NULL,NULL,||,1,1,0.02,0,0,0,0,0,NULL,0,NULL,NULL,NULL,NULL,NULL,NULL
activist_insight,2026-05-10 01:35:21.070,[dbo].[tblAlerter_heartbeat],dbo,tblAlerter_heartbeat,0,NULL,HEAP,0,0,0,0,0,NULL,0,PRIMARY,NULL,NULL,0,0,NULL,NULL,||,1,1,0.02,0,1,0,0,1,NULL,1,NULL,2026-05-18 14:30:56.557,NULL,NULL,NULL,NULL
activist_insight,2026-05-10 01:35:21.070,[dbo].[tblAPG_control],dbo,tblAPG_control,1,PK_tblAPG_control,CLUSTERED,1,1,0,0,0,NULL,0,PRIMARY,Id,NULL,1,4,id,NULL,id||,1,1,0.02,0,0,0,0,0,NULL,0,NULL,NULL,NULL,NULL,"CREATE UNIQUE CLUSTERED INDEX [PK_tblAPG_control] ON [dbo].[tblAPG_control] ([Id] ASC) WITH (DROP_EXISTING = OFF, ONLINE = ON) ON [PRIMARY];","-- Constraint-backed, review before dropping: ALTER TABLE [dbo].[tblAPG_control] DROP CONSTRAINT [PK_tblAPG_control];"
activist_insight,2026-05-10 01:35:21.070,[dbo].[tblASR_LastCheckTime],dbo,tblASR_LastCheckTime,0,NULL,HEAP,0,0,0,0,0,NULL,0,PRIMARY,NULL,NULL,0,0,NULL,NULL,||,1,1,0.02,0,0,0,0,0,NULL,0,NULL,NULL,NULL,NULL,NULL,NULL
activist_insight,2026-05-10 01:35:21.070,[dbo].[tblASRFeedDetails],dbo,tblASRFeedDetails,1,PK_tblASRFeedDetails,CLUSTERED,1,1,0,0,0,NULL,0,PRIMARY,feed_id,NULL,1,4,feed_id,NULL,feed_id||,1,1,0.02,0,0,0,0,0,NULL,0,NULL,NULL,NULL,NULL,"CREATE UNIQUE CLUSTERED INDEX [PK_tblASRFeedDetails] ON [dbo].[tblASRFeedDetails] ([feed_id] ASC) WITH (DROP_EXISTING = OFF, ONLINE = ON) ON [PRIMARY];","-- Constraint-backed, review before dropping: ALTER TABLE [dbo].[tblASRFeedDetails] DROP CONSTRAINT [PK_tblASRFeedDetails];"
activist_insight,2026-05-10 01:35:21.070,[dbo].[tblcompanies_house_ignore],dbo,tblcompanies_house_ignore,1,PK_lcompanies_house_ignore,CLUSTERED,1,1,0,0,0,NULL,0,PRIMARY,companies_house_ignore_id,NULL,1,4,companies_house_ignore_id,NULL,companies_house_ignore_id||,1,1,0.02,0,0,0,0,0,NULL,0,NULL,NULL,NULL,NULL,"CREATE UNIQUE CLUSTERED INDEX [PK_lcompanies_house_ignore] ON [dbo].[tblcompanies_house_ignore] ([companies_house_ignore_id] ASC) WITH (DROP_EXISTING = OFF, ONLINE = ON) ON [PRIMARY];","-- Constraint-backed, review before dropping: ALTER TABLE [dbo].[tblcompanies_house_ignore] DROP CONSTRAINT [PK_lcompanies_house_ignore];"
activist_insight,2026-05-10 01:35:21.070,[dbo].[tblFiling_Category],dbo,tblFiling_Category,1,PK__tblFilin__7C38F75E37D3FA36,CLUSTERED,1,1,0,0,0,NULL,0,PRIMARY,filing_category_id,NULL,1,4,filing_category_id,NULL,filing_category_id||,1,1,0.02,0,7,0,0,7,NULL,7,NULL,2026-08-26 13:35:12.517,NULL,NULL,"CREATE UNIQUE CLUSTERED INDEX [PK__tblFilin__7C38F75E37D3FA36] ON [dbo].[tblFiling_Category] ([filing_category_id] ASC) WITH (DROP_EXISTING = OFF, ONLINE = ON) ON [PRIMARY];","-- Constraint-backed, review before dropping: ALTER TABLE [dbo].[tblFiling_Category] DROP CONSTRAINT [PK__tblFilin__7C38F75E37D3FA36];"
activist_insight,2026-05-10 01:35:21.070,[dbo].[tblFiling_Section_Type],dbo,tblFiling_Section_Type,1,PK__tblFilin__11FB520064E3E7EA,CLUSTERED,1,1,0,0,0,NULL,0,PRIMARY,filing_section_id,NULL,1,4,filing_section_id,NULL,filing_section_id||,1,1,0.02,0,7,0,0,7,NULL,7,NULL,2026-08-26 13:35:12.540,NULL,NULL,"CREATE UNIQUE CLUSTERED INDEX [PK__tblFilin__11FB520064E3E7EA] ON [dbo].[tblFiling_Section_Type] ([filing_section_id] ASC) WITH (DROP_EXISTING = OFF, ONLINE = ON) ON [PRIMARY];","-- Constraint-backed, review before dropping: ALTER TABLE [dbo].[tblFiling_Section_Type] DROP CONSTRAINT [PK__tblFilin__11FB520064E3E7EA];"
activist_insight,2026-05-10 01:35:21.070,[dbo].[tblFM_Details],dbo,tblFM_Details,0,NULL,HEAP,0,0,0,0,0,NULL,0,PRIMARY,NULL,NULL,0,0,NULL,NULL,||,1,1,0.02,0,2,0,0,2,NULL,2,NULL,2026-06-02 14:31:36.370,NULL,NULL,NULL,NULL
activist_insight,2026-05-10 01:35:21.070,[dbo].[tblFund_ExcludeSharesVoted],dbo,tblFund_ExcludeSharesVoted,1,PK_tblFund_ExcludeSharesVoted,CLUSTERED,1,1,0,0,0,NULL,0,PRIMARY,fund_id,NULL,1,4,fund_id,NULL,fund_id||,1,1,0.02,13969,2811,0,0,16780,NULL,16780,2026-09-02 02:18:44.080,2026-09-02 02:18:56.560,NULL,NULL,"CREATE UNIQUE CLUSTERED INDEX [PK_tblFund_ExcludeSharesVoted] ON [dbo].[tblFund_ExcludeSharesVoted] ([fund_id] ASC) WITH (DROP_EXISTING = OFF, ONLINE = ON) ON [PRIMARY];","-- Constraint-backed, review before dropping: ALTER TABLE [dbo].[tblFund_ExcludeSharesVoted] DROP CONSTRAINT [PK_tblFund_ExcludeSharesVoted];"
activist_insight,2026-05-10 01:35:21.070,[dbo].[tblGL_control],dbo,tblGL_control,1,PK_tblGL_control,CLUSTERED,1,1,0,0,0,NULL,0,PRIMARY,Id,NULL,1,4,id,NULL,id||,1,1,0.02,0,0,0,0,0,NULL,0,NULL,NULL,NULL,NULL,"CREATE UNIQUE CLUSTERED INDEX [PK_tblGL_control] ON [dbo].[tblGL_control] ([Id] ASC) WITH (DROP_EXISTING = OFF, ONLINE = ON) ON [PRIMARY];","-- Constraint-backed, review before dropping: ALTER TABLE [dbo].[tblGL_control] DROP CONSTRAINT [PK_tblGL_control];"
activist_insight,2026-05-10 01:35:21.070,[dbo].[tblISC_SEC_Override],dbo,tblISC_SEC_Override,1,PK_tblISC_SEC_Override,CLUSTERED,1,1,0,0,0,NULL,0,PRIMARY,ISC_SEC_Override_id,NULL,1,4,isc_sec_override_id,NULL,isc_sec_override_id||,1,1,0.02,0,2,0,0,2,NULL,2,NULL,2026-06-05 14:03:27.927,NULL,NULL,"CREATE UNIQUE CLUSTERED INDEX [PK_tblISC_SEC_Override] ON [dbo].[tblISC_SEC_Override] ([ISC_SEC_Override_id] ASC) WITH (DROP_EXISTING = OFF, ONLINE = ON) ON [PRIMARY];","-- Constraint-backed, review before dropping: ALTER TABLE [dbo].[tblISC_SEC_Override] DROP CONSTRAINT [PK_tblISC_SEC_Override];"
activist_insight,2026-05-10 01:35:21.070,[dbo].[tblMeetingInfoAddress],dbo,tblMeetingInfoAddress,0,NULL,HEAP,0,0,0,0,0,NULL,0,PRIMARY,NULL,NULL,0,0,NULL,NULL,||,1,1,0.02,0,2,0,0,2,NULL,2,NULL,2026-06-02 14:31:36.477,NULL,NULL,NULL,NULL
activist_insight,2026-05-10 01:35:21.070,[dbo].[tblOwnership_notifications],dbo,tblOwnership_notifications,1,PK_Ownership_notifications_id,CLUSTERED,1,1,0,0,0,NULL,0,PRIMARY,id,NULL,1,4,id,NULL,id||,1,1,0.02,0,3,0,0,3,NULL,3,NULL,2026-06-05 14:02:43.647,NULL,NULL,"CREATE UNIQUE CLUSTERED INDEX [PK_Ownership_notifications_id] ON [dbo].[tblOwnership_notifications] ([id] ASC) WITH (DROP_EXISTING = OFF, ONLINE = ON) ON [PRIMARY];","-- Constraint-backed, review before dropping: ALTER TABLE [dbo].[tblOwnership_notifications] DROP CONSTRAINT [PK_Ownership_notifications_id];"
activist_insight,2026-05-10 01:35:21.070,[dbo].[tblReportType],dbo,tblReportType,1,PK__tblRepor__3214EC07FEADD2AE,CLUSTERED,1,1,0,0,0,NULL,0,PRIMARY,Id,NULL,1,4,id,NULL,id||,1,1,0.02,110754,0,0,0,110754,NULL,110754,2026-09-02 09:01:12.693,NULL,NULL,NULL,"CREATE UNIQUE CLUSTERED INDEX [PK__tblRepor__3214EC07FEADD2AE] ON [dbo].[tblReportType] ([Id] ASC) WITH (DROP_EXISTING = OFF, ONLINE = ON) ON [PRIMARY];","-- Constraint-backed, review before dropping: ALTER TABLE [dbo].[tblReportType] DROP CONSTRAINT [PK__tblRepor__3214EC07FEADD2AE];"
activist_insight,2026-05-10 01:35:21.070,[dbo].[tblTR_control],dbo,tblTR_control,1,PK_tblTR_control,CLUSTERED,1,1,0,0,0,NULL,0,PRIMARY,Id,NULL,1,4,id,NULL,id||,1,1,0.02,0,0,0,0,0,NULL,0,NULL,NULL,NULL,NULL,"CREATE UNIQUE CLUSTERED INDEX [PK_tblTR_control] ON [dbo].[tblTR_control] ([Id] ASC) WITH (DROP_EXISTING = OFF, ONLINE = ON) ON [PRIMARY];","-- Constraint-backed, review before dropping: ALTER TABLE [dbo].[tblTR_control] DROP CONSTRAINT [PK_tblTR_control];"
activist_insight,2026-05-10 01:35:21.070,[dbo].[tmpVulScoreCalcsAdHocSet],dbo,tmpVulScoreCalcsAdHocSet,1,PK_tmpVulScoreCalcsAdHocSet,CLUSTERED,1,1,0,0,0,NULL,0,PRIMARY,ad_hoc_set_id,NULL,1,4,ad_hoc_set_id,NULL,ad_hoc_set_id||,1,1,0.02,0,80,0,80,80,1.00,0,NULL,2026-08-31 15:45:35.530,NULL,2026-08-31 15:45:35.530,"CREATE UNIQUE CLUSTERED INDEX [PK_tmpVulScoreCalcsAdHocSet] ON [dbo].[tmpVulScoreCalcsAdHocSet] ([ad_hoc_set_id] ASC) WITH (DROP_EXISTING = OFF, ONLINE = ON) ON [PRIMARY];","-- Constraint-backed, review before dropping: ALTER TABLE [dbo].[tmpVulScoreCalcsAdHocSet] DROP CONSTRAINT [PK_tmpVulScoreCalcsAdHocSet];"
activist_insight,2026-05-10 01:35:21.070,[msqta].[MetaData],msqta,MetaData,0,NULL,HEAP,0,0,0,0,0,NULL,0,PRIMARY,NULL,NULL,0,0,NULL,NULL,||,1,1,0.02,NULL,NULL,NULL,NULL,0,NULL,0,NULL,NULL,NULL,NULL,NULL,NULL
activist_insight,2026-05-10 01:35:21.070,[msqta].[MetaData],msqta,MetaData,2,UQ__MetaData__9A63D9D410300112,NONCLUSTERED,1,0,1,0,0,NULL,0,PRIMARY,Property,NULL,1,100,property,NULL,property||,1,1,0.02,0,0,0,0,0,NULL,0,NULL,NULL,NULL,NULL,"CREATE UNIQUE NONCLUSTERED INDEX [UQ__MetaData__9A63D9D410300112] ON [msqta].[MetaData] ([Property] ASC) WITH (DROP_EXISTING = OFF, ONLINE = ON) ON [PRIMARY];","-- Constraint-backed, review before dropping: ALTER TABLE [msqta].[MetaData] DROP CONSTRAINT [UQ__MetaData__9A63D9D410300112];"
activist_insight,2026-05-10 01:35:21.070,[msqta].[TuningSession],msqta,TuningSession,1,PkTuningSession_TuningSessionID,CLUSTERED,1,1,0,0,0,NULL,0,PRIMARY,TuningSessionID,NULL,1,4,tuningsessionid,NULL,tuningsessionid||,1,1,0.02,0,0,0,0,0,NULL,0,NULL,NULL,NULL,NULL,"CREATE UNIQUE CLUSTERED INDEX [PkTuningSession_TuningSessionID] ON [msqta].[TuningSession] ([TuningSessionID] ASC) WITH (DROP_EXISTING = OFF, ONLINE = ON) ON [PRIMARY];","-- Constraint-backed, review before dropping: ALTER TABLE [msqta].[TuningSession] DROP CONSTRAINT [PkTuningSession_TuningSessionID];"
activist_insight,2026-05-10 01:35:21.070,[msqta].[TuningSession],msqta,TuningSession,2,IDX_Un_TuningSession_DatabaseID_Name,NONCLUSTERED,1,0,0,0,1,([Name] IS NOT NULL),0,PRIMARY,"DatabaseID, Name",NULL,2,604,"databaseid, name",NULL,"databaseid, name||([name] is not null)",1,1,0.02,0,0,0,0,0,NULL,0,NULL,NULL,NULL,NULL,"CREATE UNIQUE NONCLUSTERED INDEX [IDX_Un_TuningSession_DatabaseID_Name] ON [msqta].[TuningSession] ([DatabaseID] ASC, [Name] ASC) WHERE ([Name] IS NOT NULL) WITH (DROP_EXISTING = OFF, ONLINE = ON) ON [PRIMARY];",DROP INDEX [IDX_Un_TuningSession_DatabaseID_Name] ON [msqta].[TuningSession];
activist_insight,2026-05-10 01:35:21.070,[dbo].[rawActivistData20210906_2],dbo,rawActivistData20210906_2,0,NULL,HEAP,0,0,0,0,0,NULL,0,PRIMARY,NULL,NULL,0,0,NULL,NULL,||,0,1,0.00,NULL,NULL,NULL,NULL,0,NULL,0,NULL,NULL,NULL,NULL,NULL,NULL
activist_insight,2026-05-10 01:35:21.070,[dbo].[stgDHI_CGS_CorporateActions],dbo,stgDHI_CGS_CorporateActions,1,PK_stgDHI_CGS_CorporateActions,CLUSTERED,1,1,0,0,0,NULL,0,PRIMARY,CorporateActionId,NULL,1,4,corporateactionid,NULL,corporateactionid||,0,1,0.00,NULL,NULL,NULL,NULL,0,NULL,0,NULL,NULL,NULL,NULL,"CREATE UNIQUE CLUSTERED INDEX [PK_stgDHI_CGS_CorporateActions] ON [dbo].[stgDHI_CGS_CorporateActions] ([CorporateActionId] ASC) WITH (DROP_EXISTING = OFF, ONLINE = ON) ON [PRIMARY];","-- Constraint-backed, review before dropping: ALTER TABLE [dbo].[stgDHI_CGS_CorporateActions] DROP CONSTRAINT [PK_stgDHI_CGS_CorporateActions];"
activist_insight,2026-05-10 01:35:21.070,[dbo].[stgDHI_CGS_CorporateActions],dbo,stgDHI_CGS_CorporateActions,2,IX_stgDHI_CGS_CorporateActions_ImportBatchId,NONCLUSTERED,0,0,0,0,0,NULL,90,PRIMARY,ImportBatchId,NULL,1,16,importbatchid,NULL,importbatchid||,0,1,0.00,NULL,NULL,NULL,NULL,0,NULL,0,NULL,NULL,NULL,NULL,"CREATE NONCLUSTERED INDEX [IX_stgDHI_CGS_CorporateActions_ImportBatchId] ON [dbo].[stgDHI_CGS_CorporateActions] ([ImportBatchId] ASC) WITH (DROP_EXISTING = OFF, ONLINE = ON, FILLFACTOR = 90) ON [PRIMARY];",DROP INDEX [IX_stgDHI_CGS_CorporateActions_ImportBatchId] ON [dbo].[stgDHI_CGS_CorporateActions];
activist_insight,2026-05-10 01:35:21.070,[dbo].[stgDHI_CGS_CorporateActions],dbo,stgDHI_CGS_CorporateActions,3,IX_stgDHI_CGS_CorporateActions_CreatedDate,NONCLUSTERED,0,0,0,0,0,NULL,90,PRIMARY,CreatedDate,NULL,1,8,createddate,NULL,createddate||,0,1,0.00,NULL,NULL,NULL,NULL,0,NULL,0,NULL,NULL,NULL,NULL,"CREATE NONCLUSTERED INDEX [IX_stgDHI_CGS_CorporateActions_CreatedDate] ON [dbo].[stgDHI_CGS_CorporateActions] ([CreatedDate] DESC) WITH (DROP_EXISTING = OFF, ONLINE = ON, FILLFACTOR = 90) ON [PRIMARY];",DROP INDEX [IX_stgDHI_CGS_CorporateActions_CreatedDate] ON [dbo].[stgDHI_CGS_CorporateActions];
activist_insight,2026-05-10 01:35:21.070,[dbo].[stgDHI_CGS_CorporateActions],dbo,stgDHI_CGS_CorporateActions,4,IX_stgDHI_CGS_CorporateActions_EffectiveDate,NONCLUSTERED,0,0,0,0,0,NULL,90,PRIMARY,EffectiveDate,NULL,1,3,effectivedate,NULL,effectivedate||,0,1,0.00,NULL,NULL,NULL,NULL,0,NULL,0,NULL,NULL,NULL,NULL,"CREATE NONCLUSTERED INDEX [IX_stgDHI_CGS_CorporateActions_EffectiveDate] ON [dbo].[stgDHI_CGS_CorporateActions] ([EffectiveDate] ASC) WITH (DROP_EXISTING = OFF, ONLINE = ON, FILLFACTOR = 90) ON [PRIMARY];",DROP INDEX [IX_stgDHI_CGS_CorporateActions_EffectiveDate] ON [dbo].[stgDHI_CGS_CorporateActions];
activist_insight,2026-05-10 01:35:21.070,[dbo].[stgDHI_CGS_CorporateActions],dbo,stgDHI_CGS_CorporateActions,5,IX_stgDHI_CGS_CorporateActions_PID,NONCLUSTERED,0,0,0,0,0,NULL,90,PRIMARY,PID,NULL,1,4,pid,NULL,pid||,0,1,0.00,0,2,0,0,2,NULL,2,NULL,2026-06-05 14:07:37.843,NULL,NULL,"CREATE NONCLUSTERED INDEX [IX_stgDHI_CGS_CorporateActions_PID] ON [dbo].[stgDHI_CGS_CorporateActions] ([PID] ASC) WITH (DROP_EXISTING = OFF, ONLINE = ON, FILLFACTOR = 90) ON [PRIMARY];",DROP INDEX [IX_stgDHI_CGS_CorporateActions_PID] ON [dbo].[stgDHI_CGS_CorporateActions];
activist_insight,2026-05-10 01:35:21.070,[dbo].[stgDHI_CGS_CorporateActions],dbo,stgDHI_CGS_CorporateActions,6,IX_stgDHI_CGS_CorporateActions_Unprocessed,NONCLUSTERED,0,0,0,0,1,([ProcessedFlag]=(0)),90,PRIMARY,ProcessedFlag,"CorporateActionId, ImportBatchId, PID, Ticker, Exchange, CUSIP, ISIN, ActionType, EffectiveDate, PreviousCUSIP, PreviousISIN",1,1,processedflag,"actiontype, corporateactionid, cusip, effectivedate, exchange, importbatchid, isin, pid, previouscusip, previousisin, ticker","processedflag|actiontype, corporateactionid, cusip, effectivedate, exchange, importbatchid, isin, pid, previouscusip, previousisin, ticker|([processedflag]=(0))",0,1,0.00,NULL,NULL,NULL,NULL,0,NULL,0,NULL,NULL,NULL,NULL,"CREATE NONCLUSTERED INDEX [IX_stgDHI_CGS_CorporateActions_Unprocessed] ON [dbo].[stgDHI_CGS_CorporateActions] ([ProcessedFlag] ASC) INCLUDE (CorporateActionId, ImportBatchId, PID, Ticker, Exchange, CUSIP, ISIN, ActionType, EffectiveDate, PreviousCUSIP, PreviousISIN) WHERE ([ProcessedFlag]=(0)) WITH (DROP_EXISTING = OFF, ONLINE = ON, FILLFACTOR = 90) ON [PRIMARY];",DROP INDEX [IX_stgDHI_CGS_CorporateActions_Unprocessed] ON [dbo].[stgDHI_CGS_CorporateActions];
activist_insight,2026-05-10 01:35:21.070,[dbo].[stgDHI_CGS_CorporateActions],dbo,stgDHI_CGS_CorporateActions,7,IX_stgDHI_CGS_CorporateActions_Ticker,NONCLUSTERED,0,0,0,0,0,NULL,90,PRIMARY,Ticker,NULL,1,50,ticker,NULL,ticker||,0,1,0.00,NULL,NULL,NULL,NULL,0,NULL,0,NULL,NULL,NULL,NULL,"CREATE NONCLUSTERED INDEX [IX_stgDHI_CGS_CorporateActions_Ticker] ON [dbo].[stgDHI_CGS_CorporateActions] ([Ticker] ASC) WITH (DROP_EXISTING = OFF, ONLINE = ON, FILLFACTOR = 90) ON [PRIMARY];",DROP INDEX [IX_stgDHI_CGS_CorporateActions_Ticker] ON [dbo].[stgDHI_CGS_CorporateActions];
activist_insight,2026-05-10 01:35:21.070,[dbo].[stgRPI_Individual],dbo,stgRPI_Individual,1,PK__stgRPI_I__B0FED828861C2EDF,CLUSTERED,1,1,0,0,0,NULL,0,PRIMARY,rpindividual_id,NULL,1,50,rpindividual_id,NULL,rpindividual_id||,0,1,0.00,NULL,NULL,NULL,NULL,0,NULL,0,NULL,NULL,NULL,NULL,"CREATE UNIQUE CLUSTERED INDEX [PK__stgRPI_I__B0FED828861C2EDF] ON [dbo].[stgRPI_Individual] ([rpindividual_id] ASC) WITH (DROP_EXISTING = OFF, ONLINE = ON) ON [PRIMARY];","-- Constraint-backed, review before dropping: ALTER TABLE [dbo].[stgRPI_Individual] DROP CONSTRAINT [PK__stgRPI_I__B0FED828861C2EDF];"
activist_insight,2026-05-10 01:35:21.070,[dbo].[stgRPI_Individual],dbo,stgRPI_Individual,2,NCDX_stgRPI_Individual_DirectorID_ImportStatus,NONCLUSTERED,0,0,0,0,0,NULL,0,PRIMARY,"director_id, import_status",rpindividual_id,2,8,"director_id, import_status",rpindividual_id,"director_id, import_status|rpindividual_id|",0,1,0.00,NULL,NULL,NULL,NULL,0,NULL,0,NULL,NULL,NULL,NULL,"CREATE NONCLUSTERED INDEX [NCDX_stgRPI_Individual_DirectorID_ImportStatus] ON [dbo].[stgRPI_Individual] ([director_id] ASC, [import_status] ASC) INCLUDE (rpindividual_id) WITH (DROP_EXISTING = OFF, ONLINE = ON) ON [PRIMARY];",DROP INDEX [NCDX_stgRPI_Individual_DirectorID_ImportStatus] ON [dbo].[stgRPI_Individual];
activist_insight,2026-05-10 01:35:21.070,[dbo].[sysdiagrams],dbo,sysdiagrams,1,PK__sysdiagr__C2B05B611F47A5B9,CLUSTERED,1,1,0,0,0,NULL,0,PRIMARY,diagram_id,NULL,1,4,diagram_id,NULL,diagram_id||,0,1,0.00,NULL,NULL,NULL,NULL,0,NULL,0,NULL,NULL,NULL,NULL,"CREATE UNIQUE CLUSTERED INDEX [PK__sysdiagr__C2B05B611F47A5B9] ON [dbo].[sysdiagrams] ([diagram_id] ASC) WITH (DROP_EXISTING = OFF, ONLINE = ON) ON [PRIMARY];","-- Constraint-backed, review before dropping: ALTER TABLE [dbo].[sysdiagrams] DROP CONSTRAINT [PK__sysdiagr__C2B05B611F47A5B9];"
activist_insight,2026-05-10 01:35:21.070,[dbo].[sysdiagrams],dbo,sysdiagrams,2,UK_principal_name,NONCLUSTERED,1,0,1,0,0,NULL,0,PRIMARY,"principal_id, name",NULL,2,260,"principal_id, name",NULL,"principal_id, name||",0,1,0.00,NULL,NULL,NULL,NULL,0,NULL,0,NULL,NULL,NULL,NULL,"CREATE UNIQUE NONCLUSTERED INDEX [UK_principal_name] ON [dbo].[sysdiagrams] ([principal_id] ASC, [name] ASC) WITH (DROP_EXISTING = OFF, ONLINE = ON) ON [PRIMARY];","-- Constraint-backed, review before dropping: ALTER TABLE [dbo].[sysdiagrams] DROP CONSTRAINT [UK_principal_name];"
activist_insight,2026-05-10 01:35:21.070,[dbo].[tbladmin_company_type],dbo,tbladmin_company_type,1,PK__tbladmin__07F7E7C3748D30BB,CLUSTERED,1,1,0,0,0,NULL,0,PRIMARY,admin_company_type_id,NULL,1,4,admin_company_type_id,NULL,admin_company_type_id||,0,1,0.00,0,14,0,0,14,NULL,14,NULL,2026-08-25 08:53:59.110,NULL,NULL,"CREATE UNIQUE CLUSTERED INDEX [PK__tbladmin__07F7E7C3748D30BB] ON [dbo].[tbladmin_company_type] ([admin_company_type_id] ASC) WITH (DROP_EXISTING = OFF, ONLINE = ON) ON [PRIMARY];","-- Constraint-backed, review before dropping: ALTER TABLE [dbo].[tbladmin_company_type] DROP CONSTRAINT [PK__tbladmin__07F7E7C3748D30BB];"
activist_insight,2026-05-10 01:35:21.070,[dbo].[tblAigScore_history],dbo,tblAigScore_history,1,PK__tblAigSc__22C1FD7778F4E979,CLUSTERED,1,1,0,0,0,NULL,0,PRIMARY,AigScore_history_id,NULL,1,4,aigscore_history_id,NULL,aigscore_history_id||,0,1,0.00,0,2,0,0,2,NULL,2,NULL,2026-06-05 14:03:35.647,NULL,NULL,"CREATE UNIQUE CLUSTERED INDEX [PK__tblAigSc__22C1FD7778F4E979] ON [dbo].[tblAigScore_history] ([AigScore_history_id] ASC) WITH (DROP_EXISTING = OFF, ONLINE = ON) ON [PRIMARY];","-- Constraint-backed, review before dropping: ALTER TABLE [dbo].[tblAigScore_history] DROP CONSTRAINT [PK__tblAigSc__22C1FD7778F4E979];"
activist_insight,2026-05-10 01:35:21.070,[dbo].[tblAiSFeed_Intermediary_id],dbo,tblAiSFeed_Intermediary_id,0,NULL,HEAP,0,0,0,0,0,NULL,0,PRIMARY,NULL,NULL,0,0,NULL,NULL,||,0,1,0.22,0,1674,0,836,1674,2.00,838,NULL,2026-09-02 08:28:16.210,NULL,2026-09-02 08:28:16.210,NULL,NULL
activist_insight,2026-05-10 01:35:21.070,[dbo].[tblAlerts],dbo,tblAlerts,1,PK_tblAlerts,CLUSTERED,1,1,0,0,0,NULL,0,PRIMARY,alert_id,NULL,1,4,alert_id,NULL,alert_id||,0,1,0.00,1,2,0,0,3,NULL,3,2026-08-05 15:06:54.647,2026-06-02 14:31:36.367,NULL,NULL,"CREATE UNIQUE CLUSTERED INDEX [PK_tblAlerts] ON [dbo].[tblAlerts] ([alert_id] ASC) WITH (DROP_EXISTING = OFF, ONLINE = ON) ON [PRIMARY];","-- Constraint-backed, review before dropping: ALTER TABLE [dbo].[tblAlerts] DROP CONSTRAINT [PK_tblAlerts];"
activist_insight,2026-05-10 01:35:21.070,[dbo].[tblAlerts_filing],dbo,tblAlerts_filing,1,PK_tblAlerts_filing,CLUSTERED,1,1,0,0,0,NULL,0,PRIMARY,alerts_filing_id,NULL,1,4,alerts_filing_id,NULL,alerts_filing_id||,0,1,0.00,NULL,NULL,NULL,NULL,0,NULL,0,NULL,NULL,NULL,NULL,"CREATE UNIQUE CLUSTERED INDEX [PK_tblAlerts_filing] ON [dbo].[tblAlerts_filing] ([alerts_filing_id] ASC) WITH (DROP_EXISTING = OFF, ONLINE = ON) ON [PRIMARY];","-- Constraint-backed, review before dropping: ALTER TABLE [dbo].[tblAlerts_filing] DROP CONSTRAINT [PK_tblAlerts_filing];"
activist_insight,2026-05-10 01:35:21.070,[dbo].[tblapp_success],dbo,tblapp_success,0,NULL,HEAP,0,0,0,0,0,NULL,0,PRIMARY,NULL,NULL,0,0,NULL,NULL,||,0,1,0.00,NULL,NULL,NULL,NULL,0,NULL,0,NULL,NULL,NULL,NULL,NULL,NULL
activist_insight,2026-05-10 01:35:21.070,[dbo].[tblASR_LastCheckTimeHistory],dbo,tblASR_LastCheckTimeHistory,0,NULL,HEAP,0,0,0,0,0,NULL,0,PRIMARY,NULL,NULL,0,0,NULL,NULL,||,0,1,0.02,NULL,NULL,NULL,NULL,0,NULL,0,NULL,NULL,NULL,NULL,NULL,NULL
activist_insight,2026-05-10 01:35:21.070,[dbo].[tblAUMYearly_processed_data],dbo,tblAUMYearly_processed_data,0,NULL,HEAP,0,0,0,0,0,NULL,0,PRIMARY,NULL,NULL,0,0,NULL,NULL,||,0,1,0.00,NULL,NULL,NULL,NULL,0,NULL,0,NULL,NULL,NULL,NULL,NULL,NULL
activist_insight,2026-05-10 01:35:21.070,[dbo].[tblBoardInfo_CommitteeMeetings],dbo,tblBoardInfo_CommitteeMeetings,1,PK__tblBoard__3213E83F84848C6A,CLUSTERED,1,1,0,0,0,NULL,0,PRIMARY,id,NULL,1,4,id,NULL,id||,0,1,0.00,0,4,0,0,4,NULL,4,NULL,2026-06-05 14:03:01.377,NULL,NULL,"CREATE UNIQUE CLUSTERED INDEX [PK__tblBoard__3213E83F84848C6A] ON [dbo].[tblBoardInfo_CommitteeMeetings] ([id] ASC) WITH (DROP_EXISTING = OFF, ONLINE = ON) ON [PRIMARY];","-- Constraint-backed, review before dropping: ALTER TABLE [dbo].[tblBoardInfo_CommitteeMeetings] DROP CONSTRAINT [PK__tblBoard__3213E83F84848C6A];"
activist_insight,2026-05-10 01:35:21.070,[dbo].[tblClarityAI_RawData_Metrics],dbo,tblClarityAI_RawData_Metrics,1,PK__tblClari__EDAAB7B6A9DA6D84,CLUSTERED,1,1,0,0,0,NULL,0,PRIMARY,METRIC_ID,NULL,1,4,metric_id,NULL,metric_id||,0,1,0.00,NULL,NULL,NULL,NULL,0,NULL,0,NULL,NULL,NULL,NULL,"CREATE UNIQUE CLUSTERED INDEX [PK__tblClari__EDAAB7B6A9DA6D84] ON [dbo].[tblClarityAI_RawData_Metrics] ([METRIC_ID] ASC) WITH (DROP_EXISTING = OFF, ONLINE = ON) ON [PRIMARY];","-- Constraint-backed, review before dropping: ALTER TABLE [dbo].[tblClarityAI_RawData_Metrics] DROP CONSTRAINT [PK__tblClari__EDAAB7B6A9DA6D84];"
activist_insight,2026-05-10 01:35:21.070,[dbo].[tblCompany_audit],dbo,tblCompany_audit,3,idx_tblCompany_audit_proc_id,NONCLUSTERED,0,0,0,0,1,([audit_proc_id] IS NOT NULL),0,PRIMARY,audit_proc_id,NULL,1,4,audit_proc_id,NULL,audit_proc_id||([audit_proc_id] is not null),0,1,0.00,NULL,NULL,NULL,NULL,0,NULL,0,NULL,NULL,NULL,NULL,"CREATE NONCLUSTERED INDEX [idx_tblCompany_audit_proc_id] ON [dbo].[tblCompany_audit] ([audit_proc_id] ASC) WHERE ([audit_proc_id] IS NOT NULL) WITH (DROP_EXISTING = OFF, ONLINE = ON) ON [PRIMARY];",DROP INDEX [idx_tblCompany_audit_proc_id] ON [dbo].[tblCompany_audit];
activist_insight,2026-05-10 01:35:21.070,[dbo].[tblCompany_deleted],dbo,tblCompany_deleted,0,NULL,HEAP,0,0,0,0,0,NULL,0,PRIMARY,NULL,NULL,0,0,NULL,NULL,||,0,1,0.00,0,4,0,0,4,NULL,4,NULL,2026-06-05 14:03:27.940,NULL,NULL,NULL,NULL
activist_insight,2026-05-10 01:35:21.070,[dbo].[tblCompanyShell_spac_investor_link],dbo,tblCompanyShell_spac_investor_link,1,PK__tblCompa__2DB3D4FBB5A6E46C,CLUSTERED,1,1,0,0,0,NULL,0,PRIMARY,shell_spac_investor_id,NULL,1,4,shell_spac_investor_id,NULL,shell_spac_investor_id||,0,1,0.02,0,66665,0,6615,66665,10.08,60050,NULL,2026-09-02 09:01:50.110,NULL,2026-09-02 09:01:50.070,"CREATE UNIQUE CLUSTERED INDEX [PK__tblCompa__2DB3D4FBB5A6E46C] ON [dbo].[tblCompanyShell_spac_investor_link] ([shell_spac_investor_id] ASC) WITH (DROP_EXISTING = OFF, ONLINE = ON) ON [PRIMARY];","-- Constraint-backed, review before dropping: ALTER TABLE [dbo].[tblCompanyShell_spac_investor_link] DROP CONSTRAINT [PK__tblCompa__2DB3D4FBB5A6E46C];"
activist_insight,2026-05-10 01:35:21.070,[dbo].[tblCompConsultant_Fees],dbo,tblCompConsultant_Fees,1,PK__tblCompC__339518FED816FE15,CLUSTERED,1,1,0,0,0,NULL,0,PRIMARY,compconsultant_fee_id,NULL,1,4,compconsultant_fee_id,NULL,compconsultant_fee_id||,0,1,0.00,0,4,0,0,4,NULL,4,NULL,2026-08-28 07:52:48.187,NULL,NULL,"CREATE UNIQUE CLUSTERED INDEX [PK__tblCompC__339518FED816FE15] ON [dbo].[tblCompConsultant_Fees] ([compconsultant_fee_id] ASC) WITH (DROP_EXISTING = OFF, ONLINE = ON) ON [PRIMARY];","-- Constraint-backed, review before dropping: ALTER TABLE [dbo].[tblCompConsultant_Fees] DROP CONSTRAINT [PK__tblCompC__339518FED816FE15];"
activist_insight,2026-05-10 01:35:21.070,[dbo].[tblCompensationConsultant],dbo,tblCompensationConsultant,1,PK__tblCompe__C06358A2BD8D55BA,CLUSTERED,1,1,0,0,0,NULL,0,PRIMARY,compensation_consultant_id,NULL,1,4,compensation_consultant_id,NULL,compensation_consultant_id||,0,1,0.00,4,4,0,0,8,NULL,8,2026-08-28 07:52:48.187,2026-08-28 07:52:48.200,NULL,NULL,"CREATE UNIQUE CLUSTERED INDEX [PK__tblCompe__C06358A2BD8D55BA] ON [dbo].[tblCompensationConsultant] ([compensation_consultant_id] ASC) WITH (DROP_EXISTING = OFF, ONLINE = ON) ON [PRIMARY];","-- Constraint-backed, review before dropping: ALTER TABLE [dbo].[tblCompensationConsultant] DROP CONSTRAINT [PK__tblCompe__C06358A2BD8D55BA];"
activist_insight,2026-05-10 01:35:21.070,[dbo].[tblDIP_ImportType],dbo,tblDIP_ImportType,1,PK_tblDIP_ImportType,CLUSTERED,1,1,0,0,0,NULL,0,PRIMARY,importtype_id,NULL,1,4,importtype_id,NULL,importtype_id||,0,1,0.00,NULL,NULL,NULL,NULL,0,NULL,0,NULL,NULL,NULL,NULL,"CREATE UNIQUE CLUSTERED INDEX [PK_tblDIP_ImportType] ON [dbo].[tblDIP_ImportType] ([importtype_id] ASC) WITH (DROP_EXISTING = OFF, ONLINE = ON) ON [PRIMARY];","-- Constraint-backed, review before dropping: ALTER TABLE [dbo].[tblDIP_ImportType] DROP CONSTRAINT [PK_tblDIP_ImportType];"
activist_insight,2026-05-10 01:35:21.070,[dbo].[tblDirector_Education_Details],dbo,tblDirector_Education_Details,1,PK__tblDirec__0C1BC0E17E541C54,CLUSTERED,1,1,0,0,0,NULL,0,PRIMARY,director_education_id,NULL,1,4,director_education_id,NULL,director_education_id||,0,1,0.00,NULL,NULL,NULL,NULL,0,NULL,0,NULL,NULL,NULL,NULL,"CREATE UNIQUE CLUSTERED INDEX [PK__tblDirec__0C1BC0E17E541C54] ON [dbo].[tblDirector_Education_Details] ([director_education_id] ASC) WITH (DROP_EXISTING = OFF, ONLINE = ON) ON [PRIMARY];","-- Constraint-backed, review before dropping: ALTER TABLE [dbo].[tblDirector_Education_Details] DROP CONSTRAINT [PK__tblDirec__0C1BC0E17E541C54];"
activist_insight,2026-05-10 01:35:21.070,[dbo].[tblEducationField],dbo,tblEducationField,1,PK__tblEducationField__1BB6F43E0263EA43,CLUSTERED,1,1,0,0,0,NULL,0,PRIMARY,educationField_id,NULL,1,4,educationfield_id,NULL,educationfield_id||,0,1,0.00,NULL,NULL,NULL,NULL,0,NULL,0,NULL,NULL,NULL,NULL,"CREATE UNIQUE CLUSTERED INDEX [PK__tblEducationField__1BB6F43E0263EA43] ON [dbo].[tblEducationField] ([educationField_id] ASC) WITH (DROP_EXISTING = OFF, ONLINE = ON) ON [PRIMARY];","-- Constraint-backed, review before dropping: ALTER TABLE [dbo].[tblEducationField] DROP CONSTRAINT [PK__tblEducationField__1BB6F43E0263EA43];"
activist_insight,2026-05-10 01:35:21.070,[dbo].[tblFeedUpdates],dbo,tblFeedUpdates,0,NULL,HEAP,0,0,0,0,0,NULL,0,PRIMARY,NULL,NULL,0,0,NULL,NULL,||,0,1,0.00,NULL,NULL,NULL,NULL,0,NULL,0,NULL,NULL,NULL,NULL,NULL,NULL
activist_insight,2026-05-10 01:35:21.070,[dbo].[tblFileImport],dbo,tblFileImport,1,PK_tblFileImport_fileimportid,CLUSTERED,1,1,0,0,0,NULL,0,PRIMARY,fileimport_id,NULL,1,4,fileimport_id,NULL,fileimport_id||,0,1,0.00,NULL,NULL,NULL,NULL,0,NULL,0,NULL,NULL,NULL,NULL,"CREATE UNIQUE CLUSTERED INDEX [PK_tblFileImport_fileimportid] ON [dbo].[tblFileImport] ([fileimport_id] ASC) WITH (DROP_EXISTING = OFF, ONLINE = ON) ON [PRIMARY];","-- Constraint-backed, review before dropping: ALTER TABLE [dbo].[tblFileImport] DROP CONSTRAINT [PK_tblFileImport_fileimportid];"
activist_insight,2026-05-10 01:35:21.070,[dbo].[tblFiling_Investor],dbo,tblFiling_Investor,1,PK__tblFilin__EA0ACC9043A2FBFB,CLUSTERED,1,1,0,0,0,NULL,0,PRIMARY,filing_investor_id,NULL,1,4,filing_investor_id,NULL,filing_investor_id||,0,1,0.00,NULL,NULL,NULL,NULL,0,NULL,0,NULL,NULL,NULL,NULL,"CREATE UNIQUE CLUSTERED INDEX [PK__tblFilin__EA0ACC9043A2FBFB] ON [dbo].[tblFiling_Investor] ([filing_investor_id] ASC) WITH (DROP_EXISTING = OFF, ONLINE = ON) ON [PRIMARY];","-- Constraint-backed, review before dropping: ALTER TABLE [dbo].[tblFiling_Investor] DROP CONSTRAINT [PK__tblFilin__EA0ACC9043A2FBFB];"
activist_insight,2026-05-10 01:35:21.070,[dbo].[tblGeneral_Policy],dbo,tblGeneral_Policy,1,PK__tblGener__A69722535844B9DA,CLUSTERED,1,1,0,0,0,NULL,0,PRIMARY,general_policy_id,NULL,1,4,general_policy_id,NULL,general_policy_id||,0,1,0.00,0,2,0,0,2,NULL,2,NULL,2026-06-23 12:32:21.663,NULL,NULL,"CREATE UNIQUE CLUSTERED INDEX [PK__tblGener__A69722535844B9DA] ON [dbo].[tblGeneral_Policy] ([general_policy_id] ASC) WITH (DROP_EXISTING = OFF, ONLINE = ON) ON [PRIMARY];","-- Constraint-backed, review before dropping: ALTER TABLE [dbo].[tblGeneral_Policy] DROP CONSTRAINT [PK__tblGener__A69722535844B9DA];"
activist_insight,2026-05-10 01:35:21.070,[dbo].[tblGov_remuneration],dbo,tblGov_remuneration,0,NULL,HEAP,0,0,0,0,0,NULL,0,PRIMARY,NULL,NULL,0,0,NULL,NULL,||,0,1,0.01,0,2,0,0,2,NULL,2,NULL,2026-06-05 14:03:23.160,NULL,NULL,NULL,NULL
activist_insight,2026-05-10 01:35:21.070,[dbo].[tblHonor],dbo,tblHonor,1,PK__tblHonor__676AECA0ADBA995F,CLUSTERED,1,1,0,0,0,NULL,0,PRIMARY,honor_id,NULL,1,4,honor_id,NULL,honor_id||,0,1,0.00,NULL,NULL,NULL,NULL,0,NULL,0,NULL,NULL,NULL,NULL,"CREATE UNIQUE CLUSTERED INDEX [PK__tblHonor__676AECA0ADBA995F] ON [dbo].[tblHonor] ([honor_id] ASC) WITH (DROP_EXISTING = OFF, ONLINE = ON) ON [PRIMARY];","-- Constraint-backed, review before dropping: ALTER TABLE [dbo].[tblHonor] DROP CONSTRAINT [PK__tblHonor__676AECA0ADBA995F];"
activist_insight,2026-05-10 01:35:21.070,[dbo].[tblIncentive_Type],dbo,tblIncentive_Type,1,PK__tblIncen__CB9C5C0D44B029FD,CLUSTERED,1,1,0,0,0,NULL,0,PRIMARY,incentive_type_id,NULL,1,4,incentive_type_id,NULL,incentive_type_id||,0,1,0.00,NULL,NULL,NULL,NULL,0,NULL,0,NULL,NULL,NULL,NULL,"CREATE UNIQUE CLUSTERED INDEX [PK__tblIncen__CB9C5C0D44B029FD] ON [dbo].[tblIncentive_Type] ([incentive_type_id] ASC) WITH (DROP_EXISTING = OFF, ONLINE = ON) ON [PRIMARY];","-- Constraint-backed, review before dropping: ALTER TABLE [dbo].[tblIncentive_Type] DROP CONSTRAINT [PK__tblIncen__CB9C5C0D44B029FD];"
activist_insight,2026-05-10 01:35:21.070,[dbo].[tblInvestor_sub_type],dbo,tblInvestor_sub_type,1,PK_lInvestor_sub_type,CLUSTERED,1,1,0,0,0,NULL,0,PRIMARY,investor_sub_type_id,NULL,1,4,investor_sub_type_id,NULL,investor_sub_type_id||,0,1,0.00,NULL,NULL,NULL,NULL,0,NULL,0,NULL,NULL,NULL,NULL,"CREATE UNIQUE CLUSTERED INDEX [PK_lInvestor_sub_type] ON [dbo].[tblInvestor_sub_type] ([investor_sub_type_id] ASC) WITH (DROP_EXISTING = OFF, ONLINE = ON) ON [PRIMARY];","-- Constraint-backed, review before dropping: ALTER TABLE [dbo].[tblInvestor_sub_type] DROP CONSTRAINT [PK_lInvestor_sub_type];"
activist_insight,2026-05-10 01:35:21.070,[dbo].[tblInvestor_sub_type_associations],dbo,tblInvestor_sub_type_associations,0,NULL,HEAP,0,0,0,0,0,NULL,0,PRIMARY,NULL,NULL,0,0,NULL,NULL,||,0,1,0.00,NULL,NULL,NULL,NULL,0,NULL,0,NULL,NULL,NULL,NULL,NULL,NULL
activist_insight,2026-05-10 01:35:21.070,[dbo].[tblInvestor_type],dbo,tblInvestor_type,1,PK_lInvestor_type,CLUSTERED,1,1,0,0,0,NULL,0,PRIMARY,investor_type_id,NULL,1,4,investor_type_id,NULL,investor_type_id||,0,1,0.00,NULL,NULL,NULL,NULL,0,NULL,0,NULL,NULL,NULL,NULL,"CREATE UNIQUE CLUSTERED INDEX [PK_lInvestor_type] ON [dbo].[tblInvestor_type] ([investor_type_id] ASC) WITH (DROP_EXISTING = OFF, ONLINE = ON) ON [PRIMARY];","-- Constraint-backed, review before dropping: ALTER TABLE [dbo].[tblInvestor_type] DROP CONSTRAINT [PK_lInvestor_type];"
activist_insight,2026-05-10 01:35:21.070,[dbo].[tblMarket_cap_cache],dbo,tblMarket_cap_cache,1,PK_tblMarket_cap_cache,CLUSTERED,1,1,0,0,0,NULL,0,PRIMARY,market_cap_cache_id,NULL,1,4,market_cap_cache_id,NULL,market_cap_cache_id||,0,1,0.70,0,232,0,348,232,0.67,-116,NULL,2026-09-02 05:34:15.050,NULL,2026-09-02 05:34:15.050,"CREATE UNIQUE CLUSTERED INDEX [PK_tblMarket_cap_cache] ON [dbo].[tblMarket_cap_cache] ([market_cap_cache_id] ASC) WITH (DROP_EXISTING = OFF, ONLINE = ON) ON [PRIMARY];","-- Constraint-backed, review before dropping: ALTER TABLE [dbo].[tblMarket_cap_cache] DROP CONSTRAINT [PK_tblMarket_cap_cache];"
activist_insight,2026-05-10 01:35:21.070,[dbo].[tblNewDemands],dbo,tblNewDemands,1,PK__tblNewDe__EFD2385F5971C6D6,CLUSTERED,1,1,0,0,0,NULL,0,PRIMARY,newdemand_id,NULL,1,4,newdemand_id,NULL,newdemand_id||,0,1,0.00,NULL,NULL,NULL,NULL,0,NULL,0,NULL,NULL,NULL,NULL,"CREATE UNIQUE CLUSTERED INDEX [PK__tblNewDe__EFD2385F5971C6D6] ON [dbo].[tblNewDemands] ([newdemand_id] ASC) WITH (DROP_EXISTING = OFF, ONLINE = ON) ON [PRIMARY];","-- Constraint-backed, review before dropping: ALTER TABLE [dbo].[tblNewDemands] DROP CONSTRAINT [PK__tblNewDe__EFD2385F5971C6D6];"
activist_insight,2026-05-10 01:35:21.070,[dbo].[tblNews_type],dbo,tblNews_type,1,PK_tblnews_type,CLUSTERED,1,1,0,0,0,NULL,0,PRIMARY,news_type_id,NULL,1,4,news_type_id,NULL,news_type_id||,0,1,0.00,NULL,NULL,NULL,NULL,0,NULL,0,NULL,NULL,NULL,NULL,"CREATE UNIQUE CLUSTERED INDEX [PK_tblnews_type] ON [dbo].[tblNews_type] ([news_type_id] ASC) WITH (DROP_EXISTING = OFF, ONLINE = ON) ON [PRIMARY];","-- Constraint-backed, review before dropping: ALTER TABLE [dbo].[tblNews_type] DROP CONSTRAINT [PK_tblnews_type];"
activist_insight,2026-05-10 01:35:21.070,[dbo].[tblother_filings_data_activist_link],dbo,tblother_filings_data_activist_link,0,NULL,HEAP,0,0,0,0,0,NULL,0,PRIMARY,NULL,NULL,0,0,NULL,NULL,||,0,1,0.00,NULL,NULL,NULL,NULL,0,NULL,0,NULL,NULL,NULL,NULL,NULL,NULL
activist_insight,2026-05-10 01:35:21.070,[dbo].[tblother_filings_data_type_link],dbo,tblother_filings_data_type_link,0,NULL,HEAP,0,0,0,0,0,NULL,0,PRIMARY,NULL,NULL,0,0,NULL,NULL,||,0,1,0.00,NULL,NULL,NULL,NULL,0,NULL,0,NULL,NULL,NULL,NULL,NULL,NULL
activist_insight,2026-05-10 01:35:21.070,[dbo].[tblPreloadedSearch],dbo,tblPreloadedSearch,1,PK_tblPreloadedSearch,CLUSTERED,1,1,0,0,0,NULL,0,PRIMARY,Id,NULL,1,4,id,NULL,id||,0,1,0.00,NULL,NULL,NULL,NULL,0,NULL,0,NULL,NULL,NULL,NULL,"CREATE UNIQUE CLUSTERED INDEX [PK_tblPreloadedSearch] ON [dbo].[tblPreloadedSearch] ([Id] ASC) WITH (DROP_EXISTING = OFF, ONLINE = ON) ON [PRIMARY];","-- Constraint-backed, review before dropping: ALTER TABLE [dbo].[tblPreloadedSearch] DROP CONSTRAINT [PK_tblPreloadedSearch];"
activist_insight,2026-05-10 01:35:21.070,[dbo].[tblQualification],dbo,tblQualification,1,PK__tblQuali__CDACC5DBB610B403,CLUSTERED,1,1,0,0,0,NULL,0,PRIMARY,qualification_id,NULL,1,4,qualification_id,NULL,qualification_id||,0,1,0.00,NULL,NULL,NULL,NULL,0,NULL,0,NULL,NULL,NULL,NULL,"CREATE UNIQUE CLUSTERED INDEX [PK__tblQuali__CDACC5DBB610B403] ON [dbo].[tblQualification] ([qualification_id] ASC) WITH (DROP_EXISTING = OFF, ONLINE = ON) ON [PRIMARY];","-- Constraint-backed, review before dropping: ALTER TABLE [dbo].[tblQualification] DROP CONSTRAINT [PK__tblQuali__CDACC5DBB610B403];"
activist_insight,2026-05-10 01:35:21.070,[dbo].[tblQuery_criterion_values_type_1],dbo,tblQuery_criterion_values_type_1,1,PK_tblQuery_criterion_values_type_1,CLUSTERED,1,1,0,0,0,NULL,0,PRIMARY,criterion_value_id,NULL,1,4,criterion_value_id,NULL,criterion_value_id||,0,1,0.00,NULL,NULL,NULL,NULL,0,NULL,0,NULL,NULL,NULL,NULL,"CREATE UNIQUE CLUSTERED INDEX [PK_tblQuery_criterion_values_type_1] ON [dbo].[tblQuery_criterion_values_type_1] ([criterion_value_id] ASC) WITH (DROP_EXISTING = OFF, ONLINE = ON) ON [PRIMARY];","-- Constraint-backed, review before dropping: ALTER TABLE [dbo].[tblQuery_criterion_values_type_1] DROP CONSTRAINT [PK_tblQuery_criterion_values_type_1];"
activist_insight,2026-05-10 01:35:21.070,[dbo].[tblQuery_criterion_values_type_4],dbo,tblQuery_criterion_values_type_4,1,PK_tblQuery_criterion_values_type_4,CLUSTERED,1,1,0,0,0,NULL,0,PRIMARY,criterion_value_id,NULL,1,4,criterion_value_id,NULL,criterion_value_id||,0,1,0.00,NULL,NULL,NULL,NULL,0,NULL,0,NULL,NULL,NULL,NULL,"CREATE UNIQUE CLUSTERED INDEX [PK_tblQuery_criterion_values_type_4] ON [dbo].[tblQuery_criterion_values_type_4] ([criterion_value_id] ASC) WITH (DROP_EXISTING = OFF, ONLINE = ON) ON [PRIMARY];","-- Constraint-backed, review before dropping: ALTER TABLE [dbo].[tblQuery_criterion_values_type_4] DROP CONSTRAINT [PK_tblQuery_criterion_values_type_4];"
activist_insight,2026-05-10 01:35:21.070,[dbo].[tblQuery_criterion_values_type_5],dbo,tblQuery_criterion_values_type_5,1,PK_tblQuery_criterion_values_type_5,CLUSTERED,1,1,0,0,0,NULL,0,PRIMARY,criterion_value_id,NULL,1,4,criterion_value_id,NULL,criterion_value_id||,0,1,0.00,NULL,NULL,NULL,NULL,0,NULL,0,NULL,NULL,NULL,NULL,"CREATE UNIQUE CLUSTERED INDEX [PK_tblQuery_criterion_values_type_5] ON [dbo].[tblQuery_criterion_values_type_5] ([criterion_value_id] ASC) WITH (DROP_EXISTING = OFF, ONLINE = ON) ON [PRIMARY];","-- Constraint-backed, review before dropping: ALTER TABLE [dbo].[tblQuery_criterion_values_type_5] DROP CONSTRAINT [PK_tblQuery_criterion_values_type_5];"
activist_insight,2026-05-10 01:35:21.070,[dbo].[tblQuery_criterion_values_type_6],dbo,tblQuery_criterion_values_type_6,1,PK_tblQuery_criterion_values_type_6,CLUSTERED,1,1,0,0,0,NULL,0,PRIMARY,criterion_value_id,NULL,1,4,criterion_value_id,NULL,criterion_value_id||,0,1,0.00,NULL,NULL,NULL,NULL,0,NULL,0,NULL,NULL,NULL,NULL,"CREATE UNIQUE CLUSTERED INDEX [PK_tblQuery_criterion_values_type_6] ON [dbo].[tblQuery_criterion_values_type_6] ([criterion_value_id] ASC) WITH (DROP_EXISTING = OFF, ONLINE = ON) ON [PRIMARY];","-- Constraint-backed, review before dropping: ALTER TABLE [dbo].[tblQuery_criterion_values_type_6] DROP CONSTRAINT [PK_tblQuery_criterion_values_type_6];"
activist_insight,2026-05-10 01:35:21.070,[dbo].[tblQuery_criterion_values_type_7],dbo,tblQuery_criterion_values_type_7,1,PK_tblQuery_criterion_values_type_7,CLUSTERED,1,1,0,0,0,NULL,0,PRIMARY,criterion_value_id,NULL,1,4,criterion_value_id,NULL,criterion_value_id||,0,1,0.00,NULL,NULL,NULL,NULL,0,NULL,0,NULL,NULL,NULL,NULL,"CREATE UNIQUE CLUSTERED INDEX [PK_tblQuery_criterion_values_type_7] ON [dbo].[tblQuery_criterion_values_type_7] ([criterion_value_id] ASC) WITH (DROP_EXISTING = OFF, ONLINE = ON) ON [PRIMARY];","-- Constraint-backed, review before dropping: ALTER TABLE [dbo].[tblQuery_criterion_values_type_7] DROP CONSTRAINT [PK_tblQuery_criterion_values_type_7];"
activist_insight,2026-05-10 01:35:21.070,[dbo].[tblQuery_criterion_values_type_8],dbo,tblQuery_criterion_values_type_8,1,PK_tblQuery_criterion_values_type_8,CLUSTERED,1,1,0,0,0,NULL,0,PRIMARY,criterion_value_id,NULL,1,4,criterion_value_id,NULL,criterion_value_id||,0,1,0.00,NULL,NULL,NULL,NULL,0,NULL,0,NULL,NULL,NULL,NULL,"CREATE UNIQUE CLUSTERED INDEX [PK_tblQuery_criterion_values_type_8] ON [dbo].[tblQuery_criterion_values_type_8] ([criterion_value_id] ASC) WITH (DROP_EXISTING = OFF, ONLINE = ON) ON [PRIMARY];","-- Constraint-backed, review before dropping: ALTER TABLE [dbo].[tblQuery_criterion_values_type_8] DROP CONSTRAINT [PK_tblQuery_criterion_values_type_8];"
activist_insight,2026-05-10 01:35:21.070,[dbo].[tblQuery_selected_output_fields],dbo,tblQuery_selected_output_fields,1,PK_tblQuery_selected_output_fields,CLUSTERED,1,1,0,0,0,NULL,0,PRIMARY,selected_output_field_id,NULL,1,4,selected_output_field_id,NULL,selected_output_field_id||,0,1,0.00,NULL,NULL,NULL,NULL,0,NULL,0,NULL,NULL,NULL,NULL,"CREATE UNIQUE CLUSTERED INDEX [PK_tblQuery_selected_output_fields] ON [dbo].[tblQuery_selected_output_fields] ([selected_output_field_id] ASC) WITH (DROP_EXISTING = OFF, ONLINE = ON) ON [PRIMARY];","-- Constraint-backed, review before dropping: ALTER TABLE [dbo].[tblQuery_selected_output_fields] DROP CONSTRAINT [PK_tblQuery_selected_output_fields];"
activist_insight,2026-05-10 01:35:21.070,[dbo].[tblScraped_filings_raw_deleted],dbo,tblScraped_filings_raw_deleted,1,PK_tblScraped_filings_raw_deleted,CLUSTERED,1,1,0,0,0,NULL,0,PRIMARY,id,NULL,1,4,id,NULL,id||,0,1,0.00,NULL,NULL,NULL,NULL,0,NULL,0,NULL,NULL,NULL,NULL,"CREATE UNIQUE CLUSTERED INDEX [PK_tblScraped_filings_raw_deleted] ON [dbo].[tblScraped_filings_raw_deleted] ([id] ASC) WITH (DROP_EXISTING = OFF, ONLINE = ON) ON [PRIMARY];","-- Constraint-backed, review before dropping: ALTER TABLE [dbo].[tblScraped_filings_raw_deleted] DROP CONSTRAINT [PK_tblScraped_filings_raw_deleted];"
activist_insight,2026-05-10 01:35:21.070,[dbo].[tblSECLitigation_CompanyLink],dbo,tblSECLitigation_CompanyLink,1,PK__tblSECLi__F802A0763CF0BF2B,CLUSTERED,1,1,0,0,0,NULL,0,PRIMARY,sec_litigation_companylink_id,NULL,1,4,sec_litigation_companylink_id,NULL,sec_litigation_companylink_id||,0,1,0.00,NULL,NULL,NULL,NULL,0,NULL,0,NULL,NULL,NULL,NULL,"CREATE UNIQUE CLUSTERED INDEX [PK__tblSECLi__F802A0763CF0BF2B] ON [dbo].[tblSECLitigation_CompanyLink] ([sec_litigation_companylink_id] ASC) WITH (DROP_EXISTING = OFF, ONLINE = ON) ON [PRIMARY];","-- Constraint-backed, review before dropping: ALTER TABLE [dbo].[tblSECLitigation_CompanyLink] DROP CONSTRAINT [PK__tblSECLi__F802A0763CF0BF2B];"
activist_insight,2026-05-10 01:35:21.070,[dbo].[tblSECLitigation_CompanyLink],dbo,tblSECLitigation_CompanyLink,2,idx_tblSECLitigation_CompanyLink_companyid,NONCLUSTERED,0,0,0,0,0,NULL,0,PRIMARY,"pid, sec_litigation_id",NULL,2,8,"pid, sec_litigation_id",NULL,"pid, sec_litigation_id||",0,1,0.00,NULL,NULL,NULL,NULL,0,NULL,0,NULL,NULL,NULL,NULL,"CREATE NONCLUSTERED INDEX [idx_tblSECLitigation_CompanyLink_companyid] ON [dbo].[tblSECLitigation_CompanyLink] ([pid] ASC, [sec_litigation_id] ASC) WITH (DROP_EXISTING = OFF, ONLINE = ON) ON [PRIMARY];",DROP INDEX [idx_tblSECLitigation_CompanyLink_companyid] ON [dbo].[tblSECLitigation_CompanyLink];
activist_insight,2026-05-10 01:35:21.070,[dbo].[tblSECLitigation_CompanyLink],dbo,tblSECLitigation_CompanyLink,3,idx_tblSECLitigation_CompanyLink_seclitigationid,NONCLUSTERED,0,0,0,0,0,NULL,0,PRIMARY,"sec_litigation_id, pid",NULL,2,8,"sec_litigation_id, pid",NULL,"sec_litigation_id, pid||",0,1,0.00,0,2,0,0,2,NULL,2,NULL,2026-06-05 14:07:37.260,NULL,NULL,"CREATE NONCLUSTERED INDEX [idx_tblSECLitigation_CompanyLink_seclitigationid] ON [dbo].[tblSECLitigation_CompanyLink] ([sec_litigation_id] ASC, [pid] ASC) WITH (DROP_EXISTING = OFF, ONLINE = ON) ON [PRIMARY];",DROP INDEX [idx_tblSECLitigation_CompanyLink_seclitigationid] ON [dbo].[tblSECLitigation_CompanyLink];
activist_insight,2026-05-10 01:35:21.070,[dbo].[tblSpotCheck_data],dbo,tblSpotCheck_data,1,PK__tblSpotC__A83DF9C69C9135DF,CLUSTERED,1,1,0,0,0,NULL,0,PRIMARY,spotcheck_data_id,NULL,1,4,spotcheck_data_id,NULL,spotcheck_data_id||,0,1,0.00,0,1,0,0,1,NULL,1,NULL,2026-08-25 08:54:31.303,NULL,NULL,"CREATE UNIQUE CLUSTERED INDEX [PK__tblSpotC__A83DF9C69C9135DF] ON [dbo].[tblSpotCheck_data] ([spotcheck_data_id] ASC) WITH (DROP_EXISTING = OFF, ONLINE = ON) ON [PRIMARY];","-- Constraint-backed, review before dropping: ALTER TABLE [dbo].[tblSpotCheck_data] DROP CONSTRAINT [PK__tblSpotC__A83DF9C69C9135DF];"
activist_insight,2026-05-10 01:35:21.070,[dbo].[tblSpotCheck_meta_data],dbo,tblSpotCheck_meta_data,1,PK__tblSpotC__BF585853990397F5,CLUSTERED,1,1,0,0,0,NULL,0,PRIMARY,spotcheck_meta_data_id,NULL,1,4,spotcheck_meta_data_id,NULL,spotcheck_meta_data_id||,0,1,0.00,0,1,0,0,1,NULL,1,NULL,2026-08-25 08:54:31.303,NULL,NULL,"CREATE UNIQUE CLUSTERED INDEX [PK__tblSpotC__BF585853990397F5] ON [dbo].[tblSpotCheck_meta_data] ([spotcheck_meta_data_id] ASC) WITH (DROP_EXISTING = OFF, ONLINE = ON) ON [PRIMARY];","-- Constraint-backed, review before dropping: ALTER TABLE [dbo].[tblSpotCheck_meta_data] DROP CONSTRAINT [PK__tblSpotC__BF585853990397F5];"
activist_insight,2026-05-10 01:35:21.070,[dbo].[tblSpotCheck_progress],dbo,tblSpotCheck_progress,0,NULL,HEAP,0,0,0,0,0,NULL,0,PRIMARY,NULL,NULL,0,0,NULL,NULL,||,0,1,0.00,0,1,0,0,1,NULL,1,NULL,2026-08-25 08:54:31.303,NULL,NULL,NULL,NULL
activist_insight,2026-05-10 01:35:21.070,[dbo].[tblStatisticalDataCreation_code],dbo,tblStatisticalDataCreation_code,0,NULL,HEAP,0,0,0,0,0,NULL,0,PRIMARY,NULL,NULL,0,0,NULL,NULL,||,0,1,0.00,NULL,NULL,NULL,NULL,0,NULL,0,NULL,NULL,NULL,NULL,NULL,NULL
activist_insight,2026-05-10 01:35:21.070,[dbo].[tblstats_graph],dbo,tblstats_graph,0,NULL,HEAP,0,0,0,0,0,NULL,0,PRIMARY,NULL,NULL,0,0,NULL,NULL,||,0,1,0.00,NULL,NULL,NULL,NULL,0,NULL,0,NULL,NULL,NULL,NULL,NULL,NULL
activist_insight,2026-05-10 01:35:21.070,[dbo].[tblUniversity],dbo,tblUniversity,1,PK__tblUnive__F24BB7201DADCD53,CLUSTERED,1,1,0,0,0,NULL,0,PRIMARY,university_id,NULL,1,4,university_id,NULL,university_id||,0,1,0.00,NULL,NULL,NULL,NULL,0,NULL,0,NULL,NULL,NULL,NULL,"CREATE UNIQUE CLUSTERED INDEX [PK__tblUnive__F24BB7201DADCD53] ON [dbo].[tblUniversity] ([university_id] ASC) WITH (DROP_EXISTING = OFF, ONLINE = ON) ON [PRIMARY];","-- Constraint-backed, review before dropping: ALTER TABLE [dbo].[tblUniversity] DROP CONSTRAINT [PK__tblUnive__F24BB7201DADCD53];"
activist_insight,2026-05-10 01:35:21.070,[dbo].[tblV2a_alert_company_response_criteria],dbo,tblV2a_alert_company_response_criteria,1,PK_tblV2a_alert_company_response_criteria,CLUSTERED,1,1,0,0,0,NULL,0,PRIMARY,alert_company_response_critera_id,NULL,1,4,alert_company_response_critera_id,NULL,alert_company_response_critera_id||,0,1,0.00,NULL,NULL,NULL,NULL,0,NULL,0,NULL,NULL,NULL,NULL,"CREATE UNIQUE CLUSTERED INDEX [PK_tblV2a_alert_company_response_criteria] ON [dbo].[tblV2a_alert_company_response_criteria] ([alert_company_response_critera_id] ASC) WITH (DROP_EXISTING = OFF, ONLINE = ON) ON [PRIMARY];","-- Constraint-backed, review before dropping: ALTER TABLE [dbo].[tblV2a_alert_company_response_criteria] DROP CONSTRAINT [PK_tblV2a_alert_company_response_criteria];"
activist_insight,2026-05-10 01:35:21.070,[dbo].[tblv3a_alert_suboption_grouping],dbo,tblv3a_alert_suboption_grouping,0,NULL,HEAP,0,0,0,0,0,NULL,0,PRIMARY,NULL,NULL,0,0,NULL,NULL,||,0,1,0.00,0,640,0,0,640,NULL,640,NULL,2026-09-01 10:10:16.017,NULL,NULL,NULL,NULL
activist_insight,2026-05-10 01:35:21.070,[dbo].[tblv3a_daily_message_content],dbo,tblv3a_daily_message_content,1,PK_tblv3a_daily_message_content,CLUSTERED,1,1,0,0,0,NULL,0,PRIMARY,daily_message_content_id,NULL,1,4,daily_message_content_id,NULL,daily_message_content_id||,0,1,1.42,27070,31420,0,15819,58490,3.70,42671,2026-09-01 17:01:33.220,2026-09-01 17:01:34.230,NULL,2026-09-01 17:01:34.217,"CREATE UNIQUE CLUSTERED INDEX [PK_tblv3a_daily_message_content] ON [dbo].[tblv3a_daily_message_content] ([daily_message_content_id] ASC) WITH (DROP_EXISTING = OFF, ONLINE = ON) ON [PRIMARY];","-- Constraint-backed, review before dropping: ALTER TABLE [dbo].[tblv3a_daily_message_content] DROP CONSTRAINT [PK_tblv3a_daily_message_content];"
activist_insight,2026-05-10 01:35:21.070,[dbo].[tblVotingImport_Overrides],dbo,tblVotingImport_Overrides,23,idx_tblvotingimport_overrides_override_status_active,NONCLUSTERED,0,0,0,0,1,"([override_status] IN ((1), (2)))",90,PRIMARY,"override_status, meeting_id","import_check_id, investor_id, fund_id, pid, new_proposal_ID, vote_id",2,8,"override_status, meeting_id","fund_id, import_check_id, investor_id, new_proposal_id, pid, vote_id","override_status, meeting_id|fund_id, import_check_id, investor_id, new_proposal_id, pid, vote_id|([override_status] in ((1), (2)))",0,1,0.51,10616,0,0,2267924,10616,0.00,-2257308,2026-09-02 08:54:53.950,NULL,NULL,2026-09-02 08:37:45.580,"CREATE NONCLUSTERED INDEX [idx_tblvotingimport_overrides_override_status_active] ON [dbo].[tblVotingImport_Overrides] ([override_status] ASC, [meeting_id] ASC) INCLUDE (import_check_id, investor_id, fund_id, pid, new_proposal_ID, vote_id) WHERE ([override_status] IN ((1), (2))) WITH (DROP_EXISTING = OFF, ONLINE = ON, FILLFACTOR = 90) ON [PRIMARY];",DROP INDEX [idx_tblvotingimport_overrides_override_status_active] ON [dbo].[tblVotingImport_Overrides];
activist_insight,2026-05-10 01:35:21.070,[dbo].[tDHI_CGS_ImportRun],dbo,tDHI_CGS_ImportRun,4,IX_tDHI_CGS_ImportRun_Delta_LastUpdateDate,NONCLUSTERED,0,0,0,0,1,([ExecutionMode]='check_for_updates' AND [Status]='Success' AND [LastUpdateDate] IS NOT NULL),90,PRIMARY,LastUpdateDate,NULL,1,3,lastupdatedate,NULL,lastupdatedate||([executionmode]='check_for_updates' and [status]='success' and [lastupdatedate] is not null),0,1,0.00,0,75,0,104,75,0.72,-29,NULL,2026-09-02 00:16:33.973,NULL,2026-09-01 02:23:46.160,"CREATE NONCLUSTERED INDEX [IX_tDHI_CGS_ImportRun_Delta_LastUpdateDate] ON [dbo].[tDHI_CGS_ImportRun] ([LastUpdateDate] DESC) WHERE ([ExecutionMode]='check_for_updates' AND [Status]='Success' AND [LastUpdateDate] IS NOT NULL) WITH (DROP_EXISTING = OFF, ONLINE = ON, FILLFACTOR = 90) ON [PRIMARY];",DROP INDEX [IX_tDHI_CGS_ImportRun_Delta_LastUpdateDate] ON [dbo].[tDHI_CGS_ImportRun];
activist_insight,2026-05-10 01:35:21.070,[dbo].[tmpFR_since_Exit],dbo,tmpFR_since_Exit,0,NULL,HEAP,0,0,0,0,0,NULL,0,PRIMARY,NULL,NULL,0,0,NULL,NULL,||,0,1,0.00,NULL,NULL,NULL,NULL,0,NULL,0,NULL,NULL,NULL,NULL,NULL,NULL
activist_insight,2026-05-10 01:35:21.070,[dbo].[tmpImportHolding],dbo,tmpImportHolding,1,PK__tmpImpor__46057D9911D2E97B,CLUSTERED,1,1,0,0,0,NULL,0,PRIMARY,import_holding_id,NULL,1,4,import_holding_id,NULL,import_holding_id||,0,1,0.00,NULL,NULL,NULL,NULL,0,NULL,0,NULL,NULL,NULL,NULL,"CREATE UNIQUE CLUSTERED INDEX [PK__tmpImpor__46057D9911D2E97B] ON [dbo].[tmpImportHolding] ([import_holding_id] ASC) WITH (DROP_EXISTING = OFF, ONLINE = ON) ON [PRIMARY];","-- Constraint-backed, review before dropping: ALTER TABLE [dbo].[tmpImportHolding] DROP CONSTRAINT [PK__tmpImpor__46057D9911D2E97B];"
activist_insight,2026-05-10 01:35:21.070,[dbo].[tmpOwnership_Score],dbo,tmpOwnership_Score,0,NULL,HEAP,0,0,0,0,0,NULL,0,PRIMARY,NULL,NULL,0,0,NULL,NULL,||,0,1,0.00,NULL,NULL,NULL,NULL,0,NULL,0,NULL,NULL,NULL,NULL,NULL,NULL
activist_insight,2026-05-10 01:35:21.070,[dbo].[tmpStock_symbol],dbo,tmpStock_symbol,0,NULL,HEAP,0,0,0,0,0,NULL,0,PRIMARY,NULL,NULL,0,0,NULL,NULL,||,0,1,0.00,NULL,NULL,NULL,NULL,0,NULL,0,NULL,NULL,NULL,NULL,NULL,NULL
activist_insight,2026-05-10 01:35:21.070,[dbo].[tREF_director_skill_source],dbo,tREF_director_skill_source,1,PK__tREF_dir__AAA098B48F4375E1,CLUSTERED,1,1,0,0,0,NULL,0,PRIMARY,director_skill_source_id,NULL,1,4,director_skill_source_id,NULL,director_skill_source_id||,0,1,0.00,NULL,NULL,NULL,NULL,0,NULL,0,NULL,NULL,NULL,NULL,"CREATE UNIQUE CLUSTERED INDEX [PK__tREF_dir__AAA098B48F4375E1] ON [dbo].[tREF_director_skill_source] ([director_skill_source_id] ASC) WITH (DROP_EXISTING = OFF, ONLINE = ON) ON [PRIMARY];","-- Constraint-backed, review before dropping: ALTER TABLE [dbo].[tREF_director_skill_source] DROP CONSTRAINT [PK__tREF_dir__AAA098B48F4375E1];"
activist_insight,2026-05-10 01:35:21.070,[dbo].[tREF_ethnicity_disclosure],dbo,tREF_ethnicity_disclosure,1,PK__tREF_eth__961C22DA1B602CEE,CLUSTERED,1,1,0,0,0,NULL,0,PRIMARY,ethnicity_disclosure_id,NULL,1,4,ethnicity_disclosure_id,NULL,ethnicity_disclosure_id||,0,1,0.00,NULL,NULL,NULL,NULL,0,NULL,0,NULL,NULL,NULL,NULL,"CREATE UNIQUE CLUSTERED INDEX [PK__tREF_eth__961C22DA1B602CEE] ON [dbo].[tREF_ethnicity_disclosure] ([ethnicity_disclosure_id] ASC) WITH (DROP_EXISTING = OFF, ONLINE = ON) ON [PRIMARY];","-- Constraint-backed, review before dropping: ALTER TABLE [dbo].[tREF_ethnicity_disclosure] DROP CONSTRAINT [PK__tREF_eth__961C22DA1B602CEE];"
activist_insight,2026-05-10 01:35:21.070,[dbo].[tstReporting_company],dbo,tstReporting_company,1,PK_tstReporting_company,CLUSTERED,1,1,0,0,0,NULL,0,PRIMARY,reporting_company_id,NULL,1,4,reporting_company_id,NULL,reporting_company_id||,0,1,0.00,NULL,NULL,NULL,NULL,0,NULL,0,NULL,NULL,NULL,NULL,"CREATE UNIQUE CLUSTERED INDEX [PK_tstReporting_company] ON [dbo].[tstReporting_company] ([reporting_company_id] ASC) WITH (DROP_EXISTING = OFF, ONLINE = ON) ON [PRIMARY];","-- Constraint-backed, review before dropping: ALTER TABLE [dbo].[tstReporting_company] DROP CONSTRAINT [PK_tstReporting_company];"
activist_insight,2026-05-10 01:35:21.070,[dbo].[tstReporting_votes],dbo,tstReporting_votes,1,idx_tstReportingVotes,CLUSTERED,0,0,0,0,0,NULL,0,PRIMARY,"reporting_company_id, reporting_votes_id",NULL,2,8,"reporting_company_id, reporting_votes_id",NULL,"reporting_company_id, reporting_votes_id||",0,1,0.00,NULL,NULL,NULL,NULL,0,NULL,0,NULL,NULL,NULL,NULL,"CREATE CLUSTERED INDEX [idx_tstReportingVotes] ON [dbo].[tstReporting_votes] ([reporting_company_id] ASC, [reporting_votes_id] ASC) WITH (DROP_EXISTING = OFF, ONLINE = ON) ON [PRIMARY];",DROP INDEX [idx_tstReportingVotes] ON [dbo].[tstReporting_votes];
activist_insight,2026-05-10 01:35:21.070,[dbo].[tstReporting_votes],dbo,tstReporting_votes,2,PK_tstReporting_votes,NONCLUSTERED,1,1,0,0,0,NULL,0,PRIMARY,reporting_votes_id,NULL,1,4,reporting_votes_id,NULL,reporting_votes_id||,0,1,0.00,NULL,NULL,NULL,NULL,0,NULL,0,NULL,NULL,NULL,NULL,"CREATE UNIQUE NONCLUSTERED INDEX [PK_tstReporting_votes] ON [dbo].[tstReporting_votes] ([reporting_votes_id] ASC) WITH (DROP_EXISTING = OFF, ONLINE = ON) ON [PRIMARY];","-- Constraint-backed, review before dropping: ALTER TABLE [dbo].[tstReporting_votes] DROP CONSTRAINT [PK_tstReporting_votes];"
activist_insight,2026-05-10 01:35:21.070,[dbo].[tVoting_Sync],dbo,tVoting_Sync,6,IX_tVoting_Sync_BySource_Pending,NONCLUSTERED,0,0,0,0,1,([BySourceComplete]=(0)),0,PRIMARY,"MeetingYear, Priority, InvestorID",MeetingID,3,9,"meetingyear, priority, investorid",meetingid,"meetingyear, priority, investorid|meetingid|([bysourcecomplete]=(0))",0,1,0.50,0,41812,0,151579,41812,0.28,-109767,NULL,2026-09-02 02:19:03.960,NULL,2026-09-02 06:00:01.423,"CREATE NONCLUSTERED INDEX [IX_tVoting_Sync_BySource_Pending] ON [dbo].[tVoting_Sync] ([MeetingYear] DESC, [Priority] ASC, [InvestorID] ASC) INCLUDE (MeetingID) WHERE ([BySourceComplete]=(0)) WITH (DROP_EXISTING = OFF, ONLINE = ON) ON [PRIMARY];",DROP INDEX [IX_tVoting_Sync_BySource_Pending] ON [dbo].[tVoting_Sync];
activist_insight,2026-05-10 01:35:21.070,[dbo].[tVoting_Sync],dbo,tVoting_Sync,7,IX_tVoting_Sync_FundVote_Pending,NONCLUSTERED,0,0,0,0,1,([BySourceComplete]=(1) AND [FundVoteComplete]=(0)),0,PRIMARY,"MeetingYear, Priority, InvestorID",MeetingID,3,9,"meetingyear, priority, investorid",meetingid,"meetingyear, priority, investorid|meetingid|([bysourcecomplete]=(1) and [fundvotecomplete]=(0))",0,1,1.10,0,148,0,159796,148,0.00,-159648,NULL,2026-09-02 02:24:24.530,NULL,2026-09-02 06:00:01.423,"CREATE NONCLUSTERED INDEX [IX_tVoting_Sync_FundVote_Pending] ON [dbo].[tVoting_Sync] ([MeetingYear] DESC, [Priority] ASC, [InvestorID] ASC) INCLUDE (MeetingID) WHERE ([BySourceComplete]=(1) AND [FundVoteComplete]=(0)) WITH (DROP_EXISTING = OFF, ONLINE = ON) ON [PRIMARY];",DROP INDEX [IX_tVoting_Sync_FundVote_Pending] ON [dbo].[tVoting_Sync];
activist_insight,2026-05-10 01:35:21.070,[dbo].[tVoting_Sync],dbo,tVoting_Sync,8,IX_tVoting_Sync_FundVoteNonNPX_Pending,NONCLUSTERED,0,0,0,0,1,([BySourceComplete]=(1) AND [FundVoteNonNPXComplete]=(0)),0,PRIMARY,"MeetingYear, Priority, InvestorID",MeetingID,3,9,"meetingyear, priority, investorid",meetingid,"meetingyear, priority, investorid|meetingid|([bysourcecomplete]=(1) and [fundvotenonnpxcomplete]=(0))",0,1,1.10,0,148,0,159430,148,0.00,-159282,NULL,2026-09-02 02:19:04.020,NULL,2026-09-02 06:00:01.423,"CREATE NONCLUSTERED INDEX [IX_tVoting_Sync_FundVoteNonNPX_Pending] ON [dbo].[tVoting_Sync] ([MeetingYear] DESC, [Priority] ASC, [InvestorID] ASC) INCLUDE (MeetingID) WHERE ([BySourceComplete]=(1) AND [FundVoteNonNPXComplete]=(0)) WITH (DROP_EXISTING = OFF, ONLINE = ON) ON [PRIMARY];",DROP INDEX [IX_tVoting_Sync_FundVoteNonNPX_Pending] ON [dbo].[tVoting_Sync];
activist_insight,2026-05-10 01:35:21.070,[dbo].[tVoting_Sync],dbo,tVoting_Sync,9,IX_tVoting_Sync_InvestorVote_Pending,NONCLUSTERED,0,0,0,0,1,([FundVoteComplete]=(1) AND [InvestorVoteComplete]=(0)),0,PRIMARY,"MeetingYear, Priority, InvestorID",MeetingID,3,9,"meetingyear, priority, investorid",meetingid,"meetingyear, priority, investorid|meetingid|([fundvotecomplete]=(1) and [investorvotecomplete]=(0))",0,1,0.52,0,148,0,124418,148,0.00,-124270,NULL,2026-09-02 02:32:10.817,NULL,2026-09-02 06:00:01.423,"CREATE NONCLUSTERED INDEX [IX_tVoting_Sync_InvestorVote_Pending] ON [dbo].[tVoting_Sync] ([MeetingYear] DESC, [Priority] ASC, [InvestorID] ASC) INCLUDE (MeetingID) WHERE ([FundVoteComplete]=(1) AND [InvestorVoteComplete]=(0)) WITH (DROP_EXISTING = OFF, ONLINE = ON) ON [PRIMARY];",DROP INDEX [IX_tVoting_Sync_InvestorVote_Pending] ON [dbo].[tVoting_Sync];
activist_insight,2026-05-10 01:35:21.070,[dbo].[tVoting_Sync],dbo,tVoting_Sync,10,IX_tVoting_Sync_InvestorVoteNonNPX_Pending,NONCLUSTERED,0,0,0,0,1,([FundVoteNonNPXComplete]=(1) AND [InvestorVoteNonNPXComplete]=(0)),0,PRIMARY,"MeetingYear, Priority, InvestorID",MeetingID,3,9,"meetingyear, priority, investorid",meetingid,"meetingyear, priority, investorid|meetingid|([fundvotenonnpxcomplete]=(1) and [investorvotenonnpxcomplete]=(0))",0,1,0.40,0,147,0,123547,147,0.00,-123400,NULL,2026-09-02 02:34:28.777,NULL,2026-09-02 06:00:01.423,"CREATE NONCLUSTERED INDEX [IX_tVoting_Sync_InvestorVoteNonNPX_Pending] ON [dbo].[tVoting_Sync] ([MeetingYear] DESC, [Priority] ASC, [InvestorID] ASC) INCLUDE (MeetingID) WHERE ([FundVoteNonNPXComplete]=(1) AND [InvestorVoteNonNPXComplete]=(0)) WITH (DROP_EXISTING = OFF, ONLINE = ON) ON [PRIMARY];",DROP INDEX [IX_tVoting_Sync_InvestorVoteNonNPX_Pending] ON [dbo].[tVoting_Sync];
activist_insight,2026-05-10 01:35:21.070,[dbo].[tVoting_Sync],dbo,tVoting_Sync,11,IX_tVoting_Sync_InvestorVoteNPX_Pending,NONCLUSTERED,0,0,0,0,1,([BySourceComplete]=(1) AND [InvestorVoteNPXComplete]=(0)),0,PRIMARY,"MeetingYear, Priority, InvestorID",MeetingID,3,9,"meetingyear, priority, investorid",meetingid,"meetingyear, priority, investorid|meetingid|([bysourcecomplete]=(1) and [investorvotenpxcomplete]=(0))",0,1,1.15,0,147,0,159951,147,0.00,-159804,NULL,2026-09-02 02:34:08.123,NULL,2026-09-02 06:00:01.423,"CREATE NONCLUSTERED INDEX [IX_tVoting_Sync_InvestorVoteNPX_Pending] ON [dbo].[tVoting_Sync] ([MeetingYear] DESC, [Priority] ASC, [InvestorID] ASC) INCLUDE (MeetingID) WHERE ([BySourceComplete]=(1) AND [InvestorVoteNPXComplete]=(0)) WITH (DROP_EXISTING = OFF, ONLINE = ON) ON [PRIMARY];",DROP INDEX [IX_tVoting_Sync_InvestorVoteNPX_Pending] ON [dbo].[tVoting_Sync];
activist_insight,2026-05-10 01:35:21.070,[dbo].[tVoting_Sync],dbo,tVoting_Sync,12,IX_tVoting_Sync_InvestorVoteNPXThreshold_Pending,NONCLUSTERED,0,0,0,0,1,([BySourceComplete]=(1) AND [InvestorVoteNPXThresholdComplete]=(0)),0,PRIMARY,"MeetingYear, Priority, InvestorID",MeetingID,3,9,"meetingyear, priority, investorid",meetingid,"meetingyear, priority, investorid|meetingid|([bysourcecomplete]=(1) and [investorvotenpxthresholdcomplete]=(0))",0,1,0.88,0,147,0,159951,147,0.00,-159804,NULL,2026-09-02 02:35:50.193,NULL,2026-09-02 06:00:01.423,"CREATE NONCLUSTERED INDEX [IX_tVoting_Sync_InvestorVoteNPXThreshold_Pending] ON [dbo].[tVoting_Sync] ([MeetingYear] DESC, [Priority] ASC, [InvestorID] ASC) INCLUDE (MeetingID) WHERE ([BySourceComplete]=(1) AND [InvestorVoteNPXThresholdComplete]=(0)) WITH (DROP_EXISTING = OFF, ONLINE = ON) ON [PRIMARY];",DROP INDEX [IX_tVoting_Sync_InvestorVoteNPXThreshold_Pending] ON [dbo].[tVoting_Sync];
activist_insight,2026-05-10 01:35:21.070,[msqta].[ExecutionStat],msqta,ExecutionStat,1,PkExecutionStat_StatID,CLUSTERED,1,1,0,0,0,NULL,0,PRIMARY,StatID,NULL,1,8,statid,NULL,statid||,0,1,0.00,NULL,NULL,NULL,NULL,0,NULL,0,NULL,NULL,NULL,NULL,"CREATE UNIQUE CLUSTERED INDEX [PkExecutionStat_StatID] ON [msqta].[ExecutionStat] ([StatID] ASC) WITH (DROP_EXISTING = OFF, ONLINE = ON) ON [PRIMARY];","-- Constraint-backed, review before dropping: ALTER TABLE [msqta].[ExecutionStat] DROP CONSTRAINT [PkExecutionStat_StatID];"
activist_insight,2026-05-10 01:35:21.070,[msqta].[QueryOptionGroup],msqta,QueryOptionGroup,1,PkQueryOptionGroup_GroupID,CLUSTERED,1,1,0,0,0,NULL,0,PRIMARY,GroupID,NULL,1,8,groupid,NULL,groupid||,0,1,0.00,NULL,NULL,NULL,NULL,0,NULL,0,NULL,NULL,NULL,NULL,"CREATE UNIQUE CLUSTERED INDEX [PkQueryOptionGroup_GroupID] ON [msqta].[QueryOptionGroup] ([GroupID] ASC) WITH (DROP_EXISTING = OFF, ONLINE = ON) ON [PRIMARY];","-- Constraint-backed, review before dropping: ALTER TABLE [msqta].[QueryOptionGroup] DROP CONSTRAINT [PkQueryOptionGroup_GroupID];"
activist_insight,2026-05-10 01:35:21.070,[msqta].[TuningQuery],msqta,TuningQuery,1,PkTuningQuery_TuningQueryID,CLUSTERED,1,1,0,0,0,NULL,0,PRIMARY,TuningQueryID,NULL,1,8,tuningqueryid,NULL,tuningqueryid||,0,1,0.00,NULL,NULL,NULL,NULL,0,NULL,0,NULL,NULL,NULL,NULL,"CREATE UNIQUE CLUSTERED INDEX [PkTuningQuery_TuningQueryID] ON [msqta].[TuningQuery] ([TuningQueryID] ASC) WITH (DROP_EXISTING = OFF, ONLINE = ON) ON [PRIMARY];","-- Constraint-backed, review before dropping: ALTER TABLE [msqta].[TuningQuery] DROP CONSTRAINT [PkTuningQuery_TuningQueryID];"
activist_insight,2026-05-10 01:35:21.070,[msqta].[TuningSession_TuningQuery],msqta,TuningSession_TuningQuery,0,NULL,HEAP,0,0,0,0,0,NULL,0,PRIMARY,NULL,NULL,0,0,NULL,NULL,||,0,1,0.00,NULL,NULL,NULL,NULL,0,NULL,0,NULL,NULL,NULL,NULL,NULL,NULL
