activist_insight,2026-05-10 01:35:21.070,225803,dbo,tblcompany_search,1061834.30,99.42,5.4275826720323,196778,0,38,2026-09-02 09:00:34.980,NULL,"[is_saved], [user_id]",NULL,[Name],"[is_saved], [user_id]","is_saved, user_id",2,IX_tblcompany_search_is_saved_user_id,"CREATE NONCLUSTERED INDEX [IX_tblcompany_search_is_saved_user_id] ON [activist_insight].[dbo].[tblcompany_search] ([is_saved], [user_id]) INCLUDE ([Name]); -- Enterprise/Developer: append WITH (ONLINE = ON, MAXDOP = 0)"
activist_insight,2026-05-10 01:35:21.070,141,dbo,tbladditional_filings,702622.79,48.98,6.64820404309363,215774,0,67992,2026-09-02 08:57:37.370,NULL,[PID],NULL,NULL,[PID],pid,1,IX_tbladditional_filings_PID,"CREATE NONCLUSTERED INDEX [IX_tbladditional_filings_PID] ON [activist_insight].[dbo].[tbladditional_filings] ([PID]); -- Enterprise/Developer: append WITH (ONLINE = ON, MAXDOP = 0)"
activist_insight,2026-05-10 01:35:21.070,10805,dbo,tblType_345_form_detail_derivative_holdings,680779.23,99.73,11.9462786972008,57141,0,31,2026-08-27 15:58:49.090,NULL,[type_345_form_detail_id],NULL,NULL,[type_345_form_detail_id],type_345_form_detail_id,1,IX_tblType_345_form_detail_derivative_holdings_type_345_form_detail_id,"CREATE NONCLUSTERED INDEX [IX_tblType_345_form_detail_derivative_holdings_type_345_form_detail_id] ON [activist_insight].[dbo].[tblType_345_form_detail_derivative_holdings] ([type_345_form_detail_id]); -- Enterprise/Developer: append WITH (ONLINE = ON, MAXDOP = 0)"
activist_insight,2026-05-10 01:35:21.070,1306,dbo,tblNotified_stakes,676799.86,94.16,0.831070666231541,864880,0,70,2026-09-02 09:00:34.520,NULL,NULL,"[date_notified], [insert_date]",NULL,"[date_notified], [insert_date]","date_notified, insert_date",2,IX_tblNotified_stakes_date_notified_insert_date,"CREATE NONCLUSTERED INDEX [IX_tblNotified_stakes_date_notified_insert_date] ON [activist_insight].[dbo].[tblNotified_stakes] ([date_notified], [insert_date]); -- Enterprise/Developer: append WITH (ONLINE = ON, MAXDOP = 0)"
activist_insight,2026-05-10 01:35:21.070,10803,dbo,tblType_345_form_detail_non_derivative_holdings,676453.90,99.73,11.8703780137478,57141,0,31,2026-08-27 15:58:49.063,NULL,[type_345_form_detail_id],NULL,NULL,[type_345_form_detail_id],type_345_form_detail_id,1,IX_tblType_345_form_detail_non_derivative_holdings_type_345_form_detail_id,"CREATE NONCLUSTERED INDEX [IX_tblType_345_form_detail_non_derivative_holdings_type_345_form_detail_id] ON [activist_insight].[dbo].[tblType_345_form_detail_non_derivative_holdings] ([type_345_form_detail_id]); -- Enterprise/Developer: append WITH (ONLINE = ON, MAXDOP = 0)"
activist_insight,2026-05-10 01:35:21.070,6905,dbo,tblcommittee_membership,669613.82,99.69,5.7586125140036,116642,0,52,2026-09-02 07:52:25.263,NULL,"[pid], [director_id], [committee_summary_id]",NULL,NULL,"[pid], [director_id], [committee_summary_id]","pid, director_id, committee_summary_id",3,IX_tblcommittee_membership_pid_director_id_committee_summary_id,"CREATE NONCLUSTERED INDEX [IX_tblcommittee_membership_pid_director_id_committee_summary_id] ON [activist_insight].[dbo].[tblcommittee_membership] ([pid], [director_id], [committee_summary_id]); -- Enterprise/Developer: append WITH (ONLINE = ON, MAXDOP = 0)"
activist_insight,2026-05-10 01:35:21.070,101,dbo,tbluser_news_log,661296.89,91.48,10.5513983733603,68511,0,3030,2026-09-02 08:55:42.697,NULL,[news_id],NULL,NULL,[news_id],news_id,1,IX_tbluser_news_log_news_id,"CREATE NONCLUSTERED INDEX [IX_tbluser_news_log_news_id] ON [activist_insight].[dbo].[tbluser_news_log] ([news_id]); -- Enterprise/Developer: append WITH (ONLINE = ON, MAXDOP = 0)"
activist_insight,2026-05-10 01:35:21.070,84228,dbo,tblCommittee_Allowance_Payments,614137.47,92.93,1379.66657197011,479,0,296,2026-09-02 08:59:06.750,NULL,"[filing_id], [actual_estimate], [director_appointment_id]",NULL,"[Audit_fee], [Remuneration_fee], [Nomination_fee], [Risk_fee], [Other_fee], [Allowance_fee], [Attendance_fee], [Reimbursement_domestic], [Reimbursement_intl], [Non_domestic_fee], [Off_cycle_fee]","[filing_id], [actual_estimate], [director_appointment_id]","filing_id, actual_estimate, director_appointment_id",3,IX_tblCommittee_Allowance_Payments_filing_id_actual_estimate_director_appointment_id,"CREATE NONCLUSTERED INDEX [IX_tblCommittee_Allowance_Payments_filing_id_actual_estimate_director_appointment_id] ON [activist_insight].[dbo].[tblCommittee_Allowance_Payments] ([filing_id], [actual_estimate], [director_appointment_id]) INCLUDE ([Audit_fee], [Remuneration_fee], [Nomination_fee], [Risk_fee], [Other_fee], [Allowance_fee], [Attendance_fee], [Reimbursement_domestic], [Reimbursement_intl], [Non_domestic_fee], [Off_cycle_fee]); -- Enterprise/Developer: append WITH (ONLINE = ON, MAXDOP = 0)"
activist_insight,2026-05-10 01:35:21.070,4080,dbo,tbladditional_filings,603023.25,98.51,3.70211190172631,165350,0,776,2026-09-02 08:59:55.130,NULL,"[PID], [additional_filing_type]",NULL,NULL,"[PID], [additional_filing_type]","pid, additional_filing_type",2,IX_tbladditional_filings_PID_additional_filing_type,"CREATE NONCLUSTERED INDEX [IX_tbladditional_filings_PID_additional_filing_type] ON [activist_insight].[dbo].[tbladditional_filings] ([PID], [additional_filing_type]); -- Enterprise/Developer: append WITH (ONLINE = ON, MAXDOP = 0)"
activist_insight,2026-05-10 01:35:21.070,84230,dbo,tblCommittee_Allowance_Payments,471788.16,71.39,1379.66657197011,479,0,296,2026-09-02 08:59:06.750,NULL,[actual_estimate],NULL,"[filing_id], [director_appointment_id], [Audit_fee], [Remuneration_fee], [Nomination_fee], [Risk_fee], [Other_fee], [Allowance_fee], [Attendance_fee], [Reimbursement_domestic], [Reimbursement_intl], [Non_domestic_fee], [Off_cycle_fee]",[actual_estimate],actual_estimate,1,IX_tblCommittee_Allowance_Payments_actual_estimate,"CREATE NONCLUSTERED INDEX [IX_tblCommittee_Allowance_Payments_actual_estimate] ON [activist_insight].[dbo].[tblCommittee_Allowance_Payments] ([actual_estimate]) INCLUDE ([filing_id], [director_appointment_id], [Audit_fee], [Remuneration_fee], [Nomination_fee], [Risk_fee], [Other_fee], [Allowance_fee], [Attendance_fee], [Reimbursement_domestic], [Reimbursement_intl], [Non_domestic_fee], [Off_cycle_fee]); -- Enterprise/Developer: append WITH (ONLINE = ON, MAXDOP = 0)"
activist_insight,2026-05-10 01:35:21.070,4078,dbo,tbladditional_filings,393843.13,98.59,3.69929474689816,107987,0,616,2026-09-02 08:59:55.097,NULL,"[PID], [additional_filing_type]",NULL,"[filing_date], [filing_url]","[PID], [additional_filing_type]","pid, additional_filing_type",2,IX_tbladditional_filings_PID_additional_filing_type,"CREATE NONCLUSTERED INDEX [IX_tbladditional_filings_PID_additional_filing_type] ON [activist_insight].[dbo].[tbladditional_filings] ([PID], [additional_filing_type]) INCLUDE ([filing_date], [filing_url]); -- Enterprise/Developer: append WITH (ONLINE = ON, MAXDOP = 0)"
activist_insight,2026-05-10 01:35:21.070,67,dbo,tblDashboard_widget_link,374207.44,91.58,1.39329366490441,293271,0,38,2026-09-02 08:56:51.007,NULL,[dashboard_id],NULL,"[widget_id], [widget_order], [company_search_id], [investor_search_id], [renamed_widget], [position], [activist_focus_filter_ids], [proponent_filter_ids]",[dashboard_id],dashboard_id,1,IX_tblDashboard_widget_link_dashboard_id,"CREATE NONCLUSTERED INDEX [IX_tblDashboard_widget_link_dashboard_id] ON [activist_insight].[dbo].[tblDashboard_widget_link] ([dashboard_id]) INCLUDE ([widget_id], [widget_order], [company_search_id], [investor_search_id], [renamed_widget], [position], [activist_focus_filter_ids], [proponent_filter_ids]); -- Enterprise/Developer: append WITH (ONLINE = ON, MAXDOP = 0)"
activist_insight,2026-05-10 01:35:21.070,573695,dbo,tblproxy_statement_director_skills,367913.52,99.53,4.55268717416755,81194,0,20,2026-08-28 12:14:43.313,NULL,[pid],NULL,NULL,[pid],pid,1,IX_tblproxy_statement_director_skills_pid,"CREATE NONCLUSTERED INDEX [IX_tblproxy_statement_director_skills_pid] ON [activist_insight].[dbo].[tblproxy_statement_director_skills] ([pid]); -- Enterprise/Developer: append WITH (ONLINE = ON, MAXDOP = 0)"
activist_insight,2026-05-10 01:35:21.070,4073,dbo,tblActivist_nominee,350064.29,72.42,0.0535279388907453,9030437,0,199,2026-09-02 09:00:01.760,NULL,[Director_appointment_id],NULL,NULL,[Director_appointment_id],director_appointment_id,1,IX_tblActivist_nominee_Director_appointment_id,"CREATE NONCLUSTERED INDEX [IX_tblActivist_nominee_Director_appointment_id] ON [activist_insight].[dbo].[tblActivist_nominee] ([Director_appointment_id]); -- Enterprise/Developer: append WITH (ONLINE = ON, MAXDOP = 0)"
activist_insight,2026-05-10 01:35:21.070,225793,dbo,tblcompany_search,320579.53,99.41,5.3961074889282,59762,0,44,2026-09-02 08:57:58.763,NULL,"[is_saved], [user_id]",NULL,"[Name], [pid]","[is_saved], [user_id]","is_saved, user_id",2,IX_tblcompany_search_is_saved_user_id,"CREATE NONCLUSTERED INDEX [IX_tblcompany_search_is_saved_user_id] ON [activist_insight].[dbo].[tblcompany_search] ([is_saved], [user_id]) INCLUDE ([Name], [pid]); -- Enterprise/Developer: append WITH (ONLINE = ON, MAXDOP = 0)"
activist_insight,2026-05-10 01:35:21.070,161574,dbo,tblcommittee_membership,318044.84,96.29,5.55946498582652,59412,0,6981,2026-08-21 09:38:49.413,NULL,[pid],NULL,NULL,[pid],pid,1,IX_tblcommittee_membership_pid,"CREATE NONCLUSTERED INDEX [IX_tblcommittee_membership_pid] ON [activist_insight].[dbo].[tblcommittee_membership] ([pid]); -- Enterprise/Developer: append WITH (ONLINE = ON, MAXDOP = 0)"
activist_insight,2026-05-10 01:35:21.070,43877,dbo,tblCampaign_Strategy_Selected,290079.66,95.25,0.0879826401417121,3461428,0,80,2026-09-02 08:32:19.157,NULL,[campaign_id],[strategy_id],NULL,"[campaign_id], [strategy_id]","campaign_id, strategy_id",2,IX_tblCampaign_Strategy_Selected_campaign_id_strategy_id,"CREATE NONCLUSTERED INDEX [IX_tblCampaign_Strategy_Selected_campaign_id_strategy_id] ON [activist_insight].[dbo].[tblCampaign_Strategy_Selected] ([campaign_id], [strategy_id]); -- Enterprise/Developer: append WITH (ONLINE = ON, MAXDOP = 0)"
activist_insight,2026-05-10 01:35:21.070,145,dbo,tbluser_news_log,287158.17,90.89,7.35583179730517,42951,0,45,2026-09-02 08:55:42.697,NULL,NULL,[news_id],NULL,[news_id],news_id,1,IX_tbluser_news_log_news_id,"CREATE NONCLUSTERED INDEX [IX_tbluser_news_log_news_id] ON [activist_insight].[dbo].[tbluser_news_log] ([news_id]); -- Enterprise/Developer: append WITH (ONLINE = ON, MAXDOP = 0)"
activist_insight,2026-05-10 01:35:21.070,62,dbo,tblNews_product_link,266692.48,20.88,1.26566804445532,1009161,0,203,2026-09-02 09:00:29.193,NULL,[product_id],NULL,[news_id],[product_id],product_id,1,IX_tblNews_product_link_product_id,"CREATE NONCLUSTERED INDEX [IX_tblNews_product_link_product_id] ON [activist_insight].[dbo].[tblNews_product_link] ([product_id]) INCLUDE ([news_id]); -- Enterprise/Developer: append WITH (ONLINE = ON, MAXDOP = 0)"
activist_insight,2026-05-10 01:35:21.070,170,dbo,tblComplianceStatements,257540.16,23.25,400.180499149041,2768,0,204,2026-09-02 09:00:05.797,NULL,[LinkedFillingId],NULL,NULL,[LinkedFillingId],linkedfillingid,1,IX_tblComplianceStatements_LinkedFillingId,"CREATE NONCLUSTERED INDEX [IX_tblComplianceStatements_LinkedFillingId] ON [activist_insight].[dbo].[tblComplianceStatements] ([LinkedFillingId]); -- Enterprise/Developer: append WITH (ONLINE = ON, MAXDOP = 0)"
activist_insight,2026-05-10 01:35:21.070,29,dbo,tblV2a_alerts,227350.71,95.79,0.576081847406192,411995,0,33,2026-09-02 09:00:34.143,NULL,[user_id],NULL,NULL,[user_id],user_id,1,IX_tblV2a_alerts_user_id,"CREATE NONCLUSTERED INDEX [IX_tblV2a_alerts_user_id] ON [activist_insight].[dbo].[tblV2a_alerts] ([user_id]); -- Enterprise/Developer: append WITH (ONLINE = ON, MAXDOP = 0)"
activist_insight,2026-05-10 01:35:21.070,235,dbo,tblCampaign_Characteristic_Link,224757.68,82.89,1.31378334865359,206390,0,784,2026-09-02 08:53:30.920,NULL,[campaign_summary_id],NULL,[characteristic_id],[campaign_summary_id],campaign_summary_id,1,IX_tblCampaign_Characteristic_Link_campaign_summary_id,"CREATE NONCLUSTERED INDEX [IX_tblCampaign_Characteristic_Link_campaign_summary_id] ON [activist_insight].[dbo].[tblCampaign_Characteristic_Link] ([campaign_summary_id]) INCLUDE ([characteristic_id]); -- Enterprise/Developer: append WITH (ONLINE = ON, MAXDOP = 0)"
activist_insight,2026-05-10 01:35:21.070,3,dbo,tblDividend,214151.14,94.15,5.38195115770169,42263,0,34,2026-09-02 08:57:37.437,NULL,[symbol],NULL,NULL,[symbol],symbol,1,IX_tblDividend_symbol,"CREATE NONCLUSTERED INDEX [IX_tblDividend_symbol] ON [activist_insight].[dbo].[tblDividend] ([symbol]); -- Enterprise/Developer: append WITH (ONLINE = ON, MAXDOP = 0)"
activist_insight,2026-05-10 01:35:21.070,4084,dbo,tbladditional_filings,212657.99,98.39,3.70657512678246,58312,0,254,2026-09-02 08:59:55.130,NULL,"[PID], [additional_filing_type]",NULL,"[filing_date], [filing_url], [completed], [completed_date]","[PID], [additional_filing_type]","pid, additional_filing_type",2,IX_tbladditional_filings_PID_additional_filing_type,"CREATE NONCLUSTERED INDEX [IX_tbladditional_filings_PID_additional_filing_type] ON [activist_insight].[dbo].[tbladditional_filings] ([PID], [additional_filing_type]) INCLUDE ([filing_date], [filing_url], [completed], [completed_date]); -- Enterprise/Developer: append WITH (ONLINE = ON, MAXDOP = 0)"
activist_insight,2026-05-10 01:35:21.070,6087,dbo,tblproxy_statement_director_skills,196203.73,99.55,4.5948299103032,42894,0,8,2026-09-02 08:59:57.647,NULL,[pid],NULL,"[scraped_filling_id], [director_skill_id], [additional_filing_id]",[pid],pid,1,IX_tblproxy_statement_director_skills_pid,"CREATE NONCLUSTERED INDEX [IX_tblproxy_statement_director_skills_pid] ON [activist_insight].[dbo].[tblproxy_statement_director_skills] ([pid]) INCLUDE ([scraped_filling_id], [director_skill_id], [additional_filing_id]); -- Enterprise/Developer: append WITH (ONLINE = ON, MAXDOP = 0)"
activist_insight,2026-05-10 01:35:21.070,4087,dbo,tbladditional_filings,196058.53,99.25,3.70765371328855,53279,0,34,2026-09-02 08:59:55.170,NULL,[PID],[additional_filing_type],NULL,"[PID], [additional_filing_type]","pid, additional_filing_type",2,IX_tbladditional_filings_PID_additional_filing_type,"CREATE NONCLUSTERED INDEX [IX_tbladditional_filings_PID_additional_filing_type] ON [activist_insight].[dbo].[tbladditional_filings] ([PID], [additional_filing_type]); -- Enterprise/Developer: append WITH (ONLINE = ON, MAXDOP = 0)"
activist_insight,2026-05-10 01:35:21.070,133,dbo,tblIntermediary_Link,179220.49,29.41,8.24497650989282,73910,0,229,2026-09-02 08:57:15.353,NULL,[intermediary_id],NULL,[campaign_id],[intermediary_id],intermediary_id,1,IX_tblIntermediary_Link_intermediary_id,"CREATE NONCLUSTERED INDEX [IX_tblIntermediary_Link_intermediary_id] ON [activist_insight].[dbo].[tblIntermediary_Link] ([intermediary_id]) INCLUDE ([campaign_id]); -- Enterprise/Developer: append WITH (ONLINE = ON, MAXDOP = 0)"
activist_insight,2026-05-10 01:35:21.070,5145,dbo,tblCompany,148795.55,89.71,4.01459110417433,41315,0,28,2026-09-02 08:54:42.770,NULL,[investor_id],NULL,"[website], [about]",[investor_id],investor_id,1,IX_tblCompany_investor_id,"CREATE NONCLUSTERED INDEX [IX_tblCompany_investor_id] ON [activist_insight].[dbo].[tblCompany] ([investor_id]) INCLUDE ([website], [about]); -- Enterprise/Developer: append WITH (ONLINE = ON, MAXDOP = 0)"
activist_insight,2026-05-10 01:35:21.070,10,dbo,tblall_holdings_data,145215.31,34.63,6.86543423268891,61079,0,11238,2026-09-02 08:57:37.887,NULL,[source],NULL,"[pcent_held], [holding_date]",[source],source,1,IX_tblall_holdings_data_source,"CREATE NONCLUSTERED INDEX [IX_tblall_holdings_data_source] ON [activist_insight].[dbo].[tblall_holdings_data] ([source]) INCLUDE ([pcent_held], [holding_date]); -- Enterprise/Developer: append WITH (ONLINE = ON, MAXDOP = 0)"
activist_insight,2026-05-10 01:35:21.070,328,dbo,tblGroup_joint_demands_calculated,131542.17,39.89,2.51253191745412,131247,0,2368,2026-09-02 08:56:52.720,NULL,[campaign_summary_id],NULL,NULL,[campaign_summary_id],campaign_summary_id,1,IX_tblGroup_joint_demands_calculated_campaign_summary_id,"CREATE NONCLUSTERED INDEX [IX_tblGroup_joint_demands_calculated_campaign_summary_id] ON [activist_insight].[dbo].[tblGroup_joint_demands_calculated] ([campaign_summary_id]); -- Enterprise/Developer: append WITH (ONLINE = ON, MAXDOP = 0)"
activist_insight,2026-05-10 01:35:21.070,1324,dbo,tblV2a_processed_news_triggers,121428.07,10.36,1.35523317090329,864859,0,58,2026-09-02 09:00:29.193,NULL,[table_id],NULL,NULL,[table_id],table_id,1,IX_tblV2a_processed_news_triggers_table_id,"CREATE NONCLUSTERED INDEX [IX_tblV2a_processed_news_triggers_table_id] ON [activist_insight].[dbo].[tblV2a_processed_news_triggers] ([table_id]); -- Enterprise/Developer: append WITH (ONLINE = ON, MAXDOP = 0)"
activist_insight,2026-05-10 01:35:21.070,1304,dbo,tblV3a_alert_inbox_event_elements,118947.19,39.03,0.0924010310808012,3298214,0,376,2026-09-02 09:00:34.467,NULL,"[element_type], [element_table_id]",NULL,NULL,"[element_type], [element_table_id]","element_type, element_table_id",2,IX_tblV3a_alert_inbox_event_elements_element_type_element_table_id,"CREATE NONCLUSTERED INDEX [IX_tblV3a_alert_inbox_event_elements_element_type_element_table_id] ON [activist_insight].[dbo].[tblV3a_alert_inbox_event_elements] ([element_type], [element_table_id]); -- Enterprise/Developer: append WITH (ONLINE = ON, MAXDOP = 0)"
activist_insight,2026-05-10 01:35:21.070,131,dbo,tblIntermediary_Link,116233.63,19.08,8.33526175821423,73086,0,221,2026-09-02 08:57:15.353,NULL,[intermediary_id],NULL,"[activist_id], [company_id]",[intermediary_id],intermediary_id,1,IX_tblIntermediary_Link_intermediary_id,"CREATE NONCLUSTERED INDEX [IX_tblIntermediary_Link_intermediary_id] ON [activist_insight].[dbo].[tblIntermediary_Link] ([intermediary_id]) INCLUDE ([activist_id], [company_id]); -- Enterprise/Developer: append WITH (ONLINE = ON, MAXDOP = 0)"
activist_insight,2026-05-10 01:35:21.070,1138,dbo,tblFundamental_warnings,109954.22,73.67,0.326667392974519,456894,0,604,2026-09-02 09:00:25.987,NULL,[pid],NULL,[peer_or_sp500],[pid],pid,1,IX_tblFundamental_warnings_pid,"CREATE NONCLUSTERED INDEX [IX_tblFundamental_warnings_pid] ON [activist_insight].[dbo].[tblFundamental_warnings] ([pid]) INCLUDE ([peer_or_sp500]); -- Enterprise/Developer: append WITH (ONLINE = ON, MAXDOP = 0)"
activist_insight,2026-05-10 01:35:21.070,2424601,dbo,tblReporting_votes,94899.09,93.9,7774.15313753612,13,0,7,2026-09-01 20:46:39.993,NULL,NULL,[reporting_votes_id],[source],[reporting_votes_id],reporting_votes_id,1,IX_tblReporting_votes_reporting_votes_id,"CREATE NONCLUSTERED INDEX [IX_tblReporting_votes_reporting_votes_id] ON [activist_insight].[dbo].[tblReporting_votes] ([reporting_votes_id]) INCLUDE ([source]); -- Enterprise/Developer: append WITH (ONLINE = ON, MAXDOP = 0)"
activist_insight,2026-05-10 01:35:21.070,1328,dbo,tblScraped_filings_raw_sets,81733.25,72.48,0.628324334760623,179472,0,294,2026-09-02 09:00:20.263,NULL,"[prune_done], [import_done]",NULL,[title],"[prune_done], [import_done]","prune_done, import_done",2,IX_tblScraped_filings_raw_sets_prune_done_import_done,"CREATE NONCLUSTERED INDEX [IX_tblScraped_filings_raw_sets_prune_done_import_done] ON [activist_insight].[dbo].[tblScraped_filings_raw_sets] ([prune_done], [import_done]) INCLUDE ([title]); -- Enterprise/Developer: append WITH (ONLINE = ON, MAXDOP = 0)"
activist_insight,2026-05-10 01:35:21.070,225795,dbo,tblinvestor_search,80522.66,98.85,0.336786020215455,241873,0,105,2026-09-02 09:00:32.827,NULL,"[is_saved], [user_id]",NULL,NULL,"[is_saved], [user_id]","is_saved, user_id",2,IX_tblinvestor_search_is_saved_user_id,"CREATE NONCLUSTERED INDEX [IX_tblinvestor_search_is_saved_user_id] ON [activist_insight].[dbo].[tblinvestor_search] ([is_saved], [user_id]); -- Enterprise/Developer: append WITH (ONLINE = ON, MAXDOP = 0)"
activist_insight,2026-05-10 01:35:21.070,4068,dbo,tblCompany,78426.15,27.67,1.99375259078455,142161,0,475,2026-09-02 09:00:30.077,NULL,NULL,[name],NULL,[name],name,1,IX_tblCompany_name,"CREATE NONCLUSTERED INDEX [IX_tblCompany_name] ON [activist_insight].[dbo].[tblCompany] ([name]); -- Enterprise/Developer: append WITH (ONLINE = ON, MAXDOP = 0)"
activist_insight,2026-05-10 01:35:21.070,347,dbo,tblCampaign_Characteristic_Link,70843.13,90.61,1.16188896727851,67291,0,66,2026-09-02 08:53:15.237,NULL,[characteristic_id],NULL,[campaign_summary_id],[characteristic_id],characteristic_id,1,IX_tblCampaign_Characteristic_Link_characteristic_id,"CREATE NONCLUSTERED INDEX [IX_tblCampaign_Characteristic_Link_characteristic_id] ON [activist_insight].[dbo].[tblCampaign_Characteristic_Link] ([characteristic_id]) INCLUDE ([campaign_summary_id]); -- Enterprise/Developer: append WITH (ONLINE = ON, MAXDOP = 0)"
activist_insight,2026-05-10 01:35:21.070,948897,dbo,tblnotified_shorts,61934.57,60.85,0.0322037196816982,3160578,0,890,2026-09-02 06:45:57.840,NULL,"[Investor], [Position_date]",NULL,"[Issuer], [ISIN], [Net_position], [number_shares]","[Investor], [Position_date]","investor, position_date",2,IX_tblnotified_shorts_Investor_Position_date,"CREATE NONCLUSTERED INDEX [IX_tblnotified_shorts_Investor_Position_date] ON [activist_insight].[dbo].[tblnotified_shorts] ([Investor], [Position_date]) INCLUDE ([Issuer], [ISIN], [Net_position], [number_shares]); -- Enterprise/Developer: append WITH (ONLINE = ON, MAXDOP = 0)"
activist_insight,2026-05-10 01:35:21.070,4057,dbo,tblPublic_Company,55082.32,56.43,0.101893111195416,957982,0,63,2026-09-02 09:00:35.373,NULL,[company_id],NULL,"[ISIN_code], [CUSIP], [symbol], [CIK], [Canadian_ID], [ADR]",[company_id],company_id,1,IX_tblPublic_Company_company_id,"CREATE NONCLUSTERED INDEX [IX_tblPublic_Company_company_id] ON [activist_insight].[dbo].[tblPublic_Company] ([company_id]) INCLUDE ([ISIN_code], [CUSIP], [symbol], [CIK], [Canadian_ID], [ADR]); -- Enterprise/Developer: append WITH (ONLINE = ON, MAXDOP = 0)"
activist_insight,2026-05-10 01:35:21.070,4059,dbo,tblPublic_Company,54584.50,55.92,0.101893111195416,957982,0,63,2026-09-02 09:00:35.373,NULL,[company_id],NULL,NULL,[company_id],company_id,1,IX_tblPublic_Company_company_id,"CREATE NONCLUSTERED INDEX [IX_tblPublic_Company_company_id] ON [activist_insight].[dbo].[tblPublic_Company] ([company_id]); -- Enterprise/Developer: append WITH (ONLINE = ON, MAXDOP = 0)"
activist_insight,2026-05-10 01:35:21.070,1081,dbo,tmpVulScoreCalcs,52948.63,86.11,0.115351102239233,533064,0,533031,2026-09-02 09:00:08.877,NULL,NULL,[ROAE_Val],[PeerGroup],[ROAE_Val],roae_val,1,IX_tmpVulScoreCalcs_ROAE_Val,"CREATE NONCLUSTERED INDEX [IX_tmpVulScoreCalcs_ROAE_Val] ON [activist_insight].[dbo].[tmpVulScoreCalcs] ([ROAE_Val]) INCLUDE ([PeerGroup]); -- Enterprise/Developer: append WITH (ONLINE = ON, MAXDOP = 0)"
activist_insight,2026-05-10 01:35:21.070,1085,dbo,tmpVulScoreCalcs,52946.32,86.13,0.11532058901209,533058,0,533025,2026-09-02 09:00:10.220,NULL,NULL,[TSR1_Val],[PeerGroup],[TSR1_Val],tsr1_val,1,IX_tmpVulScoreCalcs_TSR1_Val,"CREATE NONCLUSTERED INDEX [IX_tmpVulScoreCalcs_TSR1_Val] ON [activist_insight].[dbo].[tmpVulScoreCalcs] ([TSR1_Val]) INCLUDE ([PeerGroup]); -- Enterprise/Developer: append WITH (ONLINE = ON, MAXDOP = 0)"
activist_insight,2026-05-10 01:35:21.070,943502,dbo,tblnotified_shorts,51389.21,81.82,83.9674356600353,748,0,191,2026-09-02 08:57:49.697,NULL,[is_current],NULL,"[Issuer], [ISIN], [Investor], [Investor_id], [Net_position], [number_shares]",[is_current],is_current,1,IX_tblnotified_shorts_is_current,"CREATE NONCLUSTERED INDEX [IX_tblnotified_shorts_is_current] ON [activist_insight].[dbo].[tblnotified_shorts] ([is_current]) INCLUDE ([Issuer], [ISIN], [Investor], [Investor_id], [Net_position], [number_shares]); -- Enterprise/Developer: append WITH (ONLINE = ON, MAXDOP = 0)"
activist_insight,2026-05-10 01:35:21.070,6081,dbo,tblcommittee_membership,50553.59,96.61,5.5145427622039,9489,0,1168,2026-09-02 08:59:57.440,NULL,[pid],NULL,"[director_id], [committee_summary_id]",[pid],pid,1,IX_tblcommittee_membership_pid,"CREATE NONCLUSTERED INDEX [IX_tblcommittee_membership_pid] ON [activist_insight].[dbo].[tblcommittee_membership] ([pid]) INCLUDE ([director_id], [committee_summary_id]); -- Enterprise/Developer: append WITH (ONLINE = ON, MAXDOP = 0)"
activist_insight,2026-05-10 01:35:21.070,23,dbo,tblVulnerability_scores_historic,48753.74,99.36,9.71831457209907,5049,0,28,2026-09-02 08:46:00.720,NULL,[pid],NULL,"[vulnerability_score_id], [score_as_at], [unchanged_as_at], [current_score], [prob], [score], [prank], [Insert_date]",[pid],pid,1,IX_tblVulnerability_scores_historic_pid,"CREATE NONCLUSTERED INDEX [IX_tblVulnerability_scores_historic_pid] ON [activist_insight].[dbo].[tblVulnerability_scores_historic] ([pid]) INCLUDE ([vulnerability_score_id], [score_as_at], [unchanged_as_at], [current_score], [prob], [score], [prank], [Insert_date]); -- Enterprise/Developer: append WITH (ONLINE = ON, MAXDOP = 0)"
activist_insight,2026-05-10 01:35:21.070,1136,dbo,tmpVulScoreCalcs,37778.55,25.17,0.415623158438161,361129,0,361133,2026-09-02 09:00:34.243,NULL,[Is_calc],NULL,NULL,[Is_calc],is_calc,1,IX_tmpVulScoreCalcs_Is_calc,"CREATE NONCLUSTERED INDEX [IX_tmpVulScoreCalcs_Is_calc] ON [activist_insight].[dbo].[tmpVulScoreCalcs] ([Is_calc]); -- Enterprise/Developer: append WITH (ONLINE = ON, MAXDOP = 0)"
activist_insight,2026-05-10 01:35:21.070,14,dbo,tblActivism_Summary,35526.78,98.31,1.80290877499575,20044,0,39,2026-09-02 08:57:08.590,NULL,[company_id],[product],NULL,"[company_id], [product]","company_id, product",2,IX_tblActivism_Summary_company_id_product,"CREATE NONCLUSTERED INDEX [IX_tblActivism_Summary_company_id_product] ON [activist_insight].[dbo].[tblActivism_Summary] ([company_id], [product]); -- Enterprise/Developer: append WITH (ONLINE = ON, MAXDOP = 0)"
activist_insight,2026-05-10 01:35:21.070,903564,dbo,tblMarket_caps_generated,34527.19,15.65,5.20369442304327,42397,0,251,2026-09-02 08:59:54.350,NULL,NULL,[market_cap_USD],NULL,[market_cap_USD],market_cap_usd,1,IX_tblMarket_caps_generated_market_cap_USD,"CREATE NONCLUSTERED INDEX [IX_tblMarket_caps_generated_market_cap_USD] ON [activist_insight].[dbo].[tblMarket_caps_generated] ([market_cap_USD]); -- Enterprise/Developer: append WITH (ONLINE = ON, MAXDOP = 0)"
activist_insight,2026-05-10 01:35:21.070,247,dbo,tblIntermediary_Link,31108.49,55.35,0.788220043939962,71304,0,202,2026-09-02 08:53:31.107,NULL,[campaign_id],NULL,"[intermediary_id], [acting_for]",[campaign_id],campaign_id,1,IX_tblIntermediary_Link_campaign_id,"CREATE NONCLUSTERED INDEX [IX_tblIntermediary_Link_campaign_id] ON [activist_insight].[dbo].[tblIntermediary_Link] ([campaign_id]) INCLUDE ([intermediary_id], [acting_for]); -- Enterprise/Developer: append WITH (ONLINE = ON, MAXDOP = 0)"
activist_insight,2026-05-10 01:35:21.070,221,dbo,tblActivism_Summary,30752.02,48.8,3.64046451443137,17310,0,33,2026-09-02 08:53:49.137,NULL,[activist_id],[product],NULL,"[activist_id], [product]","activist_id, product",2,IX_tblActivism_Summary_activist_id_product,"CREATE NONCLUSTERED INDEX [IX_tblActivism_Summary_activist_id_product] ON [activist_insight].[dbo].[tblActivism_Summary] ([activist_id], [product]); -- Enterprise/Developer: append WITH (ONLINE = ON, MAXDOP = 0)"
activist_insight,2026-05-10 01:35:21.070,219,dbo,tblActivism_Summary,29768.97,47.24,3.64046451443137,17310,0,33,2026-09-02 08:53:49.137,NULL,[activist_id],NULL,NULL,[activist_id],activist_id,1,IX_tblActivism_Summary_activist_id,"CREATE NONCLUSTERED INDEX [IX_tblActivism_Summary_activist_id] ON [activist_insight].[dbo].[tblActivism_Summary] ([activist_id]); -- Enterprise/Developer: append WITH (ONLINE = ON, MAXDOP = 0)"
activist_insight,2026-05-10 01:35:21.070,1578,dbo,tblFiling,28754.51,22.2,11.4320229339711,11330,0,20,2026-08-19 18:56:16.197,NULL,[proxy_statement_id],NULL,NULL,[proxy_statement_id],proxy_statement_id,1,IX_tblFiling_proxy_statement_id,"CREATE NONCLUSTERED INDEX [IX_tblFiling_proxy_statement_id] ON [activist_insight].[dbo].[tblFiling] ([proxy_statement_id]); -- Enterprise/Developer: append WITH (ONLINE = ON, MAXDOP = 0)"
activist_insight,2026-05-10 01:35:21.070,113615,dbo,tbldirector_skills_members,27522.18,99.41,7.23993791306709,3824,0,12,2026-08-24 16:06:09.940,NULL,[director_id],NULL,NULL,[director_id],director_id,1,IX_tbldirector_skills_members_director_id,"CREATE NONCLUSTERED INDEX [IX_tbldirector_skills_members_director_id] ON [activist_insight].[dbo].[tbldirector_skills_members] ([director_id]); -- Enterprise/Developer: append WITH (ONLINE = ON, MAXDOP = 0)"
activist_insight,2026-05-10 01:35:21.070,137,dbo,tbl13d_data,26602.86,41.78,0.59664791761877,106719,0,39,2026-09-02 08:57:37.353,NULL,[company_id],NULL,NULL,[company_id],company_id,1,IX_tbl13d_data_company_id,"CREATE NONCLUSTERED INDEX [IX_tbl13d_data_company_id] ON [activist_insight].[dbo].[tbl13d_data] ([company_id]); -- Enterprise/Developer: append WITH (ONLINE = ON, MAXDOP = 0)"
activist_insight,2026-05-10 01:35:21.070,1093,dbo,tmpVulScoreCalcs,25871.67,7.44,0.903333843086601,384949,0,384944,2026-09-02 09:00:28.870,NULL,[Is_calc],NULL,"[CompanyName], [Prob], [Score], [OldScore]",[Is_calc],is_calc,1,IX_tmpVulScoreCalcs_Is_calc,"CREATE NONCLUSTERED INDEX [IX_tmpVulScoreCalcs_Is_calc] ON [activist_insight].[dbo].[tmpVulScoreCalcs] ([Is_calc]) INCLUDE ([CompanyName], [Prob], [Score], [OldScore]); -- Enterprise/Developer: append WITH (ONLINE = ON, MAXDOP = 0)"
activist_insight,2026-05-10 01:35:21.070,135,dbo,tblComplianceStatements,25764.89,88.15,0.27366190836785,106805,0,122,2026-09-02 08:57:37.413,NULL,[pid],NULL,NULL,[pid],pid,1,IX_tblComplianceStatements_pid,"CREATE NONCLUSTERED INDEX [IX_tblComplianceStatements_pid] ON [activist_insight].[dbo].[tblComplianceStatements] ([pid]); -- Enterprise/Developer: append WITH (ONLINE = ON, MAXDOP = 0)"
activist_insight,2026-05-10 01:35:21.070,6083,dbo,tbldirector_skills,25540.86,99.13,1.75022168330784,14721,0,16,2026-09-02 08:59:57.530,NULL,[pid],NULL,NULL,[pid],pid,1,IX_tbldirector_skills_pid,"CREATE NONCLUSTERED INDEX [IX_tbldirector_skills_pid] ON [activist_insight].[dbo].[tbldirector_skills] ([pid]); -- Enterprise/Developer: append WITH (ONLINE = ON, MAXDOP = 0)"
activist_insight,2026-05-10 01:35:21.070,1330,dbo,tblScraped_filings_raw_sets,24779.46,15.52,4.42447111332728,36086,0,1546,2026-09-02 00:21:53.603,NULL,NULL,[created],NULL,[created],created,1,IX_tblScraped_filings_raw_sets_created,"CREATE NONCLUSTERED INDEX [IX_tblScraped_filings_raw_sets_created] ON [activist_insight].[dbo].[tblScraped_filings_raw_sets] ([created]); -- Enterprise/Developer: append WITH (ONLINE = ON, MAXDOP = 0)"
activist_insight,2026-05-10 01:35:21.070,64,dbo,tblDashboard,24476.98,95.34,0.0829859353026303,309370,0,79,2026-09-02 08:56:51.007,NULL,[user_id],NULL,NULL,[user_id],user_id,1,IX_tblDashboard_user_id,"CREATE NONCLUSTERED INDEX [IX_tblDashboard_user_id] ON [activist_insight].[dbo].[tblDashboard] ([user_id]); -- Enterprise/Developer: append WITH (ONLINE = ON, MAXDOP = 0)"
activist_insight,2026-05-10 01:35:21.070,7077,dbo,tblDashboard_widget_link_audit,23195.49,35.78,11.6555364437969,5562,0,69,2026-09-01 21:50:16.180,NULL,[dashboard_id],NULL,"[audit_date], [insert_by], [update_by]",[dashboard_id],dashboard_id,1,IX_tblDashboard_widget_link_audit_dashboard_id,"CREATE NONCLUSTERED INDEX [IX_tblDashboard_widget_link_audit_dashboard_id] ON [activist_insight].[dbo].[tblDashboard_widget_link_audit] ([dashboard_id]) INCLUDE ([audit_date], [insert_by], [update_by]); -- Enterprise/Developer: append WITH (ONLINE = ON, MAXDOP = 0)"
activist_insight,2026-05-10 01:35:21.070,890,dbo,tblActivism_Summary,22714.80,98.56,1.74002804452088,13245,0,57,2026-09-02 08:57:59.617,NULL,[company_id],NULL,NULL,[company_id],company_id,1,IX_tblActivism_Summary_company_id,"CREATE NONCLUSTERED INDEX [IX_tblActivism_Summary_company_id] ON [activist_insight].[dbo].[tblActivism_Summary] ([company_id]); -- Enterprise/Developer: append WITH (ONLINE = ON, MAXDOP = 0)"
activist_insight,2026-05-10 01:35:21.070,7145,dbo,tblCompany,22146.32,99.1,0.796927668063749,28042,0,29,2026-09-02 08:57:24.347,NULL,[name],[company_id],NULL,"[name], [company_id]","name, company_id",2,IX_tblCompany_name_company_id,"CREATE NONCLUSTERED INDEX [IX_tblCompany_name_company_id] ON [activist_insight].[dbo].[tblCompany] ([name], [company_id]); -- Enterprise/Developer: append WITH (ONLINE = ON, MAXDOP = 0)"
activist_insight,2026-05-10 01:35:21.070,161939,dbo,tblActivism_Summary,21267.37,48.81,3.55513686324724,12256,0,18,2026-09-02 08:53:49.137,NULL,"[activist_id], [company_id]",NULL,NULL,"[activist_id], [company_id]","activist_id, company_id",2,IX_tblActivism_Summary_activist_id_company_id,"CREATE NONCLUSTERED INDEX [IX_tblActivism_Summary_activist_id_company_id] ON [activist_insight].[dbo].[tblActivism_Summary] ([activist_id], [company_id]); -- Enterprise/Developer: append WITH (ONLINE = ON, MAXDOP = 0)"
activist_insight,2026-05-10 01:35:21.070,160076,dbo,tblNews_Activism_type,21257.02,22.91,1.91380132942161,48482,0,935,2026-09-02 08:56:48.910,NULL,[activism_type_id],NULL,[news_id],[activism_type_id],activism_type_id,1,IX_tblNews_Activism_type_activism_type_id,"CREATE NONCLUSTERED INDEX [IX_tblNews_Activism_type_activism_type_id] ON [activist_insight].[dbo].[tblNews_Activism_type] ([activism_type_id]) INCLUDE ([news_id]); -- Enterprise/Developer: append WITH (ONLINE = ON, MAXDOP = 0)"
activist_insight,2026-05-10 01:35:21.070,536,dbo,stgCompensationEMEA_OutstandingAwards,20398.83,80.16,109.688137367791,232,0,267,2026-09-02 02:44:02.617,NULL,"[import_id], [Filing_id], [status]",NULL,"[PID], [year]","[import_id], [Filing_id], [status]","import_id, filing_id, status",3,IX_stgCompensationEMEA_OutstandingAwards_import_id_Filing_id_status,"CREATE NONCLUSTERED INDEX [IX_stgCompensationEMEA_OutstandingAwards_import_id_Filing_id_status] ON [activist_insight].[dbo].[stgCompensationEMEA_OutstandingAwards] ([import_id], [Filing_id], [status]) INCLUDE ([PID], [year]); -- Enterprise/Developer: append WITH (ONLINE = ON, MAXDOP = 0)"
activist_insight,2026-05-10 01:35:21.070,139,dbo,tblNotified_stakes,20267.33,31.83,0.59664791761877,106719,0,39,2026-09-02 08:57:37.353,NULL,[company_id],NULL,NULL,[company_id],company_id,1,IX_tblNotified_stakes_company_id,"CREATE NONCLUSTERED INDEX [IX_tblNotified_stakes_company_id] ON [activist_insight].[dbo].[tblNotified_stakes] ([company_id]); -- Enterprise/Developer: append WITH (ONLINE = ON, MAXDOP = 0)"
activist_insight,2026-05-10 01:35:21.070,215,dbo,tblMarket_caps_generated,17508.23,73.41,1.26410768443621,18867,0,502,2026-09-02 09:00:28.417,NULL,[company_id],NULL,[market_cap_USD],[company_id],company_id,1,IX_tblMarket_caps_generated_company_id,"CREATE NONCLUSTERED INDEX [IX_tblMarket_caps_generated_company_id] ON [activist_insight].[dbo].[tblMarket_caps_generated] ([company_id]) INCLUDE ([market_cap_USD]); -- Enterprise/Developer: append WITH (ONLINE = ON, MAXDOP = 0)"
activist_insight,2026-05-10 01:35:21.070,1815983,dbo,tblDirector_appointments,17198.16,73.15,63.3714636300826,371,0,36,2026-09-02 09:00:18.950,NULL,NULL,[typeNo],"[Director_id], [Director_end_date], [PID], [end_date_tbc]",[typeNo],typeno,1,IX_tblDirector_appointments_typeNo,"CREATE NONCLUSTERED INDEX [IX_tblDirector_appointments_typeNo] ON [activist_insight].[dbo].[tblDirector_appointments] ([typeNo]) INCLUDE ([Director_id], [Director_end_date], [PID], [end_date_tbc]); -- Enterprise/Developer: append WITH (ONLINE = ON, MAXDOP = 0)"
activist_insight,2026-05-10 01:35:21.070,113617,dbo,tblcommittee_membership,15596.80,98.97,4.13299675254827,3813,0,13,2026-08-24 16:06:09.967,NULL,[director_id],NULL,NULL,[director_id],director_id,1,IX_tblcommittee_membership_director_id,"CREATE NONCLUSTERED INDEX [IX_tblcommittee_membership_director_id] ON [activist_insight].[dbo].[tblcommittee_membership] ([director_id]); -- Enterprise/Developer: append WITH (ONLINE = ON, MAXDOP = 0)"
activist_insight,2026-05-10 01:35:21.070,56,dbo,tblWp_gf_entry,13503.55,52.45,2.40298419252054,10714,0,10714,2026-05-22 11:25:19.510,NULL,[From_Server],NULL,[id],[From_Server],from_server,1,IX_tblWp_gf_entry_From_Server,"CREATE NONCLUSTERED INDEX [IX_tblWp_gf_entry_From_Server] ON [activist_insight].[dbo].[tblWp_gf_entry] ([From_Server]) INCLUDE ([id]); -- Enterprise/Developer: append WITH (ONLINE = ON, MAXDOP = 0)"
activist_insight,2026-05-10 01:35:21.070,1671347,dbo,tblV3a_alert_inbox_event_links,12993.51,99.51,146.713394915776,89,0,4,2026-08-26 13:41:49.877,NULL,[alert_inbox_event_id],NULL,[alert_inbox_id],[alert_inbox_event_id],alert_inbox_event_id,1,IX_tblV3a_alert_inbox_event_links_alert_inbox_event_id,"CREATE NONCLUSTERED INDEX [IX_tblV3a_alert_inbox_event_links_alert_inbox_event_id] ON [activist_insight].[dbo].[tblV3a_alert_inbox_event_links] ([alert_inbox_event_id]) INCLUDE ([alert_inbox_id]); -- Enterprise/Developer: append WITH (ONLINE = ON, MAXDOP = 0)"
activist_insight,2026-05-10 01:35:21.070,2361554,dbo,tblCommittee_summary,12249.90,98.97,2.09502080023855,5908,0,13,2026-09-02 08:59:57.767,NULL,[pid],NULL,NULL,[pid],pid,1,IX_tblCommittee_summary_pid,"CREATE NONCLUSTERED INDEX [IX_tblCommittee_summary_pid] ON [activist_insight].[dbo].[tblCommittee_summary] ([pid]); -- Enterprise/Developer: append WITH (ONLINE = ON, MAXDOP = 0)"
activist_insight,2026-05-10 01:35:21.070,345,dbo,tblCampaign_Strategy_Selected,11906.51,13.69,1.55825295107927,55814,0,204,2026-09-02 08:53:15.190,NULL,[campaign_id],NULL,[strategy_id],[campaign_id],campaign_id,1,IX_tblCampaign_Strategy_Selected_campaign_id,"CREATE NONCLUSTERED INDEX [IX_tblCampaign_Strategy_Selected_campaign_id] ON [activist_insight].[dbo].[tblCampaign_Strategy_Selected] ([campaign_id]) INCLUDE ([strategy_id]); -- Enterprise/Developer: append WITH (ONLINE = ON, MAXDOP = 0)"
activist_insight,2026-05-10 01:35:21.070,2424448,dbo,tbluser_news_log,11197.21,84.33,17.0010793980933,781,0,94,2026-09-02 08:51:29.383,NULL,[news_id],NULL,"[user_id], [datetime_view]",[news_id],news_id,1,IX_tbluser_news_log_news_id,"CREATE NONCLUSTERED INDEX [IX_tbluser_news_log_news_id] ON [activist_insight].[dbo].[tbluser_news_log] ([news_id]) INCLUDE ([user_id], [datetime_view]); -- Enterprise/Developer: append WITH (ONLINE = ON, MAXDOP = 0)"
activist_insight,2026-05-10 01:35:21.070,147,dbo,tblNews_investor_link,11151.35,21.29,0.648664428594869,80748,0,197,2026-09-02 08:59:25.293,NULL,[news_id],NULL,NULL,[news_id],news_id,1,IX_tblNews_investor_link_news_id,"CREATE NONCLUSTERED INDEX [IX_tblNews_investor_link_news_id] ON [activist_insight].[dbo].[tblNews_investor_link] ([news_id]); -- Enterprise/Developer: append WITH (ONLINE = ON, MAXDOP = 0)"
activist_insight,2026-05-10 01:35:21.070,1647228,dbo,tblClarity_CompanyMetrics,11140.17,95.65,247.80436599646,47,0,9,2026-09-02 08:59:54.347,NULL,[RAW_METRIC_ID],NULL,"[PID], [SCORE], [META], [RELEVANCE], [PERCENTILE]",[RAW_METRIC_ID],raw_metric_id,1,IX_tblClarity_CompanyMetrics_RAW_METRIC_ID,"CREATE NONCLUSTERED INDEX [IX_tblClarity_CompanyMetrics_RAW_METRIC_ID] ON [activist_insight].[dbo].[tblClarity_CompanyMetrics] ([RAW_METRIC_ID]) INCLUDE ([PID], [SCORE], [META], [RELEVANCE], [PERCENTILE]); -- Enterprise/Developer: append WITH (ONLINE = ON, MAXDOP = 0)"
activist_insight,2026-05-10 01:35:21.070,977,dbo,tblStock_values,10866.75,99.8,93.8666229679653,116,0,88,2026-09-02 05:32:52.630,NULL,[date],[csi_number],[close_value],"[date], [csi_number]","date, csi_number",2,IX_tblStock_values_date_csi_number,"CREATE NONCLUSTERED INDEX [IX_tblStock_values_date_csi_number] ON [activist_insight].[dbo].[tblStock_values] ([date], [csi_number]) INCLUDE ([close_value]); -- Enterprise/Developer: append WITH (ONLINE = ON, MAXDOP = 0)"
activist_insight,2026-05-10 01:35:21.070,595671,dbo,tblleven_request,10703.94,98.65,0.286071819865731,37929,0,156,2026-09-02 02:06:23.463,NULL,"[leven_request_id], [match_completed]",NULL,NULL,"[leven_request_id], [match_completed]","leven_request_id, match_completed",2,IX_tblleven_request_leven_request_id_match_completed,"CREATE NONCLUSTERED INDEX [IX_tblleven_request_leven_request_id_match_completed] ON [activist_insight].[dbo].[tblleven_request] ([leven_request_id], [match_completed]); -- Enterprise/Developer: append WITH (ONLINE = ON, MAXDOP = 0)"
activist_insight,2026-05-10 01:35:21.070,560,dbo,stgCompensationEMEA_OutstandingAwards,10229.59,96.34,91.5363309367792,116,0,116,2026-09-02 02:44:02.617,NULL,"[import_id], [PID], [Filing_id], [year], [status]",NULL,NULL,"[import_id], [PID], [Filing_id], [year], [status]","import_id, pid, filing_id, year, status",5,IX_stgCompensationEMEA_OutstandingAwards_import_id_PID_Filing_id_year_status,"CREATE NONCLUSTERED INDEX [IX_stgCompensationEMEA_OutstandingAwards_import_id_PID_Filing_id_year_status] ON [activist_insight].[dbo].[stgCompensationEMEA_OutstandingAwards] ([import_id], [PID], [Filing_id], [year], [status]); -- Enterprise/Developer: append WITH (ONLINE = ON, MAXDOP = 0)"
activist_insight,2026-05-10 01:35:21.070,6073,dbo,tblFiling_FinancialDirector_link,10227.50,94.19,0.468255114414771,23189,0,59,2026-09-02 08:59:57.333,NULL,"[pid], [filing_agm_data_id]",NULL,NULL,"[pid], [filing_agm_data_id]","pid, filing_agm_data_id",2,IX_tblFiling_FinancialDirector_link_pid_filing_agm_data_id,"CREATE NONCLUSTERED INDEX [IX_tblFiling_FinancialDirector_link_pid_filing_agm_data_id] ON [activist_insight].[dbo].[tblFiling_FinancialDirector_link] ([pid], [filing_agm_data_id]); -- Enterprise/Developer: append WITH (ONLINE = ON, MAXDOP = 0)"
activist_insight,2026-05-10 01:35:21.070,544,dbo,stgCompensationEMEA_OutstandingAwards,10220.98,79.87,110.319162812274,116,0,151,2026-09-02 02:44:11.040,NULL,"[import_id], [DirectorAppointment_id]",[status],[error_msg],"[import_id], [DirectorAppointment_id], [status]","import_id, directorappointment_id, status",3,IX_stgCompensationEMEA_OutstandingAwards_import_id_DirectorAppointment_id_status,"CREATE NONCLUSTERED INDEX [IX_stgCompensationEMEA_OutstandingAwards_import_id_DirectorAppointment_id_status] ON [activist_insight].[dbo].[stgCompensationEMEA_OutstandingAwards] ([import_id], [DirectorAppointment_id], [status]) INCLUDE ([error_msg]); -- Enterprise/Developer: append WITH (ONLINE = ON, MAXDOP = 0)"
activist_insight,2026-05-10 01:35:21.070,546,dbo,stgCompensationEMEA_OutstandingAwards,10215.64,95.59,92.1287085317563,116,0,151,2026-09-02 02:44:11.337,NULL,"[import_id], [Filing_id]",[status],[error_msg],"[import_id], [Filing_id], [status]","import_id, filing_id, status",3,IX_stgCompensationEMEA_OutstandingAwards_import_id_Filing_id_status,"CREATE NONCLUSTERED INDEX [IX_stgCompensationEMEA_OutstandingAwards_import_id_Filing_id_status] ON [activist_insight].[dbo].[stgCompensationEMEA_OutstandingAwards] ([import_id], [Filing_id], [status]) INCLUDE ([error_msg]); -- Enterprise/Developer: append WITH (ONLINE = ON, MAXDOP = 0)"
activist_insight,2026-05-10 01:35:21.070,534,dbo,stgCompensationEMEA_OutstandingAwards,10202.17,92.46,95.1218989162829,116,0,151,2026-09-02 02:43:55.377,NULL,"[import_id], [Director_id]",[status],[error_msg],"[import_id], [Director_id], [status]","import_id, director_id, status",3,IX_stgCompensationEMEA_OutstandingAwards_import_id_Director_id_status,"CREATE NONCLUSTERED INDEX [IX_stgCompensationEMEA_OutstandingAwards_import_id_Director_id_status] ON [activist_insight].[dbo].[stgCompensationEMEA_OutstandingAwards] ([import_id], [Director_id], [status]) INCLUDE ([error_msg]); -- Enterprise/Developer: append WITH (ONLINE = ON, MAXDOP = 0)"
activist_insight,2026-05-10 01:35:21.070,532,dbo,stgCompensationEMEA_OutstandingAwards,10200.72,68.16,129.015967747988,116,0,151,2026-09-02 02:43:53.863,NULL,"[import_id], [Director_id]",[status],[I_ID],"[import_id], [Director_id], [status]","import_id, director_id, status",3,IX_stgCompensationEMEA_OutstandingAwards_import_id_Director_id_status,"CREATE NONCLUSTERED INDEX [IX_stgCompensationEMEA_OutstandingAwards_import_id_Director_id_status] ON [activist_insight].[dbo].[stgCompensationEMEA_OutstandingAwards] ([import_id], [Director_id], [status]) INCLUDE ([I_ID]); -- Enterprise/Developer: append WITH (ONLINE = ON, MAXDOP = 0)"
activist_insight,2026-05-10 01:35:21.070,530,dbo,stgCompensationEMEA_OutstandingAwards,10199.26,69.53,126.455715591672,116,0,151,2026-09-02 02:43:52.377,NULL,"[import_id], [PID]",[status],[C_ID],"[import_id], [PID], [status]","import_id, pid, status",3,IX_stgCompensationEMEA_OutstandingAwards_import_id_PID_status,"CREATE NONCLUSTERED INDEX [IX_stgCompensationEMEA_OutstandingAwards_import_id_PID_status] ON [activist_insight].[dbo].[stgCompensationEMEA_OutstandingAwards] ([import_id], [PID], [status]) INCLUDE ([C_ID]); -- Enterprise/Developer: append WITH (ONLINE = ON, MAXDOP = 0)"
activist_insight,2026-05-10 01:35:21.070,548,dbo,stgCompensationEMEA_OutstandingAwards,10137.17,52.01,168.024191987755,116,0,151,2026-09-02 02:44:11.490,NULL,[import_id],[status],[Filing_id],"[import_id], [status]","import_id, status",2,IX_stgCompensationEMEA_OutstandingAwards_import_id_status,"CREATE NONCLUSTERED INDEX [IX_stgCompensationEMEA_OutstandingAwards_import_id_status] ON [activist_insight].[dbo].[stgCompensationEMEA_OutstandingAwards] ([import_id], [status]) INCLUDE ([Filing_id]); -- Enterprise/Developer: append WITH (ONLINE = ON, MAXDOP = 0)"
activist_insight,2026-05-10 01:35:21.070,540,dbo,stgCompensationEMEA_OutstandingAwards,10097.26,46.04,189.064547029249,116,0,151,2026-09-02 02:44:04.330,NULL,[import_id],[status],[Position_AMA],"[import_id], [status]","import_id, status",2,IX_stgCompensationEMEA_OutstandingAwards_import_id_status,"CREATE NONCLUSTERED INDEX [IX_stgCompensationEMEA_OutstandingAwards_import_id_status] ON [activist_insight].[dbo].[stgCompensationEMEA_OutstandingAwards] ([import_id], [status]) INCLUDE ([Position_AMA]); -- Enterprise/Developer: append WITH (ONLINE = ON, MAXDOP = 0)"
activist_insight,2026-05-10 01:35:21.070,7153,dbo,tblAiOFeed_company_id,9881.05,68.17,0.169265523568261,85633,0,213,2026-09-02 08:57:14.207,NULL,[company_id],NULL,NULL,[company_id],company_id,1,IX_tblAiOFeed_company_id_company_id,"CREATE NONCLUSTERED INDEX [IX_tblAiOFeed_company_id_company_id] ON [activist_insight].[dbo].[tblAiOFeed_company_id] ([company_id]); -- Enterprise/Developer: append WITH (ONLINE = ON, MAXDOP = 0)"
activist_insight,2026-05-10 01:35:21.070,7890,dbo,tblCampaign_Characteristic_Link,9834.34,98.01,0.955893601223882,10497,0,26,2026-09-02 08:21:42.037,NULL,[campaign_summary_id],NULL,NULL,[campaign_summary_id],campaign_summary_id,1,IX_tblCampaign_Characteristic_Link_campaign_summary_id,"CREATE NONCLUSTERED INDEX [IX_tblCampaign_Characteristic_Link_campaign_summary_id] ON [activist_insight].[dbo].[tblCampaign_Characteristic_Link] ([campaign_summary_id]); -- Enterprise/Developer: append WITH (ONLINE = ON, MAXDOP = 0)"
activist_insight,2026-05-10 01:35:21.070,45533,dbo,tblrebuild_calculated_tables,9804.36,97.68,0.167131075283079,60056,0,273,2026-08-21 08:06:45.530,NULL,[table_name],NULL,NULL,[table_name],table_name,1,IX_tblrebuild_calculated_tables_table_name,"CREATE NONCLUSTERED INDEX [IX_tblrebuild_calculated_tables_table_name] ON [activist_insight].[dbo].[tblrebuild_calculated_tables] ([table_name]); -- Enterprise/Developer: append WITH (ONLINE = ON, MAXDOP = 0)"
activist_insight,2026-05-10 01:35:21.070,6090,dbo,tblProxyStatement_Nominees,9187.07,95.9,0.946437533084152,10122,0,27,2026-09-02 08:55:32.533,NULL,[scraped_filing_id],NULL,NULL,[scraped_filing_id],scraped_filing_id,1,IX_tblProxyStatement_Nominees_scraped_filing_id,"CREATE NONCLUSTERED INDEX [IX_tblProxyStatement_Nominees_scraped_filing_id] ON [activist_insight].[dbo].[tblProxyStatement_Nominees] ([scraped_filing_id]); -- Enterprise/Developer: append WITH (ONLINE = ON, MAXDOP = 0)"
activist_insight,2026-05-10 01:35:21.070,37942,dbo,tblv3a_alert_option_link,8528.11,18.8,0.334204938998489,135732,0,17832,2026-09-02 08:57:16.620,NULL,[alert_option_id],NULL,"[alert_option_link_id], [alert_id]",[alert_option_id],alert_option_id,1,IX_tblv3a_alert_option_link_alert_option_id,"CREATE NONCLUSTERED INDEX [IX_tblv3a_alert_option_link_alert_option_id] ON [activist_insight].[dbo].[tblv3a_alert_option_link] ([alert_option_id]) INCLUDE ([alert_option_link_id], [alert_id]); -- Enterprise/Developer: append WITH (ONLINE = ON, MAXDOP = 0)"
activist_insight,2026-05-10 01:35:21.070,4064,dbo,tblOffers,8332.73,95.62,0.163090615772366,53433,0,22,2026-09-02 09:00:30.067,NULL,[pid],NULL,"[offer_id], [initial_amended], [offer_date]",[pid],pid,1,IX_tblOffers_pid,"CREATE NONCLUSTERED INDEX [IX_tblOffers_pid] ON [activist_insight].[dbo].[tblOffers] ([pid]) INCLUDE ([offer_id], [initial_amended], [offer_date]); -- Enterprise/Developer: append WITH (ONLINE = ON, MAXDOP = 0)"
activist_insight,2026-05-10 01:35:21.070,4066,dbo,tblOffers,8331.86,95.61,0.163090615772366,53433,0,22,2026-09-02 09:00:30.067,NULL,[pid],NULL,NULL,[pid],pid,1,IX_tblOffers_pid,"CREATE NONCLUSTERED INDEX [IX_tblOffers_pid] ON [activist_insight].[dbo].[tblOffers] ([pid]); -- Enterprise/Developer: append WITH (ONLINE = ON, MAXDOP = 0)"
activist_insight,2026-05-10 01:35:21.070,5193,dbo,tblNews_investor_link,8212.97,77.65,0.255382094553077,41416,0,29,2026-09-02 08:54:42.770,NULL,[investor_id],NULL,[news_id],[investor_id],investor_id,1,IX_tblNews_investor_link_investor_id,"CREATE NONCLUSTERED INDEX [IX_tblNews_investor_link_investor_id] ON [activist_insight].[dbo].[tblNews_investor_link] ([investor_id]) INCLUDE ([news_id]); -- Enterprise/Developer: append WITH (ONLINE = ON, MAXDOP = 0)"
activist_insight,2026-05-10 01:35:21.070,6092,dbo,tblProxyStatement_Nominees,8175.56,95.63,0.930773966565478,9185,0,16,2026-09-02 08:59:57.737,NULL,[additional_filing_id],NULL,"[proxystatement_nominee_id], [director_id], [nominee_at_meeting], [terms_end], [related_party_transaction], [number_of_shares_pledged], [compensation_currency], [beneficial_ownership], [total_compensation]",[additional_filing_id],additional_filing_id,1,IX_tblProxyStatement_Nominees_additional_filing_id,"CREATE NONCLUSTERED INDEX [IX_tblProxyStatement_Nominees_additional_filing_id] ON [activist_insight].[dbo].[tblProxyStatement_Nominees] ([additional_filing_id]) INCLUDE ([proxystatement_nominee_id], [director_id], [nominee_at_meeting], [terms_end], [related_party_transaction], [number_of_shares_pledged], [compensation_currency], [beneficial_ownership], [total_compensation]); -- Enterprise/Developer: append WITH (ONLINE = ON, MAXDOP = 0)"
activist_insight,2026-05-10 01:35:21.070,542,dbo,stgCompensationEMEA_OutstandingAwards,8125.18,76.39,91.69351030579,116,0,151,2026-09-02 02:44:05.830,NULL,"[import_id], [typeno_id]",[status],[error_msg],"[import_id], [typeno_id], [status]","import_id, typeno_id, status",3,IX_stgCompensationEMEA_OutstandingAwards_import_id_typeno_id_status,"CREATE NONCLUSTERED INDEX [IX_stgCompensationEMEA_OutstandingAwards_import_id_typeno_id_status] ON [activist_insight].[dbo].[stgCompensationEMEA_OutstandingAwards] ([import_id], [typeno_id], [status]) INCLUDE ([error_msg]); -- Enterprise/Developer: append WITH (ONLINE = ON, MAXDOP = 0)"
activist_insight,2026-05-10 01:35:21.070,356,dbo,tblGovernance,7584.83,13.57,2.06114531123253,27118,0,76,2026-08-30 09:16:12.210,NULL,[pid],NULL,NULL,[pid],pid,1,IX_tblGovernance_pid,"CREATE NONCLUSTERED INDEX [IX_tblGovernance_pid] ON [activist_insight].[dbo].[tblGovernance] ([pid]); -- Enterprise/Developer: append WITH (ONLINE = ON, MAXDOP = 0)"
activist_insight,2026-05-10 01:35:21.070,354,dbo,tblGovernance,7584.83,13.57,2.06114531123253,27118,0,76,2026-08-30 09:16:12.210,NULL,[pid],NULL,[IR_website],[pid],pid,1,IX_tblGovernance_pid,"CREATE NONCLUSTERED INDEX [IX_tblGovernance_pid] ON [activist_insight].[dbo].[tblGovernance] ([pid]) INCLUDE ([IR_website]); -- Enterprise/Developer: append WITH (ONLINE = ON, MAXDOP = 0)"
activist_insight,2026-05-10 01:35:21.070,550,dbo,stgCompensationEMEA_OutstandingAwards,7082.97,35.94,169.894581153919,116,0,151,2026-09-02 02:44:16.403,NULL,[import_id],[status],"[DirectorAppointment_id], [Filing_id], [Board], [group], [Individual], [Currency], [STI_LTI], [Conditional], [award_type], [Deferred], [phantom_warrant_match_sharesaving], [Specifics_performance_restricted], [award_status], [option_type], [Number_shares_options_Cash], [FY_year_grant], [Grant_Date], [Vesting_date], [Lock_up_date], [Expiration_date], [Share_price_fv_comp], [Share_price_grant_date], [Exercise_price], [Share_price_action], [Lapsed], [Lapsed_explanation], [Change], [Change_explanation]","[import_id], [status]","import_id, status",2,IX_stgCompensationEMEA_OutstandingAwards_import_id_status,"CREATE NONCLUSTERED INDEX [IX_stgCompensationEMEA_OutstandingAwards_import_id_status] ON [activist_insight].[dbo].[stgCompensationEMEA_OutstandingAwards] ([import_id], [status]) INCLUDE ([DirectorAppointment_id], [Filing_id], [Board], [group], [Individual], [Currency], [STI_LTI], [Conditional], [award_type], [Deferred], [phantom_warrant_match_sharesaving], [Specifics_performance_restricted], [award_status], [option_type], [Number_shares_options_Cash], [FY_year_grant], [Grant_Date], [Vesting_date], [Lock_up_date], [Expiration_date], [Share_price_fv_comp], [Share_price_grant_date], [Exercise_price], [Share_price_action], [Lapsed], [Lapsed_explanation], [Change], [Change_explanation]); -- Enterprise/Developer: append WITH (ONLINE = ON, MAXDOP = 0)"
activist_insight,2026-05-10 01:35:21.070,718404,dbo,tVoting_Sync,6839.71,71.35,0.259049912705734,37005,0,169,2026-09-02 02:19:03.713,NULL,"[InvestorID], [BySourceComplete]",NULL,"[MeetingID], [FundVoteComplete], [FundVoteNonNPXComplete], [InvestorVoteComplete], [InvestorVoteNPXComplete], [InvestorVoteNonNPXComplete], [InvestorVoteNPXThresholdComplete]","[InvestorID], [BySourceComplete]","investorid, bysourcecomplete",2,IX_tVoting_Sync_InvestorID_BySourceComplete,"CREATE NONCLUSTERED INDEX [IX_tVoting_Sync_InvestorID_BySourceComplete] ON [activist_insight].[dbo].[tVoting_Sync] ([InvestorID], [BySourceComplete]) INCLUDE ([MeetingID], [FundVoteComplete], [FundVoteNonNPXComplete], [InvestorVoteComplete], [InvestorVoteNPXComplete], [InvestorVoteNonNPXComplete], [InvestorVoteNPXThresholdComplete]); -- Enterprise/Developer: append WITH (ONLINE = ON, MAXDOP = 0)"
activist_insight,2026-05-10 01:35:21.070,538,dbo,stgCompensationEMEA_OutstandingAwards,6587.74,64.04,88.6802880412232,116,0,151,2026-09-02 02:44:04.110,NULL,[import_id],"[Director_id], [status]",[error_msg],"[import_id], [Director_id], [status]","import_id, director_id, status",3,IX_stgCompensationEMEA_OutstandingAwards_import_id_Director_id_status,"CREATE NONCLUSTERED INDEX [IX_stgCompensationEMEA_OutstandingAwards_import_id_Director_id_status] ON [activist_insight].[dbo].[stgCompensationEMEA_OutstandingAwards] ([import_id], [Director_id], [status]) INCLUDE ([error_msg]); -- Enterprise/Developer: append WITH (ONLINE = ON, MAXDOP = 0)"
activist_insight,2026-05-10 01:35:21.070,2410956,dbo,tblReporting_votes,6404.88,76.24,8400.94524075039,1,0,1,2026-08-29 07:28:36.910,NULL,[source],[reporting_votes_id],NULL,"[source], [reporting_votes_id]","source, reporting_votes_id",2,IX_tblReporting_votes_source_reporting_votes_id,"CREATE NONCLUSTERED INDEX [IX_tblReporting_votes_source_reporting_votes_id] ON [activist_insight].[dbo].[tblReporting_votes] ([source], [reporting_votes_id]); -- Enterprise/Developer: append WITH (ONLINE = ON, MAXDOP = 0)"
activist_insight,2026-05-10 01:35:21.070,6841,dbo,tblTotalAuditorFees,6107.45,98.97,0.695952035763564,8867,0,24,2026-09-02 08:45:53.770,NULL,[pid],NULL,NULL,[pid],pid,1,IX_tblTotalAuditorFees_pid,"CREATE NONCLUSTERED INDEX [IX_tblTotalAuditorFees_pid] ON [activist_insight].[dbo].[tblTotalAuditorFees] ([pid]); -- Enterprise/Developer: append WITH (ONLINE = ON, MAXDOP = 0)"
activist_insight,2026-05-10 01:35:21.070,6839,dbo,tblShareholder_Proposals,5786.43,97.79,1.60575222016014,3685,0,24,2026-09-02 08:28:38.330,NULL,[scraped_filling_id],NULL,NULL,[scraped_filling_id],scraped_filling_id,1,IX_tblShareholder_Proposals_scraped_filling_id,"CREATE NONCLUSTERED INDEX [IX_tblShareholder_Proposals_scraped_filling_id] ON [activist_insight].[dbo].[tblShareholder_Proposals] ([scraped_filling_id]); -- Enterprise/Developer: append WITH (ONLINE = ON, MAXDOP = 0)"
activist_insight,2026-05-10 01:35:21.070,4062,dbo,tblMarket_Caps,5753.20,87.61,0.122898435202459,53433,0,36,2026-09-02 09:00:29.983,NULL,[pid],NULL,NULL,[pid],pid,1,IX_tblMarket_Caps_pid,"CREATE NONCLUSTERED INDEX [IX_tblMarket_Caps_pid] ON [activist_insight].[dbo].[tblMarket_Caps] ([pid]); -- Enterprise/Developer: append WITH (ONLINE = ON, MAXDOP = 0)"
activist_insight,2026-05-10 01:35:21.070,7776,dbo,tblall_holdings_data,5362.43,21.32,10.3294133806066,2435,0,33,2026-09-02 09:00:23.783,NULL,NULL,[source],NULL,[source],source,1,IX_tblall_holdings_data_source,"CREATE NONCLUSTERED INDEX [IX_tblall_holdings_data_source] ON [activist_insight].[dbo].[tblall_holdings_data] ([source]); -- Enterprise/Developer: append WITH (ONLINE = ON, MAXDOP = 0)"
activist_insight,2026-05-10 01:35:21.070,4070,dbo,tblGov_auditor_link,5286.27,94.8,0.150318996430118,37096,0,29,2026-09-02 08:56:28.550,NULL,[PID],NULL,NULL,[PID],pid,1,IX_tblGov_auditor_link_PID,"CREATE NONCLUSTERED INDEX [IX_tblGov_auditor_link_PID] ON [activist_insight].[dbo].[tblGov_auditor_link] ([PID]); -- Enterprise/Developer: append WITH (ONLINE = ON, MAXDOP = 0)"
activist_insight,2026-05-10 01:35:21.070,258,dbo,tblActivism_Summary,4993.86,11.7,26.6932625752952,1599,0,130,2026-08-31 08:25:02.510,NULL,"[activist_id], [company_id], [summary_date]",NULL,[summary_text],"[activist_id], [company_id], [summary_date]","activist_id, company_id, summary_date",3,IX_tblActivism_Summary_activist_id_company_id_summary_date,"CREATE NONCLUSTERED INDEX [IX_tblActivism_Summary_activist_id_company_id_summary_date] ON [activist_insight].[dbo].[tblActivism_Summary] ([activist_id], [company_id], [summary_date]) INCLUDE ([summary_text]); -- Enterprise/Developer: append WITH (ONLINE = ON, MAXDOP = 0)"
activist_insight,2026-05-10 01:35:21.070,281,dbo,tblCompany,4833.28,10.01,31.2723726355558,1544,0,129,2026-08-19 18:16:13.763,NULL,NULL,[name],[founded],[name],name,1,IX_tblCompany_name,"CREATE NONCLUSTERED INDEX [IX_tblCompany_name] ON [activist_insight].[dbo].[tblCompany] ([name]) INCLUDE ([founded]); -- Enterprise/Developer: append WITH (ONLINE = ON, MAXDOP = 0)"
activist_insight,2026-05-10 01:35:21.070,113613,dbo,tblContact,4805.20,98.42,0.964508582273575,5062,0,34,2026-09-02 08:55:45.807,NULL,[director_id],NULL,NULL,[director_id],director_id,1,IX_tblContact_director_id,"CREATE NONCLUSTERED INDEX [IX_tblContact_director_id] ON [activist_insight].[dbo].[tblContact] ([director_id]); -- Enterprise/Developer: append WITH (ONLINE = ON, MAXDOP = 0)"
activist_insight,2026-05-10 01:35:21.070,7774,dbo,tblall_holdings_data,4751.24,18.89,10.3294133806066,2435,0,33,2026-09-02 09:00:23.783,NULL,NULL,[source],"[company_name], [shares_held], [pcent_held], [holding_date]",[source],source,1,IX_tblall_holdings_data_source,"CREATE NONCLUSTERED INDEX [IX_tblall_holdings_data_source] ON [activist_insight].[dbo].[tblall_holdings_data] ([source]) INCLUDE ([company_name], [shares_held], [pcent_held], [holding_date]); -- Enterprise/Developer: append WITH (ONLINE = ON, MAXDOP = 0)"
activist_insight,2026-05-10 01:35:21.070,977284,dbo,tblCommittee_Allowance_Payments,4518.44,99.82,1131.64746845006,4,0,1,2026-06-23 12:32:12.343,NULL,[filing_id],NULL,"[actual_estimate], [director_name], [board], [director_appointment_id], [exchange_rate_id], [Audit_fee], [Remuneration_fee], [Nomination_fee], [Risk_fee], [Other_fee], [Allowance_fee], [Attendance_fee], [Reimbursement_domestic], [Reimbursement_intl], [Non_domestic_fee], [Off_cycle_fee], [year]",[filing_id],filing_id,1,IX_tblCommittee_Allowance_Payments_filing_id,"CREATE NONCLUSTERED INDEX [IX_tblCommittee_Allowance_Payments_filing_id] ON [activist_insight].[dbo].[tblCommittee_Allowance_Payments] ([filing_id]) INCLUDE ([actual_estimate], [director_name], [board], [director_appointment_id], [exchange_rate_id], [Audit_fee], [Remuneration_fee], [Nomination_fee], [Risk_fee], [Other_fee], [Allowance_fee], [Attendance_fee], [Reimbursement_domestic], [Reimbursement_intl], [Non_domestic_fee], [Off_cycle_fee], [year]); -- Enterprise/Developer: append WITH (ONLINE = ON, MAXDOP = 0)"
activist_insight,2026-05-10 01:35:21.070,1711277,dbo,tblScraped_filings,4290.79,75.93,807.282983408719,7,0,7,2026-07-29 10:15:08.843,NULL,NULL,[insert_date],"[datetime], [doc_type], [company], [filing_type], [url], [accession_id]",[insert_date],insert_date,1,IX_tblScraped_filings_insert_date,"CREATE NONCLUSTERED INDEX [IX_tblScraped_filings_insert_date] ON [activist_insight].[dbo].[tblScraped_filings] ([insert_date]) INCLUDE ([datetime], [doc_type], [company], [filing_type], [url], [accession_id]); -- Enterprise/Developer: append WITH (ONLINE = ON, MAXDOP = 0)"
activist_insight,2026-05-10 01:35:21.070,1860077,dbo,tblDirector_appointments,4275.03,27.48,5.83092042400681,2668,0,312,2026-09-02 08:55:53.167,NULL,[typeNo],[Director_end_date],"[Director_id], [PID]","[typeNo], [Director_end_date]","typeno, director_end_date",2,IX_tblDirector_appointments_typeNo_Director_end_date,"CREATE NONCLUSTERED INDEX [IX_tblDirector_appointments_typeNo_Director_end_date] ON [activist_insight].[dbo].[tblDirector_appointments] ([typeNo], [Director_end_date]) INCLUDE ([Director_id], [PID]); -- Enterprise/Developer: append WITH (ONLINE = ON, MAXDOP = 0)"
activist_insight,2026-05-10 01:35:21.070,7778,dbo,tblall_holdings_data,4240.65,16.86,10.3294133806066,2435,0,33,2026-09-02 09:00:23.783,NULL,[source],NULL,"[company_name], [shares_held], [pcent_held], [holding_date]",[source],source,1,IX_tblall_holdings_data_source,"CREATE NONCLUSTERED INDEX [IX_tblall_holdings_data_source] ON [activist_insight].[dbo].[tblall_holdings_data] ([source]) INCLUDE ([company_name], [shares_held], [pcent_held], [holding_date]); -- Enterprise/Developer: append WITH (ONLINE = ON, MAXDOP = 0)"
activist_insight,2026-05-10 01:35:21.070,885041,dbo,tVoting_Sync,4078.64,98.41,4.01991572640909,1031,0,66,2026-08-28 04:34:30.747,NULL,"[InvestorID], [InvestorVoteNonNPXComplete]",NULL,"[MeetingID], [BySourceComplete], [FundVoteComplete], [FundVoteNonNPXComplete], [InvestorVoteComplete], [InvestorVoteNPXComplete], [InvestorVoteNPXThresholdComplete]","[InvestorID], [InvestorVoteNonNPXComplete]","investorid, investorvotenonnpxcomplete",2,IX_tVoting_Sync_InvestorID_InvestorVoteNonNPXComplete,"CREATE NONCLUSTERED INDEX [IX_tVoting_Sync_InvestorID_InvestorVoteNonNPXComplete] ON [activist_insight].[dbo].[tVoting_Sync] ([InvestorID], [InvestorVoteNonNPXComplete]) INCLUDE ([MeetingID], [BySourceComplete], [FundVoteComplete], [FundVoteNonNPXComplete], [InvestorVoteComplete], [InvestorVoteNPXComplete], [InvestorVoteNPXThresholdComplete]); -- Enterprise/Developer: append WITH (ONLINE = ON, MAXDOP = 0)"
activist_insight,2026-05-10 01:35:21.070,885856,dbo,tVoting_Sync,3977.96,98.4,4.00657802248534,1009,0,64,2026-08-28 04:46:43.010,NULL,"[InvestorID], [InvestorVoteNPXThresholdComplete]",NULL,"[MeetingID], [BySourceComplete], [FundVoteComplete], [FundVoteNonNPXComplete], [InvestorVoteComplete], [InvestorVoteNPXComplete], [InvestorVoteNonNPXComplete]","[InvestorID], [InvestorVoteNPXThresholdComplete]","investorid, investorvotenpxthresholdcomplete",2,IX_tVoting_Sync_InvestorID_InvestorVoteNPXThresholdComplete,"CREATE NONCLUSTERED INDEX [IX_tVoting_Sync_InvestorID_InvestorVoteNPXThresholdComplete] ON [activist_insight].[dbo].[tVoting_Sync] ([InvestorID], [InvestorVoteNPXThresholdComplete]) INCLUDE ([MeetingID], [BySourceComplete], [FundVoteComplete], [FundVoteNonNPXComplete], [InvestorVoteComplete], [InvestorVoteNPXComplete], [InvestorVoteNonNPXComplete]); -- Enterprise/Developer: append WITH (ONLINE = ON, MAXDOP = 0)"
activist_insight,2026-05-10 01:35:21.070,883924,dbo,tVoting_Sync,3941.87,98.4,4.00196542930832,1001,0,56,2026-08-28 04:26:34.240,NULL,"[InvestorID], [InvestorVoteNPXComplete]",NULL,"[MeetingID], [BySourceComplete], [FundVoteComplete], [FundVoteNonNPXComplete], [InvestorVoteComplete], [InvestorVoteNonNPXComplete], [InvestorVoteNPXThresholdComplete]","[InvestorID], [InvestorVoteNPXComplete]","investorid, investorvotenpxcomplete",2,IX_tVoting_Sync_InvestorID_InvestorVoteNPXComplete,"CREATE NONCLUSTERED INDEX [IX_tVoting_Sync_InvestorID_InvestorVoteNPXComplete] ON [activist_insight].[dbo].[tVoting_Sync] ([InvestorID], [InvestorVoteNPXComplete]) INCLUDE ([MeetingID], [BySourceComplete], [FundVoteComplete], [FundVoteNonNPXComplete], [InvestorVoteComplete], [InvestorVoteNonNPXComplete], [InvestorVoteNPXThresholdComplete]); -- Enterprise/Developer: append WITH (ONLINE = ON, MAXDOP = 0)"
activist_insight,2026-05-10 01:35:21.070,466304,dbo,tblCompanyShell_spac,3915.74,97.13,0.377052223180189,10692,0,72,2026-09-02 08:57:14.210,NULL,[PID],NULL,NULL,[PID],pid,1,IX_tblCompanyShell_spac_PID,"CREATE NONCLUSTERED INDEX [IX_tblCompanyShell_spac_PID] ON [activist_insight].[dbo].[tblCompanyShell_spac] ([PID]); -- Enterprise/Developer: append WITH (ONLINE = ON, MAXDOP = 0)"
activist_insight,2026-05-10 01:35:21.070,1835290,dbo,tblReturns_Follower_Nightly,3755.76,34.28,4.72858077428831,2317,0,66,2026-09-02 08:53:30.937,NULL,"[period], [LongShort]",NULL,"[date_first_invested], [exit_date], [price_change_withdiv]","[period], [LongShort]","period, longshort",2,IX_tblReturns_Follower_Nightly_period_LongShort,"CREATE NONCLUSTERED INDEX [IX_tblReturns_Follower_Nightly_period_LongShort] ON [activist_insight].[dbo].[tblReturns_Follower_Nightly] ([period], [LongShort]) INCLUDE ([date_first_invested], [exit_date], [price_change_withdiv]); -- Enterprise/Developer: append WITH (ONLINE = ON, MAXDOP = 0)"
activist_insight,2026-05-10 01:35:21.070,55467,dbo,tblv3a_alert_suboption_link,3733.17,16.61,0.333710652951907,67350,0,8707,2026-09-02 08:57:16.620,NULL,[alert_suboption_id],NULL,[alert_option_link_id],[alert_suboption_id],alert_suboption_id,1,IX_tblv3a_alert_suboption_link_alert_suboption_id,"CREATE NONCLUSTERED INDEX [IX_tblv3a_alert_suboption_link_alert_suboption_id] ON [activist_insight].[dbo].[tblv3a_alert_suboption_link] ([alert_suboption_id]) INCLUDE ([alert_option_link_id]); -- Enterprise/Developer: append WITH (ONLINE = ON, MAXDOP = 0)"
activist_insight,2026-05-10 01:35:21.070,213,dbo,tblNews_investor_link,3505.84,35.46,0.184616111648099,53553,0,908,2026-09-02 08:54:54.590,NULL,[investor_id],NULL,NULL,[investor_id],investor_id,1,IX_tblNews_investor_link_investor_id,"CREATE NONCLUSTERED INDEX [IX_tblNews_investor_link_investor_id] ON [activist_insight].[dbo].[tblNews_investor_link] ([investor_id]); -- Enterprise/Developer: append WITH (ONLINE = ON, MAXDOP = 0)"
activist_insight,2026-05-10 01:35:21.070,113619,dbo,tblProxyStatement_Nominees,3480.96,98.48,0.867620888637576,4074,0,43,2026-09-01 10:03:27.673,NULL,[director_id],NULL,NULL,[director_id],director_id,1,IX_tblProxyStatement_Nominees_director_id,"CREATE NONCLUSTERED INDEX [IX_tblProxyStatement_Nominees_director_id] ON [activist_insight].[dbo].[tblProxyStatement_Nominees] ([director_id]); -- Enterprise/Developer: append WITH (ONLINE = ON, MAXDOP = 0)"
activist_insight,2026-05-10 01:35:21.070,223,dbo,tblPerformance_periodic,3478.73,64.78,0.105807917307978,50753,0,27,2026-09-02 08:54:55.380,NULL,[fund_id],[date_reported],NULL,"[fund_id], [date_reported]","fund_id, date_reported",2,IX_tblPerformance_periodic_fund_id_date_reported,"CREATE NONCLUSTERED INDEX [IX_tblPerformance_periodic_fund_id_date_reported] ON [activist_insight].[dbo].[tblPerformance_periodic] ([fund_id], [date_reported]); -- Enterprise/Developer: append WITH (ONLINE = ON, MAXDOP = 0)"
activist_insight,2026-05-10 01:35:21.070,6843,dbo,tblCostsAndFees,3392.14,99,0.386422244355871,8867,0,24,2026-09-02 08:45:53.780,NULL,[pid],NULL,NULL,[pid],pid,1,IX_tblCostsAndFees_pid,"CREATE NONCLUSTERED INDEX [IX_tblCostsAndFees_pid] ON [activist_insight].[dbo].[tblCostsAndFees] ([pid]); -- Enterprise/Developer: append WITH (ONLINE = ON, MAXDOP = 0)"
activist_insight,2026-05-10 01:35:21.070,2423773,dbo,stgCompensation_Annual,3383.71,49.09,215.401958364201,32,0,32,2026-09-02 02:43:02.270,NULL,[import_id],[status],[Filing_id],"[import_id], [status]","import_id, status",2,IX_stgCompensation_Annual_import_id_status,"CREATE NONCLUSTERED INDEX [IX_stgCompensation_Annual_import_id_status] ON [activist_insight].[dbo].[stgCompensation_Annual] ([import_id], [status]) INCLUDE ([Filing_id]); -- Enterprise/Developer: append WITH (ONLINE = ON, MAXDOP = 0)"
activist_insight,2026-05-10 01:35:21.070,4508,dbo,tblCampaign_Directors,3380.73,24.94,0.445010214766095,30461,0,1336,2026-09-02 08:45:43.863,NULL,[campaign_id],NULL,"[seats_proposed], [seats_won]",[campaign_id],campaign_id,1,IX_tblCampaign_Directors_campaign_id,"CREATE NONCLUSTERED INDEX [IX_tblCampaign_Directors_campaign_id] ON [activist_insight].[dbo].[tblCampaign_Directors] ([campaign_id]) INCLUDE ([seats_proposed], [seats_won]); -- Enterprise/Developer: append WITH (ONLINE = ON, MAXDOP = 0)"
activist_insight,2026-05-10 01:35:21.070,55470,dbo,tblv3a_alert_suboption_link,3309.73,16.65,0.328925102848469,60434,0,7847,2026-09-02 02:00:35.247,NULL,[alert_suboption_id],NULL,"[alert_option_link_id], [value]",[alert_suboption_id],alert_suboption_id,1,IX_tblv3a_alert_suboption_link_alert_suboption_id,"CREATE NONCLUSTERED INDEX [IX_tblv3a_alert_suboption_link_alert_suboption_id] ON [activist_insight].[dbo].[tblv3a_alert_suboption_link] ([alert_suboption_id]) INCLUDE ([alert_option_link_id], [value]); -- Enterprise/Developer: append WITH (ONLINE = ON, MAXDOP = 0)"
activist_insight,2026-05-10 01:35:21.070,184,dbo,tblFeedStoredProc,3295.81,15.41,0.801209868614715,26694,0,42,2026-09-02 09:00:31.583,NULL,[use_standard_sp],NULL,[feed_id],[use_standard_sp],use_standard_sp,1,IX_tblFeedStoredProc_use_standard_sp,"CREATE NONCLUSTERED INDEX [IX_tblFeedStoredProc_use_standard_sp] ON [activist_insight].[dbo].[tblFeedStoredProc] ([use_standard_sp]) INCLUDE ([feed_id]); -- Enterprise/Developer: append WITH (ONLINE = ON, MAXDOP = 0)"
activist_insight,2026-05-10 01:35:21.070,1860122,dbo,tblDirector_appointments,3277.12,15.78,16.1113792916298,1289,0,222,2026-09-02 08:55:48.407,NULL,NULL,"[Director_since], [Director_end_date]","[Independent], [PID], [typeNo]","[Director_since], [Director_end_date]","director_since, director_end_date",2,IX_tblDirector_appointments_Director_since_Director_end_date,"CREATE NONCLUSTERED INDEX [IX_tblDirector_appointments_Director_since_Director_end_date] ON [activist_insight].[dbo].[tblDirector_appointments] ([Director_since], [Director_end_date]) INCLUDE ([Independent], [PID], [typeNo]); -- Enterprise/Developer: append WITH (ONLINE = ON, MAXDOP = 0)"
activist_insight,2026-05-10 01:35:21.070,6909,dbo,tblFiling_FinancialDirector_link,3242.80,99.16,0.458278037487502,7136,0,24,2026-09-02 08:42:33.500,NULL,"[pid], [filing_agm_data_id], [director_id]",NULL,NULL,"[pid], [filing_agm_data_id], [director_id]","pid, filing_agm_data_id, director_id",3,IX_tblFiling_FinancialDirector_link_pid_filing_agm_data_id_director_id,"CREATE NONCLUSTERED INDEX [IX_tblFiling_FinancialDirector_link_pid_filing_agm_data_id_director_id] ON [activist_insight].[dbo].[tblFiling_FinancialDirector_link] ([pid], [filing_agm_data_id], [director_id]); -- Enterprise/Developer: append WITH (ONLINE = ON, MAXDOP = 0)"
activist_insight,2026-05-10 01:35:21.070,1254584,dbo,tVoting_Sync,3211.88,98.42,3.89897322831574,837,0,29,2026-08-28 04:05:26.380,NULL,"[InvestorID], [FundVoteComplete]",NULL,"[MeetingID], [BySourceComplete], [FundVoteNonNPXComplete], [InvestorVoteComplete], [InvestorVoteNPXComplete], [InvestorVoteNonNPXComplete], [InvestorVoteNPXThresholdComplete]","[InvestorID], [FundVoteComplete]","investorid, fundvotecomplete",2,IX_tVoting_Sync_InvestorID_FundVoteComplete,"CREATE NONCLUSTERED INDEX [IX_tVoting_Sync_InvestorID_FundVoteComplete] ON [activist_insight].[dbo].[tVoting_Sync] ([InvestorID], [FundVoteComplete]) INCLUDE ([MeetingID], [BySourceComplete], [FundVoteNonNPXComplete], [InvestorVoteComplete], [InvestorVoteNPXComplete], [InvestorVoteNonNPXComplete], [InvestorVoteNPXThresholdComplete]); -- Enterprise/Developer: append WITH (ONLINE = ON, MAXDOP = 0)"
activist_insight,2026-05-10 01:35:21.070,1254939,dbo,tVoting_Sync,3211.87,98.42,3.89896870177717,837,0,29,2026-08-28 04:17:38.433,NULL,"[InvestorID], [InvestorVoteComplete]",NULL,"[MeetingID], [BySourceComplete], [FundVoteComplete], [FundVoteNonNPXComplete], [InvestorVoteNPXComplete], [InvestorVoteNonNPXComplete], [InvestorVoteNPXThresholdComplete]","[InvestorID], [InvestorVoteComplete]","investorid, investorvotecomplete",2,IX_tVoting_Sync_InvestorID_InvestorVoteComplete,"CREATE NONCLUSTERED INDEX [IX_tVoting_Sync_InvestorID_InvestorVoteComplete] ON [activist_insight].[dbo].[tVoting_Sync] ([InvestorID], [InvestorVoteComplete]) INCLUDE ([MeetingID], [BySourceComplete], [FundVoteComplete], [FundVoteNonNPXComplete], [InvestorVoteNPXComplete], [InvestorVoteNonNPXComplete], [InvestorVoteNPXThresholdComplete]); -- Enterprise/Developer: append WITH (ONLINE = ON, MAXDOP = 0)"
activist_insight,2026-05-10 01:35:21.070,1715330,dbo,tblScraped_filings,3195.26,99.04,806.557340149804,4,0,3,2026-07-29 11:42:04.237,NULL,[alert_send_status],[insert_date],NULL,"[alert_send_status], [insert_date]","alert_send_status, insert_date",2,IX_tblScraped_filings_alert_send_status_insert_date,"CREATE NONCLUSTERED INDEX [IX_tblScraped_filings_alert_send_status_insert_date] ON [activist_insight].[dbo].[tblScraped_filings] ([alert_send_status], [insert_date]); -- Enterprise/Developer: append WITH (ONLINE = ON, MAXDOP = 0)"
activist_insight,2026-05-10 01:35:21.070,1254319,dbo,tVoting_Sync,3192.83,98.42,3.89914408167918,832,0,29,2026-08-28 03:38:48.420,NULL,"[InvestorID], [FundVoteNonNPXComplete]",NULL,"[MeetingID], [BySourceComplete], [FundVoteComplete], [InvestorVoteComplete], [InvestorVoteNPXComplete], [InvestorVoteNonNPXComplete], [InvestorVoteNPXThresholdComplete]","[InvestorID], [FundVoteNonNPXComplete]","investorid, fundvotenonnpxcomplete",2,IX_tVoting_Sync_InvestorID_FundVoteNonNPXComplete,"CREATE NONCLUSTERED INDEX [IX_tVoting_Sync_InvestorID_FundVoteNonNPXComplete] ON [activist_insight].[dbo].[tVoting_Sync] ([InvestorID], [FundVoteNonNPXComplete]) INCLUDE ([MeetingID], [BySourceComplete], [FundVoteComplete], [InvestorVoteComplete], [InvestorVoteNPXComplete], [InvestorVoteNonNPXComplete], [InvestorVoteNPXThresholdComplete]); -- Enterprise/Developer: append WITH (ONLINE = ON, MAXDOP = 0)"
activist_insight,2026-05-10 01:35:21.070,2424157,dbo,tblspRaw,3014.05,57.39,750.267930443605,7,0,6,2026-09-02 05:17:23.740,NULL,NULL,[metric],"[date], [float_value], [symbol]",[metric],metric,1,IX_tblspRaw_metric,"CREATE NONCLUSTERED INDEX [IX_tblspRaw_metric] ON [activist_insight].[dbo].[tblspRaw] ([metric]) INCLUDE ([date], [float_value], [symbol]); -- Enterprise/Developer: append WITH (ONLINE = ON, MAXDOP = 0)"
activist_insight,2026-05-10 01:35:21.070,1796686,dbo,tblNotified_stakes,2840.89,20.29,3.99356331033235,3506,0,1,2026-08-09 00:17:24.940,NULL,"[activist_id], [form_type_id]",NULL,NULL,"[activist_id], [form_type_id]","activist_id, form_type_id",2,IX_tblNotified_stakes_activist_id_form_type_id,"CREATE NONCLUSTERED INDEX [IX_tblNotified_stakes_activist_id_form_type_id] ON [activist_insight].[dbo].[tblNotified_stakes] ([activist_id], [form_type_id]); -- Enterprise/Developer: append WITH (ONLINE = ON, MAXDOP = 0)"
activist_insight,2026-05-10 01:35:21.070,2104575,dbo,stgDHI_CGS_Import,2836.32,99.02,168.493549704165,17,0,6,2026-09-02 00:16:48.080,NULL,NULL,"[RequestDate], [ResponseStatus]",[PID],"[RequestDate], [ResponseStatus]","requestdate, responsestatus",2,IX_stgDHI_CGS_Import_RequestDate_ResponseStatus,"CREATE NONCLUSTERED INDEX [IX_stgDHI_CGS_Import_RequestDate_ResponseStatus] ON [activist_insight].[dbo].[stgDHI_CGS_Import] ([RequestDate], [ResponseStatus]) INCLUDE ([PID]); -- Enterprise/Developer: append WITH (ONLINE = ON, MAXDOP = 0)"
activist_insight,2026-05-10 01:35:21.070,7772,dbo,tblall_holdings_data,2791.89,11.1,10.3294133806066,2435,0,33,2026-09-02 09:00:23.783,NULL,NULL,[holding_date],NULL,[holding_date],holding_date,1,IX_tblall_holdings_data_holding_date,"CREATE NONCLUSTERED INDEX [IX_tblall_holdings_data_holding_date] ON [activist_insight].[dbo].[tblall_holdings_data] ([holding_date]); -- Enterprise/Developer: append WITH (ONLINE = ON, MAXDOP = 0)"
activist_insight,2026-05-10 01:35:21.070,4982,dbo,tblcampaign_gbr,2697.98,49.96,0.79803170604819,6767,0,24,2026-09-02 08:45:43.863,NULL,[campaign_summary_id],NULL,"[filingLink_text], [outcome_link_text], [dissident_circular_text], [proxy_access_text], [proxy_contest_text], [public_letter_text], [requisition_meeting_text], [went_to_vote_text]",[campaign_summary_id],campaign_summary_id,1,IX_tblcampaign_gbr_campaign_summary_id,"CREATE NONCLUSTERED INDEX [IX_tblcampaign_gbr_campaign_summary_id] ON [activist_insight].[dbo].[tblcampaign_gbr] ([campaign_summary_id]) INCLUDE ([filingLink_text], [outcome_link_text], [dissident_circular_text], [proxy_access_text], [proxy_contest_text], [public_letter_text], [requisition_meeting_text], [went_to_vote_text]); -- Enterprise/Developer: append WITH (ONLINE = ON, MAXDOP = 0)"
activist_insight,2026-05-10 01:35:21.070,2423753,dbo,stgCompensation_Annual,2562.43,76.05,140.391874974404,24,0,24,2026-09-02 02:42:16.957,NULL,"[import_id], [Director_id]",[status],NULL,"[import_id], [Director_id], [status]","import_id, director_id, status",3,IX_stgCompensation_Annual_import_id_Director_id_status,"CREATE NONCLUSTERED INDEX [IX_stgCompensation_Annual_import_id_Director_id_status] ON [activist_insight].[dbo].[stgCompensation_Annual] ([import_id], [Director_id], [status]); -- Enterprise/Developer: append WITH (ONLINE = ON, MAXDOP = 0)"
activist_insight,2026-05-10 01:35:21.070,1408140,dbo,tblFiling_agm_data,2557.38,65.38,782.312255420382,5,0,5,2026-08-26 14:47:13.083,NULL,"[AGM_date], [pid]",NULL,[record_date],"[AGM_date], [pid]","agm_date, pid",2,IX_tblFiling_agm_data_AGM_date_pid,"CREATE NONCLUSTERED INDEX [IX_tblFiling_agm_data_AGM_date_pid] ON [activist_insight].[dbo].[tblFiling_agm_data] ([AGM_date], [pid]) INCLUDE ([record_date]); -- Enterprise/Developer: append WITH (ONLINE = ON, MAXDOP = 0)"
activist_insight,2026-05-10 01:35:21.070,2428218,dbo,tblOutstanding_Awards,2519.27,26.55,20.7632025194705,457,0,457,2026-09-02 08:59:02.107,NULL,[award_type],[share_price_grant_date],"[filing_id], [director_appointment_id], [fin_year_grant], [grant_date], [expiration_date], [exercise_price]","[award_type], [share_price_grant_date]","award_type, share_price_grant_date",2,IX_tblOutstanding_Awards_award_type_share_price_grant_date,"CREATE NONCLUSTERED INDEX [IX_tblOutstanding_Awards_award_type_share_price_grant_date] ON [activist_insight].[dbo].[tblOutstanding_Awards] ([award_type], [share_price_grant_date]) INCLUDE ([filing_id], [director_appointment_id], [fin_year_grant], [grant_date], [expiration_date], [exercise_price]); -- Enterprise/Developer: append WITH (ONLINE = ON, MAXDOP = 0)"
activist_insight,2026-05-10 01:35:21.070,1716724,dbo,tblReporting_company,2347.71,16.42,1099.83517581057,13,0,9,2026-08-31 19:57:11.500,NULL,[source],NULL,"[fund_name], [company_name], [country], [ticker], [security_id], [meeting_date], [meeting_type], [record_date], [industry_sector]",[source],source,1,IX_tblReporting_company_source,"CREATE NONCLUSTERED INDEX [IX_tblReporting_company_source] ON [activist_insight].[dbo].[tblReporting_company] ([source]) INCLUDE ([fund_name], [company_name], [country], [ticker], [security_id], [meeting_date], [meeting_type], [record_date], [industry_sector]); -- Enterprise/Developer: append WITH (ONLINE = ON, MAXDOP = 0)"
activist_insight,2026-05-10 01:35:21.070,695130,dbo,tblFiling_agm_data,2322.55,20.52,1.12108279344469,10096,0,1065,2026-09-02 08:55:36.547,NULL,NULL,[AGM_date],"[scraped_filing_id], [type]",[AGM_date],agm_date,1,IX_tblFiling_agm_data_AGM_date,"CREATE NONCLUSTERED INDEX [IX_tblFiling_agm_data_AGM_date] ON [activist_insight].[dbo].[tblFiling_agm_data] ([AGM_date]) INCLUDE ([scraped_filing_id], [type]); -- Enterprise/Developer: append WITH (ONLINE = ON, MAXDOP = 0)"
activist_insight,2026-05-10 01:35:21.070,2262697,dbo,tblFundamental_SEC,2071.91,15.48,1338.44001688522,10,0,5,2026-08-28 15:23:11.967,NULL,"[CIK_id], [From_report_dated]",NULL,NULL,"[CIK_id], [From_report_dated]","cik_id, from_report_dated",2,IX_tblFundamental_SEC_CIK_id_From_report_dated,"CREATE NONCLUSTERED INDEX [IX_tblFundamental_SEC_CIK_id_From_report_dated] ON [activist_insight].[dbo].[tblFundamental_SEC] ([CIK_id], [From_report_dated]); -- Enterprise/Developer: append WITH (ONLINE = ON, MAXDOP = 0)"
activist_insight,2026-05-10 01:35:21.070,169862,dbo,tblv3a_alert_option_link,2042.57,21.94,0.382868055704917,24316,0,2206,2026-09-02 08:57:16.620,NULL,"[alert_option_link_id], [alert_option_id]",NULL,[alert_id],"[alert_option_link_id], [alert_option_id]","alert_option_link_id, alert_option_id",2,IX_tblv3a_alert_option_link_alert_option_link_id_alert_option_id,"CREATE NONCLUSTERED INDEX [IX_tblv3a_alert_option_link_alert_option_link_id_alert_option_id] ON [activist_insight].[dbo].[tblv3a_alert_option_link] ([alert_option_link_id], [alert_option_id]) INCLUDE ([alert_id]); -- Enterprise/Developer: append WITH (ONLINE = ON, MAXDOP = 0)"
activist_insight,2026-05-10 01:35:21.070,1518849,dbo,tblActivist,1917.22,11.38,1.26633321492938,13304,0,88,2026-09-02 08:57:08.617,NULL,[active],NULL,"[company_id], [focused_id]",[active],active,1,IX_tblActivist_active,"CREATE NONCLUSTERED INDEX [IX_tblActivist_active] ON [activist_insight].[dbo].[tblActivist] ([active]) INCLUDE ([company_id], [focused_id]); -- Enterprise/Developer: append WITH (ONLINE = ON, MAXDOP = 0)"
activist_insight,2026-05-10 01:35:21.070,1363805,dbo,tbl13f_data,1889.34,24.6,5.67227332462359,1354,0,1354,2026-09-02 08:01:14.680,NULL,[activist_id],NULL,"[company_id], [date_notified], [shares_held], [pcent_held]",[activist_id],activist_id,1,IX_tbl13f_data_activist_id,"CREATE NONCLUSTERED INDEX [IX_tbl13f_data_activist_id] ON [activist_insight].[dbo].[tbl13f_data] ([activist_id]) INCLUDE ([company_id], [date_notified], [shares_held], [pcent_held]); -- Enterprise/Developer: append WITH (ONLINE = ON, MAXDOP = 0)"
activist_insight,2026-05-10 01:35:21.070,668172,dbo,tblCompany,1803.48,45.83,3.06475664198955,1284,0,370,2026-09-02 07:24:47.270,NULL,[investor_id],NULL,NULL,[investor_id],investor_id,1,IX_tblCompany_investor_id,"CREATE NONCLUSTERED INDEX [IX_tblCompany_investor_id] ON [activist_insight].[dbo].[tblCompany] ([investor_id]); -- Enterprise/Developer: append WITH (ONLINE = ON, MAXDOP = 0)"
activist_insight,2026-05-10 01:35:21.070,225,dbo,tblPerformance_periodic,1751.18,32.61,0.105807917307978,50753,0,27,2026-09-02 08:54:55.380,NULL,NULL,[date_reported],[fund_id],[date_reported],date_reported,1,IX_tblPerformance_periodic_date_reported,"CREATE NONCLUSTERED INDEX [IX_tblPerformance_periodic_date_reported] ON [activist_insight].[dbo].[tblPerformance_periodic] ([date_reported]) INCLUDE ([fund_id]); -- Enterprise/Developer: append WITH (ONLINE = ON, MAXDOP = 0)"
activist_insight,2026-05-10 01:35:21.070,2423726,dbo,stgCompensation_Annual,1710.07,89.83,118.979720571836,16,0,18,2026-09-02 02:42:44.390,NULL,"[import_id], [Filing_id]",[status],"[PID], [YEAR]","[import_id], [Filing_id], [status]","import_id, filing_id, status",3,IX_stgCompensation_Annual_import_id_Filing_id_status,"CREATE NONCLUSTERED INDEX [IX_stgCompensation_Annual_import_id_Filing_id_status] ON [activist_insight].[dbo].[stgCompensation_Annual] ([import_id], [Filing_id], [status]) INCLUDE ([PID], [YEAR]); -- Enterprise/Developer: append WITH (ONLINE = ON, MAXDOP = 0)"
activist_insight,2026-05-10 01:35:21.070,2423757,dbo,stgCompensation_Annual,1708.39,42.09,253.681023626479,16,0,16,2026-09-02 02:42:28.283,NULL,"[import_id], [Filing_id], [status]",NULL,"[PID], [YEAR]","[import_id], [Filing_id], [status]","import_id, filing_id, status",3,IX_stgCompensation_Annual_import_id_Filing_id_status,"CREATE NONCLUSTERED INDEX [IX_stgCompensation_Annual_import_id_Filing_id_status] ON [activist_insight].[dbo].[stgCompensation_Annual] ([import_id], [Filing_id], [status]) INCLUDE ([PID], [YEAR]); -- Enterprise/Developer: append WITH (ONLINE = ON, MAXDOP = 0)"
activist_insight,2026-05-10 01:35:21.070,189,dbo,tblFeedStoredProc,1647.91,15.41,0.801209868614555,13347,0,21,2026-09-02 09:00:31.583,NULL,[instant],NULL,[feed_id],[instant],instant,1,IX_tblFeedStoredProc_instant,"CREATE NONCLUSTERED INDEX [IX_tblFeedStoredProc_instant] ON [activist_insight].[dbo].[tblFeedStoredProc] ([instant]) INCLUDE ([feed_id]); -- Enterprise/Developer: append WITH (ONLINE = ON, MAXDOP = 0)"
activist_insight,2026-05-10 01:35:21.070,187,dbo,tblFeedStoredProc,1647.91,15.41,0.801209868614555,13347,0,21,2026-09-02 09:00:31.583,NULL,[single_file],NULL,[feed_id],[single_file],single_file,1,IX_tblFeedStoredProc_single_file,"CREATE NONCLUSTERED INDEX [IX_tblFeedStoredProc_single_file] ON [activist_insight].[dbo].[tblFeedStoredProc] ([single_file]) INCLUDE ([feed_id]); -- Enterprise/Developer: append WITH (ONLINE = ON, MAXDOP = 0)"
activist_insight,2026-05-10 01:35:21.070,2425294,dbo,tblspRaw,1425.52,48.45,980.748599110217,3,0,3,2026-09-01 20:30:22.820,NULL,NULL,[insert_date],NULL,[insert_date],insert_date,1,IX_tblspRaw_insert_date,"CREATE NONCLUSTERED INDEX [IX_tblspRaw_insert_date] ON [activist_insight].[dbo].[tblspRaw] ([insert_date]); -- Enterprise/Developer: append WITH (ONLINE = ON, MAXDOP = 0)"
activist_insight,2026-05-10 01:35:21.070,1537911,dbo,tblUsers_secure,1365.96,99.78,2.73793858003852,500,0,43,2026-09-01 19:46:29.233,NULL,[PWDResetToken],NULL,NULL,[PWDResetToken],pwdresettoken,1,IX_tblUsers_secure_PWDResetToken,"CREATE NONCLUSTERED INDEX [IX_tblUsers_secure_PWDResetToken] ON [activist_insight].[dbo].[tblUsers_secure] ([PWDResetToken]); -- Enterprise/Developer: append WITH (ONLINE = ON, MAXDOP = 0)"
activist_insight,2026-05-10 01:35:21.070,1518262,dbo,tbl13d_data,1207.24,20.15,4.9802829174827,1203,0,9,2026-09-02 08:46:00.863,NULL,NULL,"[activist_id], [company_id], [document_type], [pcent_held]","[filing_date], [amendment_num]","[activist_id], [company_id], [document_type], [pcent_held]","activist_id, company_id, document_type, pcent_held",4,IX_tbl13d_data_activist_id_company_id_document_type_pcent_held,"CREATE NONCLUSTERED INDEX [IX_tbl13d_data_activist_id_company_id_document_type_pcent_held] ON [activist_insight].[dbo].[tbl13d_data] ([activist_id], [company_id], [document_type], [pcent_held]) INCLUDE ([filing_date], [amendment_num]); -- Enterprise/Developer: append WITH (ONLINE = ON, MAXDOP = 0)"
activist_insight,2026-05-10 01:35:21.070,410249,dbo,tblGov_metric_StateDefaults,1115.73,22.64,2.21988283824073,2220,0,925,2026-09-02 08:46:41.360,NULL,"[pid], [gov_metric_id]",NULL,NULL,"[pid], [gov_metric_id]","pid, gov_metric_id",2,IX_tblGov_metric_StateDefaults_pid_gov_metric_id,"CREATE NONCLUSTERED INDEX [IX_tblGov_metric_StateDefaults_pid_gov_metric_id] ON [activist_insight].[dbo].[tblGov_metric_StateDefaults] ([pid], [gov_metric_id]); -- Enterprise/Developer: append WITH (ONLINE = ON, MAXDOP = 0)"
activist_insight,2026-05-10 01:35:21.070,265,dbo,tblDirector_Identifier,1071.95,22.41,2.09336294863511,2285,0,490,2026-09-02 02:44:38.370,NULL,"[stat], [identifier_type_ID]",NULL,"[director_id], [identifier_value]","[stat], [identifier_type_ID]","stat, identifier_type_id",2,IX_tblDirector_Identifier_stat_identifier_type_ID,"CREATE NONCLUSTERED INDEX [IX_tblDirector_Identifier_stat_identifier_type_ID] ON [activist_insight].[dbo].[tblDirector_Identifier] ([stat], [identifier_type_ID]) INCLUDE ([director_id], [identifier_value]); -- Enterprise/Developer: append WITH (ONLINE = ON, MAXDOP = 0)"
activist_insight,2026-05-10 01:35:21.070,1649369,dbo,tblContact,1041.67,76.88,0.268462991346573,5047,0,25,2026-09-02 08:38:48.347,NULL,[company_id],NULL,NULL,[company_id],company_id,1,IX_tblContact_company_id,"CREATE NONCLUSTERED INDEX [IX_tblContact_company_id] ON [activist_insight].[dbo].[tblContact] ([company_id]); -- Enterprise/Developer: append WITH (ONLINE = ON, MAXDOP = 0)"
activist_insight,2026-05-10 01:35:21.070,2425292,dbo,tblspRaw,1002.25,55.6,600.870105403809,3,0,3,2026-09-01 20:30:12.917,NULL,NULL,[insert_date],"[identifier], [metric], [date], [float_value], [date_value], [pid], [symbol], [processed]",[insert_date],insert_date,1,IX_tblspRaw_insert_date,"CREATE NONCLUSTERED INDEX [IX_tblspRaw_insert_date] ON [activist_insight].[dbo].[tblspRaw] ([insert_date]) INCLUDE ([identifier], [metric], [date], [float_value], [date_value], [pid], [symbol], [processed]); -- Enterprise/Developer: append WITH (ONLINE = ON, MAXDOP = 0)"
activist_insight,2026-05-10 01:35:21.070,1518264,dbo,tblNotified_stakes,955.01,15.94,4.9802829174827,1203,0,11,2026-09-02 08:46:00.863,NULL,NULL,"[activist_id], [company_id], [transaction_type], [pcent_held]",[date_notified],"[activist_id], [company_id], [transaction_type], [pcent_held]","activist_id, company_id, transaction_type, pcent_held",4,IX_tblNotified_stakes_activist_id_company_id_transaction_type_pcent_held,"CREATE NONCLUSTERED INDEX [IX_tblNotified_stakes_activist_id_company_id_transaction_type_pcent_held] ON [activist_insight].[dbo].[tblNotified_stakes] ([activist_id], [company_id], [transaction_type], [pcent_held]) INCLUDE ([date_notified]); -- Enterprise/Developer: append WITH (ONLINE = ON, MAXDOP = 0)"
activist_insight,2026-05-10 01:35:21.070,1824252,dbo,tblV3a_alerts,914.64,13.11,0.59885432571075,11650,0,1485,2026-09-02 08:57:16.610,NULL,"[company_search_id], [investor_search_id]",NULL,NULL,"[company_search_id], [investor_search_id]","company_search_id, investor_search_id",2,IX_tblV3a_alerts_company_search_id_investor_search_id,"CREATE NONCLUSTERED INDEX [IX_tblV3a_alerts_company_search_id_investor_search_id] ON [activist_insight].[dbo].[tblV3a_alerts] ([company_search_id], [investor_search_id]); -- Enterprise/Developer: append WITH (ONLINE = ON, MAXDOP = 0)"
activist_insight,2026-05-10 01:35:21.070,2423749,dbo,stgCompensation_Annual,855.25,58.25,183.530077813432,8,0,8,2026-09-02 02:42:14.307,NULL,"[import_id], [PID], [Director_id], [Individual_ID]",NULL,[status],"[import_id], [PID], [Director_id], [Individual_ID]","import_id, pid, director_id, individual_id",4,IX_stgCompensation_Annual_import_id_PID_Director_id_Individual_ID,"CREATE NONCLUSTERED INDEX [IX_stgCompensation_Annual_import_id_PID_Director_id_Individual_ID] ON [activist_insight].[dbo].[stgCompensation_Annual] ([import_id], [PID], [Director_id], [Individual_ID]) INCLUDE ([status]); -- Enterprise/Developer: append WITH (ONLINE = ON, MAXDOP = 0)"
activist_insight,2026-05-10 01:35:21.070,2423762,dbo,stgCompensation_Annual,854.88,27.51,388.440093992407,8,0,8,2026-09-02 02:42:28.283,NULL,"[import_id], [PID], [Filing_id], [YEAR], [status]",NULL,NULL,"[import_id], [PID], [Filing_id], [YEAR], [status]","import_id, pid, filing_id, year, status",5,IX_stgCompensation_Annual_import_id_PID_Filing_id_YEAR_status,"CREATE NONCLUSTERED INDEX [IX_stgCompensation_Annual_import_id_PID_Filing_id_YEAR_status] ON [activist_insight].[dbo].[stgCompensation_Annual] ([import_id], [PID], [Filing_id], [YEAR], [status]); -- Enterprise/Developer: append WITH (ONLINE = ON, MAXDOP = 0)"
activist_insight,2026-05-10 01:35:21.070,2423751,dbo,stgCompensation_Annual,854.08,58.17,183.530077813432,8,0,8,2026-09-02 02:42:14.307,NULL,"[import_id], [Director_id]",[status],"[PID], [Individual_ID]","[import_id], [Director_id], [status]","import_id, director_id, status",3,IX_stgCompensation_Annual_import_id_Director_id_status,"CREATE NONCLUSTERED INDEX [IX_stgCompensation_Annual_import_id_Director_id_status] ON [activist_insight].[dbo].[stgCompensation_Annual] ([import_id], [Director_id], [status]) INCLUDE ([PID], [Individual_ID]); -- Enterprise/Developer: append WITH (ONLINE = ON, MAXDOP = 0)"
activist_insight,2026-05-10 01:35:21.070,2423716,dbo,stgCompensation_Annual,853.46,21.01,507.772770883763,8,0,12,2026-09-02 02:42:02.407,NULL,"[import_id], [PID]",NULL,[C_ID],"[import_id], [PID]","import_id, pid",2,IX_stgCompensation_Annual_import_id_PID,"CREATE NONCLUSTERED INDEX [IX_stgCompensation_Annual_import_id_PID] ON [activist_insight].[dbo].[stgCompensation_Annual] ([import_id], [PID]) INCLUDE ([C_ID]); -- Enterprise/Developer: append WITH (ONLINE = ON, MAXDOP = 0)"
activist_insight,2026-05-10 01:35:21.070,2423720,dbo,stgCompensation_Annual,842.36,18.47,570.084875062168,8,0,12,2026-09-02 02:42:30.540,NULL,[import_id],[status],[AMA Position],"[import_id], [status]","import_id, status",2,IX_stgCompensation_Annual_import_id_status,"CREATE NONCLUSTERED INDEX [IX_stgCompensation_Annual_import_id_status] ON [activist_insight].[dbo].[stgCompensation_Annual] ([import_id], [status]) INCLUDE ([AMA Position]); -- Enterprise/Developer: append WITH (ONLINE = ON, MAXDOP = 0)"
activist_insight,2026-05-10 01:35:21.070,2423783,dbo,stgCompensation_Annual,838.22,76.7,136.606160658828,8,0,8,2026-09-02 02:43:03.117,NULL,[import_id],"[Shareholder Ownership Total], [status]","[PID], [Director_id], [DirectorAppointment_id], [Filing_id]","[import_id], [Shareholder Ownership Total], [status]","import_id, shareholder ownership total, status",3,IX_stgCompensation_Annual_import_id_ShareholderOwnershipTotal_status,"CREATE NONCLUSTERED INDEX [IX_stgCompensation_Annual_import_id_ShareholderOwnershipTotal_status] ON [activist_insight].[dbo].[stgCompensation_Annual] ([import_id], [Shareholder Ownership Total], [status]) INCLUDE ([PID], [Director_id], [DirectorAppointment_id], [Filing_id]); -- Enterprise/Developer: append WITH (ONLINE = ON, MAXDOP = 0)"
activist_insight,2026-05-10 01:35:21.070,2423775,dbo,stgCompensation_Annual,836.53,59.92,174.508723638623,8,0,8,2026-09-02 02:42:45.113,NULL,"[import_id], [Actual/Estimate]",[status],"[Filing_id], [Fiscal Year end date], [share price], [SALARYcurr]","[import_id], [Actual/Estimate], [status]","import_id, actual/estimate, status",3,IX_stgCompensation_Annual_import_id_Actual/Estimate_status,"CREATE NONCLUSTERED INDEX [IX_stgCompensation_Annual_import_id_Actual/Estimate_status] ON [activist_insight].[dbo].[stgCompensation_Annual] ([import_id], [Actual/Estimate], [status]) INCLUDE ([Filing_id], [Fiscal Year end date], [share price], [SALARYcurr]); -- Enterprise/Developer: append WITH (ONLINE = ON, MAXDOP = 0)"
activist_insight,2026-05-10 01:35:21.070,2423859,dbo,stgCompensation_Policy,823.87,55.43,92.8955634079688,16,0,16,2026-09-02 02:45:08.413,NULL,"[import_id], [Filing_id], [status]",NULL,"[PID], [Year]","[import_id], [Filing_id], [status]","import_id, filing_id, status",3,IX_stgCompensation_Policy_import_id_Filing_id_status,"CREATE NONCLUSTERED INDEX [IX_stgCompensation_Policy_import_id_Filing_id_status] ON [activist_insight].[dbo].[stgCompensation_Policy] ([import_id], [Filing_id], [status]) INCLUDE ([PID], [Year]); -- Enterprise/Developer: append WITH (ONLINE = ON, MAXDOP = 0)"
activist_insight,2026-05-10 01:35:21.070,2423722,dbo,stgCompensation_Annual,792.37,90.15,109.867810844367,8,0,12,2026-09-02 02:42:32.553,NULL,"[import_id], [typeno_id]",[status],[error_msg],"[import_id], [typeno_id], [status]","import_id, typeno_id, status",3,IX_stgCompensation_Annual_import_id_typeno_id_status,"CREATE NONCLUSTERED INDEX [IX_stgCompensation_Annual_import_id_typeno_id_status] ON [activist_insight].[dbo].[stgCompensation_Annual] ([import_id], [typeno_id], [status]) INCLUDE ([error_msg]); -- Enterprise/Developer: append WITH (ONLINE = ON, MAXDOP = 0)"
activist_insight,2026-05-10 01:35:21.070,1517376,dbo,tblFeedStoredProc,661.52,66.05,0.163410712075459,6129,0,4,2026-09-02 09:00:31.753,NULL,[feed_id],NULL,NULL,[feed_id],feed_id,1,IX_tblFeedStoredProc_feed_id,"CREATE NONCLUSTERED INDEX [IX_tblFeedStoredProc_feed_id] ON [activist_insight].[dbo].[tblFeedStoredProc] ([feed_id]); -- Enterprise/Developer: append WITH (ONLINE = ON, MAXDOP = 0)"
activist_insight,2026-05-10 01:35:21.070,2423780,dbo,stgCompensation_Annual,632.28,22.42,352.517934926438,8,0,8,2026-09-02 02:42:54.333,NULL,[import_id],"[Shareholder Ownership Total], [status]","[DirectorAppointment_id], [Filing_id]","[import_id], [Shareholder Ownership Total], [status]","import_id, shareholder ownership total, status",3,IX_stgCompensation_Annual_import_id_ShareholderOwnershipTotal_status,"CREATE NONCLUSTERED INDEX [IX_stgCompensation_Annual_import_id_ShareholderOwnershipTotal_status] ON [activist_insight].[dbo].[stgCompensation_Annual] ([import_id], [Shareholder Ownership Total], [status]) INCLUDE ([DirectorAppointment_id], [Filing_id]); -- Enterprise/Developer: append WITH (ONLINE = ON, MAXDOP = 0)"
activist_insight,2026-05-10 01:35:21.070,2423767,dbo,stgCompensation_Annual,559.39,49.23,162.326642365608,7,0,7,2026-09-02 02:42:42.377,NULL,"[import_id], [DirectorAppointment_id]",[status],NULL,"[import_id], [DirectorAppointment_id], [status]","import_id, directorappointment_id, status",3,IX_stgCompensation_Annual_import_id_DirectorAppointment_id_status,"CREATE NONCLUSTERED INDEX [IX_stgCompensation_Annual_import_id_DirectorAppointment_id_status] ON [activist_insight].[dbo].[stgCompensation_Annual] ([import_id], [DirectorAppointment_id], [status]); -- Enterprise/Developer: append WITH (ONLINE = ON, MAXDOP = 0)"
activist_insight,2026-05-10 01:35:21.070,2423956,dbo,stgCompensation_Policy,557.10,37.64,134.552171261662,11,0,11,2026-09-02 02:45:06.470,NULL,"[import_id], [Director_id]",[status],NULL,"[import_id], [Director_id], [status]","import_id, director_id, status",3,IX_stgCompensation_Policy_import_id_Director_id_status,"CREATE NONCLUSTERED INDEX [IX_stgCompensation_Policy_import_id_Director_id_status] ON [activist_insight].[dbo].[stgCompensation_Policy] ([import_id], [Director_id], [status]); -- Enterprise/Developer: append WITH (ONLINE = ON, MAXDOP = 0)"
activist_insight,2026-05-10 01:35:21.070,2423816,dbo,stgCompensation_Outstanding,524.76,19.32,388.01869438098,7,0,9,2026-09-02 02:36:01.680,NULL,"[import_id], [Filing_id], [status]",NULL,"[PID], [YEAR]","[import_id], [Filing_id], [status]","import_id, filing_id, status",3,IX_stgCompensation_Outstanding_import_id_Filing_id_status,"CREATE NONCLUSTERED INDEX [IX_stgCompensation_Outstanding_import_id_Filing_id_status] ON [activist_insight].[dbo].[stgCompensation_Outstanding] ([import_id], [Filing_id], [status]) INCLUDE ([PID], [YEAR]); -- Enterprise/Developer: append WITH (ONLINE = ON, MAXDOP = 0)"
activist_insight,2026-05-10 01:35:21.070,2423894,dbo,stgCompensation_Annual,470.90,53.78,218.902547662754,4,0,4,2026-09-02 02:42:15.920,NULL,"[import_id], [Director_id], [Individual_ID]",NULL,"[status], [error_msg]","[import_id], [Director_id], [Individual_ID]","import_id, director_id, individual_id",3,IX_stgCompensation_Annual_import_id_Director_id_Individual_ID,"CREATE NONCLUSTERED INDEX [IX_stgCompensation_Annual_import_id_Director_id_Individual_ID] ON [activist_insight].[dbo].[stgCompensation_Annual] ([import_id], [Director_id], [Individual_ID]) INCLUDE ([status], [error_msg]); -- Enterprise/Developer: append WITH (ONLINE = ON, MAXDOP = 0)"
activist_insight,2026-05-10 01:35:21.070,2423805,dbo,stgCompensation_Planbased,465.66,83.03,70.1034903199803,8,0,8,2026-09-02 02:32:06.413,NULL,"[import_id], [Filing_id]",[status],"[PID], [YEAR]","[import_id], [Filing_id], [status]","import_id, filing_id, status",3,IX_stgCompensation_Planbased_import_id_Filing_id_status,"CREATE NONCLUSTERED INDEX [IX_stgCompensation_Planbased_import_id_Filing_id_status] ON [activist_insight].[dbo].[stgCompensation_Planbased] ([import_id], [Filing_id], [status]) INCLUDE ([PID], [YEAR]); -- Enterprise/Developer: append WITH (ONLINE = ON, MAXDOP = 0)"
activist_insight,2026-05-10 01:35:21.070,2423796,dbo,stgCompensation_Planbased,448.58,18.35,305.569719283489,8,0,11,2026-09-02 02:31:51.590,NULL,"[import_id], [Filing_id], [status]",NULL,"[PID], [YEAR]","[import_id], [Filing_id], [status]","import_id, filing_id, status",3,IX_stgCompensation_Planbased_import_id_Filing_id_status,"CREATE NONCLUSTERED INDEX [IX_stgCompensation_Planbased_import_id_Filing_id_status] ON [activist_insight].[dbo].[stgCompensation_Planbased] ([import_id], [Filing_id], [status]) INCLUDE ([PID], [YEAR]); -- Enterprise/Developer: append WITH (ONLINE = ON, MAXDOP = 0)"
activist_insight,2026-05-10 01:35:21.070,2428528,dbo,tblFundamental_SEC,393.56,18.3,0.191658412072443,11221,0,2,2026-09-02 09:00:31.087,NULL,[CIK_id],"[Start_date], [End_date]",[Value],"[CIK_id], [Start_date], [End_date]","cik_id, start_date, end_date",3,IX_tblFundamental_SEC_CIK_id_Start_date_End_date,"CREATE NONCLUSTERED INDEX [IX_tblFundamental_SEC_CIK_id_Start_date_End_date] ON [activist_insight].[dbo].[tblFundamental_SEC] ([CIK_id], [Start_date], [End_date]) INCLUDE ([Value]); -- Enterprise/Developer: append WITH (ONLINE = ON, MAXDOP = 0)"
activist_insight,2026-05-10 01:35:21.070,2424155,dbo,tblspRaw,393.38,98.95,99.3878404025377,4,0,6,2026-09-02 05:17:42.497,NULL,"[metric], [date], [processed]",NULL,"[float_value], [pid], [symbol]","[metric], [date], [processed]","metric, date, processed",3,IX_tblspRaw_metric_date_processed,"CREATE NONCLUSTERED INDEX [IX_tblspRaw_metric_date_processed] ON [activist_insight].[dbo].[tblspRaw] ([metric], [date], [processed]) INCLUDE ([float_value], [pid], [symbol]); -- Enterprise/Developer: append WITH (ONLINE = ON, MAXDOP = 0)"
activist_insight,2026-05-10 01:35:21.070,2423771,dbo,stgCompensation_Annual,383.84,97.55,98.3708189309674,4,0,4,2026-09-02 02:27:39.793,NULL,"[import_id], [Filing_id]",[status],NULL,"[import_id], [Filing_id], [status]","import_id, filing_id, status",3,IX_stgCompensation_Annual_import_id_Filing_id_status,"CREATE NONCLUSTERED INDEX [IX_stgCompensation_Annual_import_id_Filing_id_status] ON [activist_insight].[dbo].[stgCompensation_Annual] ([import_id], [Filing_id], [status]); -- Enterprise/Developer: append WITH (ONLINE = ON, MAXDOP = 0)"
activist_insight,2026-05-10 01:35:21.070,2475860,dbo,stgCompensation_Policy,126.00,24.72,169.899109780583,3,0,3,2026-09-02 02:45:18.137,NULL,[import_id],[status],[Filing_id],"[import_id], [status]","import_id, status",2,IX_stgCompensation_Policy_import_id_status,"CREATE NONCLUSTERED INDEX [IX_stgCompensation_Policy_import_id_status] ON [activist_insight].[dbo].[stgCompensation_Policy] ([import_id], [status]) INCLUDE ([Filing_id]); -- Enterprise/Developer: append WITH (ONLINE = ON, MAXDOP = 0)"
activist_insight,2026-05-10 01:35:21.070,2475666,dbo,stgCompensation_Annual,100.89,49.39,204.278872533757,1,0,2,2026-09-02 02:28:31.883,NULL,"[import_id], [Filing_id]",NULL,"[status], [error_msg]","[import_id], [Filing_id]","import_id, filing_id",2,IX_stgCompensation_Annual_import_id_Filing_id,"CREATE NONCLUSTERED INDEX [IX_stgCompensation_Annual_import_id_Filing_id] ON [activist_insight].[dbo].[stgCompensation_Annual] ([import_id], [Filing_id]) INCLUDE ([status], [error_msg]); -- Enterprise/Developer: append WITH (ONLINE = ON, MAXDOP = 0)"
activist_insight,2026-05-10 01:35:21.070,2475827,dbo,stgCompensation_Policy,100.54,20.55,244.617773455164,2,0,3,2026-09-02 02:45:02.997,NULL,"[import_id], [PID]",[status],[C_ID],"[import_id], [PID], [status]","import_id, pid, status",3,IX_stgCompensation_Policy_import_id_PID_status,"CREATE NONCLUSTERED INDEX [IX_stgCompensation_Policy_import_id_PID_status] ON [activist_insight].[dbo].[stgCompensation_Policy] ([import_id], [PID], [status]) INCLUDE ([C_ID]); -- Enterprise/Developer: append WITH (ONLINE = ON, MAXDOP = 0)"
activist_insight,2026-05-10 01:35:21.070,2475890,dbo,stgCompensation_Annual,99.99,15.62,640.162642941639,1,0,1,2026-09-02 02:42:54.010,NULL,"[import_id], [Actual/Estimate]",[status],"[Director_id], [DirectorAppointment_id], [Filing_id], [EXEC FULLNAME], [OPT EXER NUM], [OPT EXER VAL], [SHRS VEST NUM], [SHRS VEST VAL]","[import_id], [Actual/Estimate], [status]","import_id, actual/estimate, status",3,IX_stgCompensation_Annual_import_id_Actual/Estimate_status,"CREATE NONCLUSTERED INDEX [IX_stgCompensation_Annual_import_id_Actual/Estimate_status] ON [activist_insight].[dbo].[stgCompensation_Annual] ([import_id], [Actual/Estimate], [status]) INCLUDE ([Director_id], [DirectorAppointment_id], [Filing_id], [EXEC FULLNAME], [OPT EXER NUM], [OPT EXER VAL], [SHRS VEST NUM], [SHRS VEST VAL]); -- Enterprise/Developer: append WITH (ONLINE = ON, MAXDOP = 0)"
activist_insight,2026-05-10 01:35:21.070,2475839,dbo,stgCompensation_Policy,99.87,16.96,294.421343128754,2,0,3,2026-09-02 02:45:10.637,NULL,[import_id],[status],[AMA Position],"[import_id], [status]","import_id, status",2,IX_stgCompensation_Policy_import_id_status,"CREATE NONCLUSTERED INDEX [IX_stgCompensation_Policy_import_id_status] ON [activist_insight].[dbo].[stgCompensation_Policy] ([import_id], [status]) INCLUDE ([AMA Position]); -- Enterprise/Developer: append WITH (ONLINE = ON, MAXDOP = 0)"
activist_insight,2026-05-10 01:35:21.070,2475841,dbo,stgCompensation_Policy,94.65,90.74,52.1540083256673,2,0,3,2026-09-02 02:45:12.113,NULL,"[import_id], [typeno_id]",[status],[error_msg],"[import_id], [typeno_id], [status]","import_id, typeno_id, status",3,IX_stgCompensation_Policy_import_id_typeno_id_status,"CREATE NONCLUSTERED INDEX [IX_stgCompensation_Policy_import_id_typeno_id_status] ON [activist_insight].[dbo].[stgCompensation_Policy] ([import_id], [typeno_id], [status]) INCLUDE ([error_msg]); -- Enterprise/Developer: append WITH (ONLINE = ON, MAXDOP = 0)"
activist_insight,2026-05-10 01:35:21.070,2475819,dbo,stgCompensation_Outstanding,85.80,49.6,172.983894620485,1,0,1,2026-09-02 02:36:26.033,NULL,"[import_id], [DirectorAppointment_id]",[status],NULL,"[import_id], [DirectorAppointment_id], [status]","import_id, directorappointment_id, status",3,IX_stgCompensation_Outstanding_import_id_DirectorAppointment_id_status,"CREATE NONCLUSTERED INDEX [IX_stgCompensation_Outstanding_import_id_DirectorAppointment_id_status] ON [activist_insight].[dbo].[stgCompensation_Outstanding] ([import_id], [DirectorAppointment_id], [status]); -- Enterprise/Developer: append WITH (ONLINE = ON, MAXDOP = 0)"
activist_insight,2026-05-10 01:35:21.070,2475821,dbo,stgCompensation_Outstanding,83.97,87.12,96.3891860856959,1,0,1,2026-09-02 02:36:26.703,NULL,"[import_id], [Filing_id]",[status],[error_msg],"[import_id], [Filing_id], [status]","import_id, filing_id, status",3,IX_stgCompensation_Outstanding_import_id_Filing_id_status,"CREATE NONCLUSTERED INDEX [IX_stgCompensation_Outstanding_import_id_Filing_id_status] ON [activist_insight].[dbo].[stgCompensation_Outstanding] ([import_id], [Filing_id], [status]) INCLUDE ([error_msg]); -- Enterprise/Developer: append WITH (ONLINE = ON, MAXDOP = 0)"
activist_insight,2026-05-10 01:35:21.070,2475810,dbo,stgCompensation_Outstanding,83.79,10.13,827.142358719809,1,0,1,2026-09-02 02:36:01.680,NULL,"[import_id], [PID], [Filing_id], [YEAR], [status]",NULL,NULL,"[import_id], [PID], [Filing_id], [YEAR], [status]","import_id, pid, filing_id, year, status",5,IX_stgCompensation_Outstanding_import_id_PID_Filing_id_YEAR_status,"CREATE NONCLUSTERED INDEX [IX_stgCompensation_Outstanding_import_id_PID_Filing_id_YEAR_status] ON [activist_insight].[dbo].[stgCompensation_Outstanding] ([import_id], [PID], [Filing_id], [YEAR], [status]); -- Enterprise/Developer: append WITH (ONLINE = ON, MAXDOP = 0)"
activist_insight,2026-05-10 01:35:21.070,2475338,dbo,tDHS_ScraperRun,83.00,98.45,0.249430542555336,338,0,171,2026-09-02 03:01:01.360,NULL,"[datasource_id], [code], [customer_id]",[schedule_type],NULL,"[datasource_id], [code], [customer_id], [schedule_type]","datasource_id, code, customer_id, schedule_type",4,IX_tDHS_ScraperRun_datasource_id_code_customer_id_schedule_type,"CREATE NONCLUSTERED INDEX [IX_tDHS_ScraperRun_datasource_id_code_customer_id_schedule_type] ON [activist_insight].[dbo].[tDHS_ScraperRun] ([datasource_id], [code], [customer_id], [schedule_type]); -- Enterprise/Developer: append WITH (ONLINE = ON, MAXDOP = 0)"
activist_insight,2026-05-10 01:35:21.070,2481815,dbo,tblFiling_agm_data,2.93,12.04,12.1556177622744,2,0,1,2026-09-02 09:00:18.930,NULL,[type],[proxy_access_deadline],"[scraped_filing_id], [AGM_date]","[type], [proxy_access_deadline]","type, proxy_access_deadline",2,IX_tblFiling_agm_data_type_proxy_access_deadline,"CREATE NONCLUSTERED INDEX [IX_tblFiling_agm_data_type_proxy_access_deadline] ON [activist_insight].[dbo].[tblFiling_agm_data] ([type], [proxy_access_deadline]) INCLUDE ([scraped_filing_id], [AGM_date]); -- Enterprise/Developer: append WITH (ONLINE = ON, MAXDOP = 0)"
activist_insight,2026-05-10 01:35:21.070,2479094,dbo,tblIntermediary_Link,2.71,45.78,0.147997421996952,40,0,6,2026-09-02 08:25:52.863,NULL,[intermediary_id],NULL,NULL,[intermediary_id],intermediary_id,1,IX_tblIntermediary_Link_intermediary_id,"CREATE NONCLUSTERED INDEX [IX_tblIntermediary_Link_intermediary_id] ON [activist_insight].[dbo].[tblIntermediary_Link] ([intermediary_id]); -- Enterprise/Developer: append WITH (ONLINE = ON, MAXDOP = 0)"
activist_insight,2026-05-10 01:35:21.070,2478338,dbo,tblcampaign_proposal_id_link,1.81,80.89,0.0973442018943169,23,0,2,2026-09-02 08:21:42.100,NULL,"[campaign_id], [proposal_id]",NULL,NULL,"[campaign_id], [proposal_id]","campaign_id, proposal_id",2,IX_tblcampaign_proposal_id_link_campaign_id_proposal_id,"CREATE NONCLUSTERED INDEX [IX_tblcampaign_proposal_id_link_campaign_id_proposal_id] ON [activist_insight].[dbo].[tblcampaign_proposal_id_link] ([campaign_id], [proposal_id]); -- Enterprise/Developer: append WITH (ONLINE = ON, MAXDOP = 0)"
activist_insight,2026-05-10 01:35:21.070,2478340,dbo,tblcampaign_proposal_id_link,1.58,70.42,0.0973442018943169,23,0,2,2026-09-02 08:21:42.100,NULL,[campaign_id],NULL,NULL,[campaign_id],campaign_id,1,IX_tblcampaign_proposal_id_link_campaign_id,"CREATE NONCLUSTERED INDEX [IX_tblcampaign_proposal_id_link_campaign_id] ON [activist_insight].[dbo].[tblcampaign_proposal_id_link] ([campaign_id]); -- Enterprise/Developer: append WITH (ONLINE = ON, MAXDOP = 0)"
activist_insight,2026-05-10 01:35:21.070,2479092,dbo,tblIntermediary_Link,1.29,92.59,0.231516386546659,6,0,1,2026-09-02 08:21:55.957,NULL,"[activist_id], [company_id]",NULL,NULL,"[activist_id], [company_id]","activist_id, company_id",2,IX_tblIntermediary_Link_activist_id_company_id,"CREATE NONCLUSTERED INDEX [IX_tblIntermediary_Link_activist_id_company_id] ON [activist_insight].[dbo].[tblIntermediary_Link] ([activist_id], [company_id]); -- Enterprise/Developer: append WITH (ONLINE = ON, MAXDOP = 0)"
activist_insight,2026-05-10 01:35:21.070,2476378,dbo,tblv3a_alert_suboption_link,0.87,11.76,0.567691415295294,13,0,4,2026-09-02 08:57:16.620,NULL,"[alert_suboption_id], [value]",NULL,[alert_option_link_id],"[alert_suboption_id], [value]","alert_suboption_id, value",2,IX_tblv3a_alert_suboption_link_alert_suboption_id_value,"CREATE NONCLUSTERED INDEX [IX_tblv3a_alert_suboption_link_alert_suboption_id_value] ON [activist_insight].[dbo].[tblv3a_alert_suboption_link] ([alert_suboption_id], [value]) INCLUDE ([alert_option_link_id]); -- Enterprise/Developer: append WITH (ONLINE = ON, MAXDOP = 0)"
activist_insight,2026-05-10 01:35:21.070,2479125,dbo,tblcampaign_gbr,0.75,94.86,0.397621503342016,2,0,1,2026-09-02 08:22:06.890,NULL,[campaign_summary_id],NULL,NULL,[campaign_summary_id],campaign_summary_id,1,IX_tblcampaign_gbr_campaign_summary_id,"CREATE NONCLUSTERED INDEX [IX_tblcampaign_gbr_campaign_summary_id] ON [activist_insight].[dbo].[tblcampaign_gbr] ([campaign_summary_id]); -- Enterprise/Developer: append WITH (ONLINE = ON, MAXDOP = 0)"
activist_insight,2026-05-10 01:35:21.070,2480494,dbo,tblAiOFeed_holding_id,0.74,93.46,0.262388087182075,3,0,1,2026-09-02 08:37:52.907,NULL,[holding_id],NULL,NULL,[holding_id],holding_id,1,IX_tblAiOFeed_holding_id_holding_id,"CREATE NONCLUSTERED INDEX [IX_tblAiOFeed_holding_id_holding_id] ON [activist_insight].[dbo].[tblAiOFeed_holding_id] ([holding_id]); -- Enterprise/Developer: append WITH (ONLINE = ON, MAXDOP = 0)"
activist_insight,2026-05-10 01:35:21.070,2480376,dbo,tblOffers,0.17,65.44,0.253474233668669,1,0,1,2026-09-02 08:21:42.070,NULL,[offer_id],NULL,[is_final],[offer_id],offer_id,1,IX_tblOffers_offer_id,"CREATE NONCLUSTERED INDEX [IX_tblOffers_offer_id] ON [activist_insight].[dbo].[tblOffers] ([offer_id]) INCLUDE ([is_final]); -- Enterprise/Developer: append WITH (ONLINE = ON, MAXDOP = 0)"
activist_insight,2026-05-10 01:35:21.070,2476410,dbo,tblFiling_agm_data,0.14,68.93,0.0219790278329529,9,0,1,2026-09-02 08:28:38.330,NULL,[pid],NULL,NULL,[pid],pid,1,IX_tblFiling_agm_data_pid,"CREATE NONCLUSTERED INDEX [IX_tblFiling_agm_data_pid] ON [activist_insight].[dbo].[tblFiling_agm_data] ([pid]); -- Enterprise/Developer: append WITH (ONLINE = ON, MAXDOP = 0)"
activist_insight,2026-05-10 01:35:21.070,2480380,dbo,tblCampaign_MandA,0.05,18.62,0.253474233668669,1,0,1,2026-09-02 08:21:42.070,NULL,[campaign_summary_id],NULL,NULL,[campaign_summary_id],campaign_summary_id,1,IX_tblCampaign_MandA_campaign_summary_id,"CREATE NONCLUSTERED INDEX [IX_tblCampaign_MandA_campaign_summary_id] ON [activist_insight].[dbo].[tblCampaign_MandA] ([campaign_summary_id]); -- Enterprise/Developer: append WITH (ONLINE = ON, MAXDOP = 0)"
activist_insight,2026-05-10 01:35:21.070,2480378,dbo,tblCampaign_MandA,0.05,18.62,0.253474233668669,1,0,1,2026-09-02 08:21:42.070,NULL,[campaign_summary_id],NULL,"[demand_date_url], [act_conditions], [act_conditions_url], [outcome_date_url], [outcome_url], [proxy_solicitation_url], [act_letter_url], [notes], [push_to_aquire_comp]",[campaign_summary_id],campaign_summary_id,1,IX_tblCampaign_MandA_campaign_summary_id,"CREATE NONCLUSTERED INDEX [IX_tblCampaign_MandA_campaign_summary_id] ON [activist_insight].[dbo].[tblCampaign_MandA] ([campaign_summary_id]) INCLUDE ([demand_date_url], [act_conditions], [act_conditions_url], [outcome_date_url], [outcome_url], [proxy_solicitation_url], [act_letter_url], [notes], [push_to_aquire_comp]); -- Enterprise/Developer: append WITH (ONLINE = ON, MAXDOP = 0)"
